pl_name,spec_type,authors,reference_url,num_datapoints,instrument,facility,minwavelng,maxwavelng,mintranmid,maxtranmid,note,bibcode,spec_path
Kepler-20 c,Transmission,D&eacute;sert et al. 2015,,1,Infrared Array Camera (IRAC),Spitzer Space Telescope satellite,4.5,4.5,,,,2015ApJ...804...59D,56/12/36/06/Kepler_20_c_3.101_3665_1.tbl
55 Cnc e,Transmission,de Mooij et al. 2014,,8,ALFOSC,Nordic Optical Telescope,0.4735,0.656,,,,2014ApJ...797L..21D,78/51/78/87/55_Cnc_e_3.10924_3673_1.tbl
55 Cnc e,Transmission,Tsiaras et al. 2016,,25,Wide Field Camera 3,Hubble Space Telescope satellite,1.132,1.6376,,,,2016ApJ...820...99T,18/43/09/97/55_Cnc_e_3.10924_3750_1.tbl
CoRoT-1 b,Eclipse,Gillon et al. 2009,,1,High Acuity Wide-field K-band Imager (HAWK-I),European Southern Observatory (ESO) 8.2m Very Large Telescope (VLT) Yepun at Paranal Observatory,2.095,2.095,,,Table 1,2009A&A...506..359G,52/88/66/83/CoRoT_1_b_3.10951_2058_1.tbl
CoRoT-1 b,Transmission,Schlawin et al. 2014,,10,SpeX and MORIS,Infrared Telescope Facility,0.86,2.312,,,,2014ApJ...783....5S,30/21/22/41/CoRoT_1_b_3.10951_3421_1.tbl
CoRoT-2 b,Eclipse,Gillon et al. 2010,,2,Infrared Array Camera (IRAC),Spitzer Space Telescope satellite,4.5,8.0,,,Table 1,2010A&A...511A...3G,66/17/12/99/CoRoT_2_b_3.10954_3283_1.tbl
CoRoT-2 b,Eclipse,Deming et al. 2011,,3,Infrared Array Camera (IRAC),Spitzer Space Telescope satellite,3.6,8.0,,,Table 1,2011ApJ...726...95D,28/54/10/44/CoRoT_2_b_3.10954_4094_1.tbl
GJ 1214 b,Transmission,Gillon et al. 2014,,1,TRAPPISTCam,European Southern Observatory (ESO) 0.6m TRAnsiting Planets and PlanetesImals Small Telescope (TRAPPIST) at La Silla Observatory,0.838,0.838,,,,2014A&A...563A..21G,26/12/47/25/GJ_1214_b_3.10969_3420_2.tbl
GJ 1214 b,Transmission,Berta et al. 2012,,24,WFC3,Hubble Space Telescope satellite,1.123,1.656,,,,2012ApJ...747...35B,59/51/90/62/GJ_1214_b_3.10969_3608_1.tbl
GJ 1214 b,Transmission,de Mooij et al. 2012,,4,GROND,Max Planck Gesellschaft 2.2 meter Telescope at European Southern Observatory,0.46,0.9,2455380.59013,2455380.59049,,2012A&A...538A..46D,99/48/40/82/GJ_1214_b_3.10969_3663_1.tbl
GJ 1214 b,Transmission,de Mooij et al. 2013,,1,WFC,Isaac Newton Group's Isaac Newton Telescope,0.4962,0.4962,,,,2013ApJ...771..109D,09/67/50/85/GJ_1214_b_3.10969_3698_1.tbl
GJ 1214 b,Transmission,de Mooij et al. 2013,,1,ACAM,Isaac Newton Group (ING) 4.2m William Herschel Telescope (WHT) at Observatorio del Roque de los Muchachos,0.4996,0.4996,,,,2013ApJ...771..109D,08/04/20/19/GJ_1214_b_3.10969_3698_3.tbl
GJ 1214 b,Eclipse,Kempton et al. 2023,,14,Mid-Infrared Instrument (MIRI) - LRS,NASA 6.5m James Webb Space Telescope (JWST) Satellite Mission,5.25,11.75,,,,2023Natur.620...67K,33/68/66/96/GJ_1214_b_3.10969_5145_1.tbl
GJ 436 b,Eclipse,Stevenson et al. 2010,,5,Infrared Array Camera (IRAC),Spitzer Space Telescope satellite,3.6,24.0,,,Table 1,2010Natur.464.1161S,32/89/47/63/GJ_436_b_3.10974_4090_1.tbl
HAT-P-12 b,Transmission,Mallonn et al. 2015,,2,Multiple Instruments,Multiple Observatories,0.4754,0.6204,,,,2015A&A...583A.138M,29/51/81/37/HAT_P_12_b_3.10993_3675_2.tbl
HAT-P-12 b,Transmission,Mallonn et al. 2015,,1,AFOSC,Asiago Observatory's Copernico Telescope,0.6476,0.6476,,,,2015A&A...583A.138M,39/56/47/84/HAT_P_12_b_3.10993_3675_4.tbl
HAT-P-12 b,Transmission,Sing et al. 2016,,17,Space Telescope Imaging Spectrograph,Hubble Space Telescope satellite,0.38,0.965,,,,2016Natur.529...59S,29/92/34/25/HAT_P_12_b_3.10993_3717_2.tbl
HAT-P-12 b,Transmission,Yan et al. 2020,,13,MODS2,Large Binocular Telescope Observatory,0.395,0.7367,,,,2020A&A...642A..98Y,80/98/57/57/HAT_P_12_b_3.10993_4708_1.tbl
HAT-P-14 b,Transmission,Fukui et al. 2016,,1,RISE,Liverpool 2 meter telesope at Observatorio del Roque de los Muchachos,0.616,0.616,,,,2016ApJ...819...27F,12/47/61/16/HAT_P_14_b_3.10996_3790_2.tbl
HAT-P-18 b,Transmission,Fu et al. 2022,,1021,Near Infrared Imager and Slitless Spectrograph (NIRISS),NASA 6.5m James Webb Space Telescope (JWST) Satellite Mission,0.6078,2.8266,2459743.853395,2459743.853395,,2022ApJ...940L..35F,19/19/99/05/HAT_P_18_b_3.11001_5041_1.tbl
HAT-P-1 b,Transmission,Wilson et al. 2015,,6,OSIRIS,Gran Telescopio CANARIAS 10.4m telescope,0.6792,0.8844,2455127.515,2456623.387,,2015MNRAS.450..192W,63/32/53/52/HAT_P_1_b_3.11003_3664_1.tbl
HAT-P-1 b,Transmission,Sing et al. 2016,,2,Infrared Array Camera (IRAC),Spitzer Space Telescope satellite,3.56,4.5,,,,2016Natur.529...59S,16/66/83/08/HAT_P_1_b_3.11003_3717_1.tbl
HAT-P-1 b,Transmission,Sing et al. 2016,,23,Space Telescope Imaging Spectrograph,Hubble Space Telescope satellite,0.3625,0.9643,,,,2016Natur.529...59S,82/26/70/42/HAT_P_1_b_3.11003_3717_3.tbl
HAT-P-23 b,Transmission,Ciceri et al. 2015,,4,BUSCA,Calar Alto Observatory's 2.2 meter Telescope,0.3585,0.9222,,,,2015A&A...577A..54C,88/81/29/87/HAT_P_23_b_3.11007_3531_1.tbl
HAT-P-26 b,Transmission,Wakeford et al. 2017,,7,Space Telescope Imaging Spectrograph,Hubble Space Telescope satellite,0.56,0.957,,,,2017Sci...356..628W,01/81/89/43/HAT_P_26_b_3.11010_4163_1.tbl
HAT-P-32 b,Eclipse,Zhao et al. 2014,,2,Infrared Array Camera (IRAC),Spitzer Space Telescope satellite,3.6,4.5,,,Table 2,2014ApJ...796..115Z,27/28/23/68/HAT_P_32_b_3.11017_3465_1.tbl
HAT-P-32 b,Transmission,Mallonn &amp; Strassmeier 2016,,2,MODS1,Large Binocular Telescope Observatory,0.4475,0.7825,2456245.80334,2456245.80349,,2016A&A...590A.100M,37/83/36/55/HAT_P_32_b_3.11017_3791_1.tbl
HAT-P-32 b,Transmission,Mallonn et al. 2016,,1,KeplerCam,Fred Lawrence Whipple Observatory's 1.2 meter Telescope,0.9222,0.9222,,,,2016MNRAS.463..604M,89/54/96/76/HAT_P_32_b_3.11017_3937_2.tbl
HAT-P-32 b,Eclipse,Nikolov et al. 2018,,14,Wide Field Camera 3,Hubble Space Telescope satellite,1.142,1.625,,,Table 2,2018MNRAS.474.1705N,62/15/92/44/HAT_P_32_b_3.11017_4196_1.tbl
HAT-P-3 b,Transmission,Ricci et al. 2017,,1,SBIG STL-1301E,University of Monterrey (UDEM) 0.36m telescope at Observatorio de la Universidad de Monterrey,0.7886,0.7886,,,,2017PASP..129f4401R,32/02/92/72/HAT_P_3_b_3.11023_3991_4.tbl
HAT-P-6 b,Eclipse,Todorov et al. 2012,,2,Infrared Array Camera (IRAC),Spitzer Space Telescope satellite,3.6,4.5,,,"Table 4 (eclip depth), Table 5 (bright temp)",2012ApJ...746..111T,23/57/16/69/HAT_P_6_b_3.11026_3155_1.tbl
HD 149026 b,Eclipse,Stevenson et al. 2012,,5,Infrared Array Camera (IRAC),Spitzer Space Telescope satellite,3.6,16.0,,,eclipse depth taken from Abstract,2012ApJ...754..136S,78/32/46/03/HD_149026_b_3.11121_4105_1.tbl
HD 189733 b,Eclipse,Agol et al. 2010,,1,Infrared Array Camera (IRAC),Spitzer Space Telescope satellite,8.0,8.0,,,Table 4,2010ApJ...721.1861A,10/36/22/01/HD_189733_b_3.11185_3195_1.tbl
HD 189733 b,Transmission,Pont et al. 2013,,4,Wide Field Camera 3,Hubble Space Telescope satellite,1.105,1.607,2455443.5237,2455510.0983,,2013MNRAS.432.2917P,10/17/63/62/HD_189733_b_3.11185_3590_2.tbl
HD 189733 b,Transmission,Pont et al. 2013,,7,Infrared Array Camera (IRAC),Spitzer Space Telescope satellite,3.6,7.85,2454039.22278,2455559.55455,,2013MNRAS.432.2917P,99/83/01/43/HD_189733_b_3.11185_3590_5.tbl
HD 189733 b,Transmission,Gibson et al. 2012,,4,Wide Field Camera 3,Hubble Space Telescope satellite,1.105,1.607,,,,2012MNRAS.422..753G,72/35/74/98/HD_189733_b_3.11185_3592_1.tbl
HD 189733 b,Transmission,Wyttenbach et al. 2015,,1,HARPS Echelle Spectrograph,European Southern Observatory's 3.6 meter Telescope,0.5893,0.5893,,,,2015A&A...577A..62W,56/86/07/03/HD_189733_b_3.11185_3596_1.tbl
HD 189733 b,Transmission,Sing et al. 2016,,29,Wide Field Camera 3,Hubble Space Telescope satellite,1.1279,1.635,,,,2016Natur.529...59S,36/42/52/56/HD_189733_b_3.11185_3717_3.tbl
HD 189733 b,Transmission,Borsa et al. 2016,,7,HARPS Echelle Spectrograph,European Southern Observatory's 3.6 meter Telescope,0.41,0.675,2453988.80339,2453988.80339,,2016A&A...590A..84B,43/61/26/55/HD_189733_b_3.11185_3856_1.tbl
HD 189733 b,Eclipse,Deming et al. 2006,,1,Infrared Spectrograph (IRS),Spitzer Space Telescope satellite,16.0,16.0,,,eclipse depth taken from Abstract,2006ApJ...644..560D,04/68/93/72/HD_189733_b_3.11185_4072_1.tbl
HD 189733 b,Eclipse,Charbonneau et al. 2008,,1,Infrared Spectrograph (IRS),Spitzer Space Telescope satellite,16.0,16.0,,,Table 1,2008ApJ...686.1341C,80/37/79/52/HD_189733_b_3.11185_4076_2.tbl
HD 189733 b,Eclipse,Knutson et al. 2009,,1,Multiband Imaging Photometer (MIPS),Spitzer Space Telescope satellite,24.0,24.0,,,Table 1,2009ApJ...690..822K,36/20/91/63/HD_189733_b_3.11185_4077_1.tbl
HD 209458 b,Eclipse,Evans et al. 2015,,1,Infrared Array Camera (IRAC),Spitzer Space Telescope satellite,5.8,5.8,,,"Table 4, 2005 Nov 28",2015MNRAS.451..680E,03/21/68/79/HD_209458_b_3.11218_3627_1.tbl
HD 209458 b,Eclipse,Evans et al. 2015,,1,Infrared Array Camera (IRAC),Spitzer Space Telescope satellite,3.6,3.6,,,"Table 4, 2014 Feb 17",2015MNRAS.451..680E,81/32/55/76/HD_209458_b_3.11218_3627_4.tbl
HD 209458 b,Transmission,Deming et al. 2013,,28,Wide Field Camera 3,Hubble Space Telescope satellite,1.119,1.628,2456196.28934,2456196.28934,,2013ApJ...774...95D,65/02/42/98/HD_209458_b_3.11218_3649_1.tbl
HD 209458 b,Transmission,Sing et al. 2016,,29,Wide Field Camera 3,Hubble Space Telescope satellite,1.1217,1.6391,,,,2016Natur.529...59S,77/83/37/95/HD_209458_b_3.11218_3717_2.tbl
HD 209458 b,Eclipse,Diamond-Lowe et al. 2014,,4,Infrared Array Camera (IRAC),Spitzer Space Telescope satellite,3.6,8.0,,,eclipse depth taken from Abstract,2014ApJ...796...66D,98/74/27/28/HD_209458_b_3.11218_4115_1.tbl
Qatar-1 b,Transmission,von Essen et al. 2017,,12,GMOS,Association of Universities for Research in Astronomy (AURA) 8.1m Frederick C. Gillett Gemini North Telescope at Mauna Kea Observatory,0.53,0.704,,,,2017A&A...603A..20V,35/34/28/92/Qatar_1_b_3.11424_4004_1.tbl
TrES-1 b,Eclipse,Charbonneau et al. 2005,,2,Infrared Array Camera (IRAC),Spitzer Space Telescope satellite,4.5,8.0,,,"Bright. temp from text, Section 4, 2nd para.",2005ApJ...626..523C,90/60/12/20/TrES_1_b_3.11430_4071_1.tbl
TrES-3 b,Transmission,Ricci et al. 2017,,3,SBIG STL-1301E,University of Monterrey (UDEM) 0.36m telescope at Observatorio de la Universidad de Monterrey,0.5537,0.7886,,,,2017PASP..129f4401R,67/93/85/11/TrES_3_b_3.11431_3991_3.tbl
TrES-3 b,Eclipse,Croll et al. 2010,,1,Wide-field Infrared Camera (WIRCam),3.58m Canada-France-Hawaii Telescope (CFHT) at Mauna Kea Observatory,2.146,2.146,,,"Table 1, MCMC Ks-band Solution",2010ApJ...718..920C,30/14/31/46/TrES_3_b_3.11431_4088_1.tbl
WASP-10 b,Eclipse,Cruz et al. 2015,,1,OMEGA2000,Max Planck Institute for Astronomy and Institute of Astrophysics of Andalusia (CSIC) 3.5m Telescope at Calar Alto Observatory,2.159,2.159,,,eclipse depth taken from Abstract,2015A&A...574A.103C,53/99/12/80/WASP_10_b_3.11439_4117_1.tbl
WASP-12 b,Transmission,Sing et al. 2013,,2,Infrared Array Camera (IRAC),Spitzer Space Telescope satellite,3.6,4.5,2454508.977005,2454508.977005,,2013MNRAS.436.2956S,87/67/17/08/WASP_12_b_3.11441_3402_1.tbl
WASP-12 b,Transmission,Stevenson et al. 2014,,29,Wide Field Camera 3,Hubble Space Telescope satellite,0.728,1.625,,,,2014AJ....147..161S,49/38/33/73/WASP_12_b_3.11441_3579_1.tbl
WASP-12 b,Eclipse,Stevenson et al. 2014,,11,Wide Field Camera 3,Hubble Space Telescope satellite,1.13,1.63,2455666.5,2455666.5,from Table 3; G141 grism,2014ApJ...791...36S,83/94/45/90/WASP_12_b_3.11441_3580_2.tbl
WASP-12 b,Eclipse,L&oacute;pez-Morales et al. 2010,,1,Seaver Prototype Imaging camera (SPICam),Astrophysical Research Consortium (ARC) 3.5m Telescope At Apache Point Observatory (APO),0.9,0.9,,,"text, Section 3, 2nd paragraph",2010ApJ...716L..36L,49/91/83/58/WASP_12_b_3.11441_4087_1.tbl
WASP-12 b,Eclipse,Croll et al. 2015,,1,WIRCam,3.58m Canada-France-Hawaii Telescope (CFHT) at Mauna Kea Observatory,1.04,1.04,,,"Table 5, WASP-12 Y band, Actual Eclipse Depth",2015ApJ...802...28C,55/29/73/50/WASP_12_b_3.11441_4119_1.tbl
WASP-17 b,Transmission,Bento et al. 2014,,3,ULTRACAM,New Technology Telescope,0.365,0.658,2454558.68535,2454558.68535,,2014MNRAS.437.1511B,16/61/76/33/WASP_17_b_3.11446_3416_1.tbl
WASP-18 b,Eclipse,Nymeyer et al. 2010,,4,Infrared Array Camera (IRAC),Spitzer Space Telescope satellite,3.6,8.0,,,Table 2,2011ApJ...742...35N,80/87/43/31/WASP_18_b_3.11447_2092_1.tbl
WASP-18 b,Eclipse,Arcangeli et al. 2018,,4,Infrared Array Camera (IRAC),Spitzer Space Telescope satellite,3.6,8.0,,,Table 1,2018ApJ...855L..30A,96/04/40/40/WASP_18_b_3.11447_4180_2.tbl
WASP-18 b,Eclipse,Sheppard et al. 2017,,4,Infrared Array Camera (IRAC),Spitzer Space Telescope satellite,3.6,8.0,,,Table 1,2017ApJ...850L..32S,62/81/47/23/WASP_18_b_3.11447_4181_2.tbl
WASP-18 b,Eclipse,Coulombe et al. 2023,,408,Near Infrared Imager and Slitless Spectrograph (NIRISS),NASA 6.5m James Webb Space Telescope (JWST) Satellite Mission,0.8744,2.8412,,,transitspectroscopy pipeline,2023Natur.620..292C,78/74/21/77/WASP_18_b_3.11447_5159_4.tbl
WASP-19 b,Transmission,Mancini et al. 2013,,4,GROND,Max Planck Gesellschaft 2.2 meter Telescope at European Southern Observatory,0.4858,0.9222,,,,2013MNRAS.436....2M,73/37/34/13/WASP_19_b_3.11448_3334_1.tbl
WASP-19 b,Transmission,Mancini et al. 2013,,1,,0.3-m Perth Exoplanet Survey Telescope,0.6469,0.6469,,,,2013MNRAS.436....2M,69/06/03/79/WASP_19_b_3.11448_3334_3.tbl
WASP-19 b,Transmission,Zhou et al. 2013,,1,Merope 2Kx2K,Las Cumbres Observatory Global Telescope Network (LCOGTN) 2m Faulkes Telescope South at Siding Spring Observatory (SSO),0.866,0.866,2456291.059028,2456291.059028,,2013ApJ...774..118Z,45/42/66/53/WASP_19_b_3.11448_3426_2.tbl
WASP-19 b,Transmission,Bean et al. 2013,,9,MMIRS,Carnegie Institution for Science (CIS) 6.5m Landon Clay Telescope at Las Campanas Observatory (LCO),1.29,2.3,,,,2013ApJ...771..108B,44/11/06/65/WASP_19_b_3.11448_3586_1.tbl
WASP-19 b,Transmission,Lendl et al. 2013,,3,EulerCam,The Swiss Euler 1.2m Telescope,0.664,0.9124,,,,2013A&A...552A...2L,27/03/43/82/WASP_19_b_3.11448_3662_1.tbl
WASP-19 b,Eclipse,Zhou et al. 2014,,1,IRIS2,Australian National University (ANU) 3.9m Anglo-Australian Telescope (AAT) at Siding Spring Observatory (SSO),2.144,2.144,,,Table 3,2014MNRAS.445.2746Z,75/89/19/05/WASP_19_b_3.11448_4116_1.tbl
WASP-21 b,Transmission,Chen et al. 2020,,37,OSIRIS,Gran Telescopio CANARIAS 10.4m telescope,0.529,0.903,,,,2020A&A...642A..54C,17/28/62/00/WASP_21_b_3.11450_4694_1.tbl
WASP-31 b,Transmission,Sing et al. 2015,,36,Space Telescope Imaging Spectrograph,Hubble Space Telescope satellite,0.33,0.9642,,,,2015MNRAS.446.2428S,79/51/26/52/WASP_31_b_3.11458_3639_2.tbl
WASP-31 b,Transmission,Sing et al. 2015,,25,Wide Field Camera 3,Hubble Space Telescope satellite,1.144,1.624,,,,2015MNRAS.446.2428S,77/94/18/58/WASP_31_b_3.11458_3639_3.tbl
WASP-33 b,Eclipse,Deming et al. 2012,,1,FLAMINGOS imager,National Optical Astronomy Observatory (NOAO) 2.1 meter Telescope at Kitt Peak National Observatory (KPNO),2.15,2.15,,,Table 3,2012ApJ...754..106D,07/22/48/31/WASP_33_b_3.11460_4104_1.tbl
WASP-33 b,Eclipse,von Essen et al. 2015,,1,Large Binocular Camera,LBT Consortium Large Binocular Telescope (LBT) at Mount Graham International Observatory,1.05,1.05,,,eclipse depth taken from Abstract,2015A&A...584A..75V,29/83/97/72/WASP_33_b_3.11460_4118_1.tbl
WASP-39 b,Transmission,Fischer et al. 2016,,33,Space Telescope Imaging Spectrograph,Hubble Space Telescope satellite,0.33,0.96,,,,2016ApJ...827...19F,80/70/32/30/WASP_39_b_3.11466_3868_2.tbl
WASP-39 b,Eclipse,Kammer et al. 2015,,2,Infrared Array Camera (IRAC),Spitzer Space Telescope satellite,3.6,4.5,,,Table 3,2015ApJ...810..118K,45/23/09/89/WASP_39_b_3.11466_4121_1.tbl
WASP-39 b,Transmission,JWST Transiting Exoplanet Community ERS Team 2022,,95,Near Infrared Spectrograph (NIRSpec),NASA 6.5m James Webb Space Telescope (JWST) Satellite Mission,3.0139,5.5476,,,FIREFLy pipeline,2022arXiv220811692T,74/45/82/95/WASP_39_b_3.11466_4988_2.tbl
WASP-39 b,Transmission,JWST Transiting Exoplanet Community ERS Team 2022,,243,Near Infrared Spectrograph (NIRSpec),NASA 6.5m James Webb Space Telescope (JWST) Satellite Mission,3.0007,5.3405,,,Tiberius pipeline,2022arXiv220811692T,66/84/49/13/WASP_39_b_3.11466_4988_4.tbl
WASP-39 b,Transmission,Feinstein et al. 2023,,331,Near Infrared Imager and Slitless Spectrograph (NIRISS),NASA 6.5m James Webb Space Telescope (JWST) Satellite Mission,0.631,2.7965,,,,2023Natur.614..670F,74/34/80/11/WASP_39_b_3.11466_5078_1.tbl
WASP-3 b,Eclipse,Christiansen et al. 2011,,1,High Resolution Imager (HRI),Deep Impact spacecraft,0.65,0.65,,,Table 6,2011ApJ...726...94C,32/47/91/31/WASP_3_b_3.11467_3153_1.tbl
WASP-3 b,Eclipse,Rostron et al. 2014,,3,Infrared Array Camera (IRAC),Spitzer Space Telescope satellite,3.6,8.0,,,eclipse depth taken from Abstract,2014MNRAS.441.3666R,38/28/31/32/WASP_3_b_3.11467_3923_1.tbl
WASP-3 b,Eclipse,Croll et al. 2015,,1,WIRCam,3.58m Canada-France-Hawaii Telescope (CFHT) at Mauna Kea Observatory,2.15,2.15,,,"Table 5, WASP-3 Ks band combined, Actual Eclipse D",2015ApJ...802...28C,44/28/12/51/WASP_3_b_3.11467_4119_1.tbl
WASP-43 b,Transmission,Ricci et al. 2015,,3,Mexman,Observatorio Astronomico Nacional's 0.84m Telescope,0.575,0.804,,,,2015PASP..127..143R,38/92/71/32/WASP_43_b_3.11469_3491_1.tbl
WASP-43 b,Transmission,Hoyer et al. 2016,,2,Sinistro,LCOGT 1m telescope at Cerro Tololo Inter-American Observatory,0.477,0.7545,2457064.70746,2457423.45037,,2016AJ....151..137H,42/08/97/21/WASP_43_b_3.11469_3830_2.tbl
WASP-43 b,Eclipse,Gillon et al. 2012,,1,TRAPPISTCam,European Southern Observatory (ESO) 0.6m TRAnsiting Planets and PlanetesImals Small Telescope (TRAPPIST) at La Silla Observatory,0.9159,0.9159,,,Table 5,2012A&A...542A...4G,79/57/03/73/WASP_43_b_3.11469_4097_2.tbl
WASP-43 b,Eclipse,Zhou et al. 2014,,1,IRIS2,Australian National University (ANU) 3.9m Anglo-Australian Telescope (AAT) at Siding Spring Observatory (SSO),2.144,2.144,,,Table 3,2014MNRAS.445.2746Z,78/67/83/33/WASP_43_b_3.11469_4116_1.tbl
WASP-46 b,Transmission,Ciceri et al. 2016,,1,DFOSC,Danish 1.54m telescope at European Southern Observatory,0.6489,0.6489,,,,2016MNRAS.456..990C,94/59/65/66/WASP_46_b_3.11472_3701_1.tbl
WASP-46 b,Eclipse,Zhou et al. 2015,,1,IRIS2,Australian National University (ANU) 3.9m Anglo-Australian Telescope (AAT) at Siding Spring Observatory (SSO),2.159,2.159,,,Table 2,2015MNRAS.454.3002Z,19/98/72/97/WASP_46_b_3.11472_4122_1.tbl
WASP-4 b,Transmission,Huitson et al. 2017,,4,GMOS,Association of Universities for Research in Astronomy (AURA) 8.1m Gemini South Telescope at Cerro Pachon,0.525,0.7125,2455844.662871,2456924.615612,,2017AJ....154...95H,97/93/03/06/WASP_4_b_3.11474_4002_1.tbl
WASP-4 b,Eclipse,Beerer et al. 2011,,2,Infrared Array Camera (IRAC),Spitzer Space Telescope satellite,3.6,4.5,,,Table 1,2011ApJ...727...23B,79/72/76/16/WASP_4_b_3.11474_4095_1.tbl
WASP-5 b,Eclipse,Chen et al. 2014,,2,GROND,European Southern Observatory (ESO)/Max Planck Gesellschaft (MPG) 2.2m Telescope at La Silla Observatory,1.22,2.19,,,eclipse depth taken from Abstract,2014A&A...563A..40C,24/59/47/17/WASP_5_b_3.11476_3425_1.tbl
WASP-5 b,Eclipse,Zhou et al. 2015,,1,IRIS2,Australian National University (ANU) 3.9m Anglo-Australian Telescope (AAT) at Siding Spring Observatory (SSO),2.159,2.159,,,Table 2,2015MNRAS.454.3002Z,83/97/41/15/WASP_5_b_3.11476_4122_1.tbl
WASP-6 b,Eclipse,Kammer et al. 2015,,2,Infrared Array Camera (IRAC),Spitzer Space Telescope satellite,3.6,4.5,,,Table 3,2015ApJ...810..118K,69/25/10/36/WASP_6_b_3.11477_4121_1.tbl
XO-2 N b,Transmission,Pearson et al. 2019,,86,KOSMOS,National Optical Astronomy Observatory (NOAO) 4m Nicholas U. Mayall Telescope at Kitt Peak National Observatory (KPNO),0.384,0.6558,,,,2019AJ....157...21P,19/97/80/05/XO_2_N_b_3.11481_4246_2.tbl
XO-2 N b,Transmission,Sing et al. 2011,,4,OSIRIS,Gran Telescopio CANARIAS 10.4m telescope,0.6792,0.8839,,,,2011A&A...527A..73S,33/78/15/76/XO_2_N_b_3.11481_4248_1.tbl
XO-3 b,Eclipse,Wong et al. 2014,,1,Infrared Array Camera (IRAC),Spitzer Space Telescope satellite,4.5,4.5,,,eclipse depth taken from Abstract,2014ApJ...794..134W,84/63/41/53/XO_3_b_3.11482_3924_1.tbl
XO-4 b,Eclipse,Todorov et al. 2012,,2,Infrared Array Camera (IRAC),Spitzer Space Telescope satellite,3.6,4.5,,,"Table 4 (eclip depth), Table 5 (bright temp)",2012ApJ...746..111T,13/35/29/69/XO_4_b_3.11483_3155_1.tbl
KELT-1 b,Eclipse,Beatty et al. 2014,,1,Apogee CCD,University of Louisville 0.6m (24inch) Telescope at Moore Observatory,0.905,0.905,,,eclipse depth taken from Abstract,2014ApJ...783..112B,34/59/31/62/KELT_1_b_3.11521_4113_1.tbl
KELT-1 b,Eclipse,Croll et al. 2015,,1,WIRCam,3.58m Canada-France-Hawaii Telescope (CFHT) at Mauna Kea Observatory,2.19,2.19,,,"Table 5, KELT-1 Ks band, Actual Eclipse Depth",2015ApJ...802...28C,58/34/57/54/KELT_1_b_3.11521_4119_1.tbl
KELT-2 A b,Eclipse,Piskorz et al. 2018,,2,Infrared Array Camera (IRAC),Spitzer Space Telescope satellite,3.6,4.5,,,Table 2,2018AJ....156..133P,61/20/18/92/KELT_2_A_b_3.11522_4195_1.tbl
GJ 3470 b,Transmission,Biddle et al. 2014,,2,,European Southern Observatory (ESO) 0.6m TRAnsiting Planets and PlanetesImals Small Telescope (TRAPPIST) at La Silla Observatory,0.9222,0.9222,2455983.7417,2455993.7141,,2014MNRAS.443.1810B,93/70/66/95/GJ_3470_b_3.11524_3413_3.tbl
GJ 3470 b,Transmission,Biddle et al. 2014,,3,SBIG imager,LCOGT 1m telescope at McDonald Observatory,0.6274,0.7695,2456360.7449,2456380.7648,,2014MNRAS.443.1810B,64/74/60/84/GJ_3470_b_3.11524_3413_6.tbl
GJ 3470 b,Transmission,Biddle et al. 2014,,1,Large Monolithic Imager,Lowell Observatory's 4.3-m Discovery Channel Telescope,0.7886,0.7886,2456310.69616,2456310.69616,,2014MNRAS.443.1810B,37/90/72/19/GJ_3470_b_3.11524_3413_9.tbl
GJ 3470 b,Transmission,Biddle et al. 2014,,1,EulerCam,The Swiss Euler 1.2m Telescope,0.9222,0.9222,2455993.7141,2455993.7141,,2014MNRAS.443.1810B,07/17/88/10/GJ_3470_b_3.11524_3413_11.tbl
GJ 3470 b,Transmission,Ehrenreich et al. 2014,,107,Wide Field Camera 3,Hubble Space Telescope satellite,1.153,1.645,,,,2014A&A...570A..89E,61/55/86/38/GJ_3470_b_3.11524_3569_1.tbl
GJ 3470 b,Transmission,Dragomir et al. 2015,,1,Fairchild CCD486 BI,LCOGT 2m telescope at Haleakala Observatory,0.49,0.49,2456681.0617,2456681.0617,,2015ApJ...814..102D,03/65/03/60/GJ_3470_b_3.11524_3712_3.tbl
GJ 3470 b,Transmission,Awiphan et al. 2016,,1,Multiple Instruments,Multiple Observatories,0.6469,0.6469,,,,2016MNRAS.463.2574A,40/34/28/83/GJ_3470_b_3.11524_3890_1.tbl
GJ 3470 b,Transmission,Benneke et al. 2019,,2,Infrared Array Camera (IRAC),Spitzer Space Telescope satellite,3.6,4.5,,,,2019NatAs...3..813B,28/07/07/79/GJ_3470_b_3.11524_4359_3.tbl
WASP-67 b,Transmission,Mancini et al. 2014,,1,EulerCam,The Swiss Euler 1.2m Telescope,0.6641,0.6641,,,,2014A&A...568A.127M,13/19/61/84/WASP_67_b_3.11547_3450_4.tbl
WASP-52 b,Transmission,Louden et al. 2017,,19,ACAM,Isaac Newton Group (ING) 4.2m William Herschel Telescope (WHT) at Observatorio del Roque de los Muchachos,0.4125,0.8625,,,,2017MNRAS.470..742L,36/40/14/37/WASP_52_b_3.11565_3992_1.tbl
WASP-80 b,Transmission,Triaud et al. 2015,,2,Multiple Instruments,Multiple Observatories,0.62,0.9,,,,2015MNRAS.450.2279T,56/31/13/75/WASP_80_b_3.11585_3542_2.tbl
WASP-80 b,Transmission,Triaud et al. 2015,,2,Infrared Array Camera (IRAC),Spitzer Space Telescope satellite,3.6,4.5,,,,2015MNRAS.450.2279T,50/86/70/29/WASP_80_b_3.11585_3542_3.tbl
WASP-80 b,Transmission,Triaud et al. 2015,,1,DFOSC,Danish 1.54m telescope at European Southern Observatory,0.8,0.8,,,,2015MNRAS.450.2279T,19/06/22/12/WASP_80_b_3.11585_3542_4.tbl
WASP-80 b,Transmission,Kirk et al. 2018,,34,ACAM,Isaac Newton Group (ING) 4.2m William Herschel Telescope (WHT) at Observatorio del Roque de los Muchachos,0.479,0.879,,,,2018MNRAS.474..876K,50/27/99/12/WASP_80_b_3.11585_4197_1.tbl
WASP-103 b,Transmission,Southworth &amp; Evans 2016,,2,DFOSC,Danish 1.54m telescope at European Southern Observatory,0.6589,0.82,,,,2016MNRAS.463...37S,43/29/05/07/WASP_103_b_3.11649_3854_2.tbl
WASP-103 b,Transmission,Wilson et al. 2020,,16,FORS2,European Southern Observatory (ESO) 8.2m Very Large Telescope (VLT) Antu (UT1) at Paranal Observatory,0.3943,0.6043,,,,2020MNRAS.497.5155W,92/38/86/80/WASP_103_b_3.11649_4693_1.tbl
WASP-69 b,Transmission,Murgas et al. 2020,,30,OSIRIS,Gran Telescopio CANARIAS 10.4m telescope,0.525,0.895,,,,2020A&A...641A.158M,70/80/04/02/WASP_69_b_3.11714_4696_1.tbl
K2-3 d,Transmission,Beichman et al. 2016,,1,Kepler CCD Array,The Kepler Mission,0.6,0.6,,,,2016ApJ...822...39B,21/06/88/31/K2_3_d_3.11743_3773_1.tbl
WASP-74 b,Transmission,Mancini et al. 2019,,18,Wide Field Camera 3,Hubble Space Telescope satellite,1.126,1.625,,,,2019MNRAS.485.5168M,45/00/90/33/WASP_74_b_3.11772_4289_4.tbl
K2-18 b,Transmission,Benneke et al. 2019,,17,Wide Field Camera 3,Hubble Space Telescope satellite,1.14,1.61,,,,2019ApJ...887L..14B,77/18/82/78/K2_18_b_3.11793_4609_1.tbl
GJ 1132 b,Transmission,Diamond-Lowe et al. 2018,,17,LDSS-3C,Carnegie Institution for Science (CIS) 6.5m Landon Clay Telescope at Las Campanas Observatory (LCO),0.71,1.03,,,,2018AJ....156...42D,92/45/68/15/GJ_1132_b_3.11819_4179_1.tbl
K2-26 b,Transmission,Beichman et al. 2016,,1,Infrared Array Camera (IRAC),Spitzer Space Telescope satellite,4.5,4.5,,,,2016ApJ...822...39B,21/39/75/77/K2_26_b_3.11845_3773_1.tbl
TRAPPIST-1 b,Eclipse,Greene et al. 2023,,1,Mid-Infrared Instrument (MIRI),NASA 6.5m James Webb Space Telescope (JWST) Satellite Mission,15.0,15.0,,,,2023Natur.618...39G,75/34/32/80/TRAPPIST_1_b_3.11876_5123_1.tbl
WASP-121 b,Eclipse,Evans et al. 2017,,1,Infrared Array Camera (IRAC),Spitzer Space Telescope satellite,3.6,3.6,,,eclipse depth (3670 +/- 130 ppm) taken from text,2017Natur.548...58E,14/02/08/63/WASP_121_b_3.11900_4003_2.tbl
WASP-121 b,Eclipse,Mikal-Evans et al. 2020,,28,Wide Field Camera 3,Hubble Space Telescope satellite,1.129,1.628,,,,2020MNRAS.496.1638M,63/36/56/78/WASP_121_b_3.11900_4628_1.tbl
KELT-11 b,Transmission,Col&oacute;n et al. 2020,,1,Infrared Array Camera (IRAC),Spitzer Space Telescope satellite,3.6,3.6,,,,2020AJ....160..280C,25/32/15/31/KELT_11_b_3.12023_4692_1.tbl
KELT-9 b,Transmission,Cauley et al. 2019,,19,Potsdam Echelle Polarimetric & Spectroscopic Instrument (PEPSI),LBT Consortium Large Binocular Telescope (LBT) at Mount Graham International Observatory,0.4805,0.6563,,,,2019AJ....157...69C,55/32/83/74/KELT_9_b_3.12026_4597_1.tbl
WASP-107 b,Transmission,Kreidberg et al. 2018,,20,Wide Field Camera 3,Hubble Space Telescope satellite,1.133,1.616,,,,2018ApJ...858L...6K,93/35/74/72/WASP_107_b_3.12045_4176_1.tbl
GJ 486 b,Transmission,Moran et al. 2023,,110,Near Infrared Spectrograph (NIRSpec),NASA 6.5m James Webb Space Telescope (JWST) Satellite Mission,2.867,5.155,,,Eureka! pipeline,2023ApJ...948L..11M,00/45/92/75/GJ_486_b_3.12681_5146_1.tbl
Kepler-410 A b,Transmission,D&eacute;sert et al. 2015,,1,Infrared Array Camera (IRAC),Spitzer Space Telescope satellite,4.5,4.5,,,,2015ApJ...804...59D,75/41/65/85/Kepler_410_A_b_3.136_3665_1.tbl
KOI-13 b,Transmission,D&eacute;sert et al. 2015,,1,Infrared Array Camera (IRAC),Spitzer Space Telescope satellite,4.5,4.5,,,,2015ApJ...804...59D,51/56/20/03/KOI_13_b_3.155_3665_1.tbl
Kepler-102 e,Transmission,D&eacute;sert et al. 2015,,1,Infrared Array Camera (IRAC),Spitzer Space Telescope satellite,4.5,4.5,,,,2015ApJ...804...59D,81/88/53/34/Kepler_102_e_3.157_3665_1.tbl
Kepler-14 b,Transmission,D&eacute;sert et al. 2015,,1,Infrared Array Camera (IRAC),Spitzer Space Telescope satellite,4.5,4.5,,,,2015ApJ...804...59D,80/53/96/33/Kepler_14_b_3.158_3665_1.tbl
Kepler-68 b,Transmission,D&eacute;sert et al. 2015,,1,Kepler CCD Array,The Kepler Mission,0.6,0.6,,,,2015ApJ...804...59D,91/00/36/78/Kepler_68_b_3.175_3665_2.tbl
Kepler-62 e,Transmission,D&eacute;sert et al. 2015,,1,Kepler CCD Array,The Kepler Mission,0.6,0.6,,,,2015ApJ...804...59D,84/97/10/74/Kepler_62_e_3.1785_3665_2.tbl
Kepler-32 d,Transmission,D&eacute;sert et al. 2015,,1,Kepler CCD Array,The Kepler Mission,0.6,0.6,,,,2015ApJ...804...59D,75/39/98/16/Kepler_32_d_3.1803_3665_2.tbl
Kepler-20 d,Transmission,D&eacute;sert et al. 2015,,1,Kepler CCD Array,The Kepler Mission,0.6,0.6,,,,2015ApJ...804...59D,83/72/44/57/Kepler_20_d_3.20_3665_2.tbl
Kepler-102 d,Transmission,D&eacute;sert et al. 2015,,1,Kepler CCD Array,The Kepler Mission,0.6,0.6,,,,2015ApJ...804...59D,65/90/39/46/Kepler_102_d_3.204_3665_2.tbl
Kepler-25 c,Transmission,D&eacute;sert et al. 2015,,1,Infrared Array Camera (IRAC),Spitzer Space Telescope satellite,4.5,4.5,,,,2015ApJ...804...59D,38/67/45/13/Kepler_25_c_3.209_3665_1.tbl
Kepler-37 d,Transmission,D&eacute;sert et al. 2015,,2,Infrared Array Camera (IRAC),Spitzer Space Telescope satellite,4.5,4.5,,,,2015ApJ...804...59D,94/74/21/90/Kepler_37_d_3.211_3665_2.tbl
Kepler-93 b,Transmission,D&eacute;sert et al. 2015,,2,Infrared Array Camera (IRAC),Spitzer Space Telescope satellite,4.5,4.5,,,,2015ApJ...804...59D,24/77/55/16/Kepler_93_b_3.216_3665_1.tbl
TrES-2 b,Transmission,Ranjan et al. 2014,,10,WFC3,Hubble Space Telescope satellite,1.0965,1.6535,,,,2014ApJ...785..148R,59/66/66/62/TrES_2_b_3.237_3622_1.tbl
Kepler-18 d,Transmission,D&eacute;sert et al. 2015,,1,Infrared Array Camera (IRAC),Spitzer Space Telescope satellite,4.5,4.5,,,,2015ApJ...804...59D,65/60/10/07/Kepler_18_d_3.245_3665_1.tbl
Kepler-104 d,Transmission,D&eacute;sert et al. 2015,,1,Infrared Array Camera (IRAC),Spitzer Space Telescope satellite,4.5,4.5,,,,2015ApJ...804...59D,01/30/57/46/Kepler_104_d_3.252_3665_1.tbl
Kepler-138 c,Transmission,D&eacute;sert et al. 2015,,1,Kepler CCD Array,The Kepler Mission,0.6,0.6,,,,2015ApJ...804...59D,56/30/91/88/Kepler_138_c_3.302_3665_2.tbl
Kepler-22 b,Transmission,D&eacute;sert et al. 2015,,1,Kepler CCD Array,The Kepler Mission,0.6,0.6,,,,2015ApJ...804...59D,43/36/83/23/Kepler_22_b_3.35_3665_2.tbl
Kepler-236 c,Transmission,D&eacute;sert et al. 2015,,1,Kepler CCD Array,The Kepler Mission,0.6,0.6,,,,2015ApJ...804...59D,19/52/09/57/Kepler_236_c_3.448_3665_2.tbl
Kepler-10 c,Transmission,D&eacute;sert et al. 2015,,1,Kepler CCD Array,The Kepler Mission,0.6,0.6,,,,2015ApJ...804...59D,72/27/78/94/Kepler_10_c_3.47_3665_1.tbl
Kepler-10 c,Transmission,D&eacute;sert et al. 2015,,2,Infrared Array Camera (IRAC),Spitzer Space Telescope satellite,4.5,4.5,,,,2015ApJ...804...59D,19/45/49/56/Kepler_10_c_3.47_3665_2.tbl
Kepler-19 b,Transmission,D&eacute;sert et al. 2015,,1,Kepler CCD Array,The Kepler Mission,0.6,0.6,,,,2015ApJ...804...59D,03/22/71/72/Kepler_19_b_3.52_3665_1.tbl
Kepler-19 b,Transmission,D&eacute;sert et al. 2015,,3,Infrared Array Camera (IRAC),Spitzer Space Telescope satellite,4.5,4.5,,,,2015ApJ...804...59D,88/44/55/87/Kepler_19_b_3.52_3665_2.tbl
Kepler-49 b,Transmission,D&eacute;sert et al. 2015,,1,Kepler CCD Array,The Kepler Mission,0.6,0.6,,,,2015ApJ...804...59D,32/13/35/46/Kepler_49_b_3.76_3665_1.tbl
Kepler-49 b,Transmission,D&eacute;sert et al. 2015,,2,Infrared Array Camera (IRAC),Spitzer Space Telescope satellite,4.5,4.5,,,,2015ApJ...804...59D,41/08/78/33/Kepler_49_b_3.76_3665_2.tbl
HAT-P-7 b,Transmission,Wong et al. 2016,,2,Infrared Array Camera (IRAC),Spitzer Space Telescope satellite,3.6,4.5,2455419.55743,2455430.58203,From Table 4,2016ApJ...823..122W,81/42/72/97/HAT_P_7_b_3.8_3855_1.tbl
HAT-P-7 b,Eclipse,Christiansen et al. 2010,,4,Infrared Array Camera (IRAC),Spitzer Space Telescope satellite,3.6,8.0,,,Table 3,2010ApJ...710...97C,75/85/79/47/HAT_P_7_b_3.8_4083_1.tbl
KOI-12 b,Transmission,D&eacute;sert et al. 2015,,1,Infrared Array Camera (IRAC),Spitzer Space Telescope satellite,4.5,4.5,,,,2015ApJ...804...59D,94/50/62/03/KOI_12_b_3.85_3665_1.tbl
KOI-12 b,Transmission,D&eacute;sert et al. 2015,,1,Kepler CCD Array,The Kepler Mission,0.6,0.6,,,,2015ApJ...804...59D,49/68/71/75/KOI_12_b_3.85_3665_2.tbl
HAT-P-11 b,Transmission,Fraine et al. 2014,,1,Kepler CCD camera,The Kepler Mission,0.642,0.642,,,,2014Natur.513..526F,11/89/92/28/HAT_P_11_b_3.9_3640_1.tbl
HAT-P-11 b,Transmission,Fraine et al. 2014,,29,Wide Field Camera 3,Hubble Space Telescope satellite,1.153,1.68,,,,2014Natur.513..526F,22/97/21/85/HAT_P_11_b_3.9_3640_2.tbl
HAT-P-11 b,Transmission,Fraine et al. 2014,,6,Infrared Array Camera (IRAC),Spitzer Space Telescope satellite,3.521,4.471,,,,2014Natur.513..526F,90/55/80/28/HAT_P_11_b_3.9_3640_3.tbl
Kepler-158 c,Transmission,D&eacute;sert et al. 2015,,1,Kepler CCD Array,The Kepler Mission,0.6,0.6,,,,2015ApJ...804...59D,45/34/30/13/Kepler_158_c_3.968_3665_1.tbl
Kepler-158 c,Transmission,D&eacute;sert et al. 2015,,3,Infrared Array Camera (IRAC),Spitzer Space Telescope satellite,4.5,4.5,,,,2015ApJ...804...59D,18/30/26/75/Kepler_158_c_3.968_3665_2.tbl
Kepler-205 c,Transmission,D&eacute;sert et al. 2015,,2,Infrared Array Camera (IRAC),Spitzer Space Telescope satellite,4.5,4.5,,,,2015ApJ...804...59D,29/91/69/57/Kepler_205_c_3.978_3665_1.tbl
Kepler-205 c,Transmission,D&eacute;sert et al. 2015,,1,Kepler CCD Array,The Kepler Mission,0.6,0.6,,,,2015ApJ...804...59D,48/24/13/89/Kepler_205_c_3.978_3665_2.tbl
HAT-P-32 b,Transmission,Gibson et al. 2013,,29,GMOS,Association of Universities for Research in Astronomy (AURA) 8.1m Frederick C. Gillett Gemini North Telescope at Mauna Kea Observatory,0.5276,0.9255,,,,2013MNRAS.436.2974G,63/30/37/70/HAT_P_32_b_3.11017_3612_1.tbl
HAT-P-32 b,Transmission,Mallonn et al. 2016,,1,BUSCA,Calar Alto Observatory's 2.2 meter Telescope,0.7886,0.7886,,,,2016MNRAS.463..604M,64/72/78/59/HAT_P_32_b_3.11017_3937_1.tbl
HAT-P-32 b,Transmission,Mallonn et al. 2016,,5,Multiple Instruments,Multiple Observatories,0.4407,0.6469,,,,2016MNRAS.463..604M,18/46/57/16/HAT_P_32_b_3.11017_3937_3.tbl
HAT-P-32 b,Transmission,Mallonn et al. 2016,,2,ULTRACAM,Isaac Newton Group (ING) 4.2m William Herschel Telescope (WHT) at Observatorio del Roque de los Muchachos,0.3585,0.58,,,,2016MNRAS.463..604M,81/56/61/78/HAT_P_32_b_3.11017_3937_4.tbl
HAT-P-3 b,Eclipse,Todorov et al. 2013,,2,Infrared Array Camera (IRAC),Spitzer Space Telescope satellite,3.6,4.5,,,Table 5,2013ApJ...770..102T,51/46/99/03/HAT_P_3_b_3.11023_4109_1.tbl
HAT-P-3 b,Transmission,Ricci et al. 2017,,1,FLAMINGOS,National Optical Astronomy Observatory (NOAO) 2.1 meter Telescope at Kitt Peak National Observatory (KPNO),1.4085,1.4085,,,,2017PASP..129f4401R,69/14/90/56/HAT_P_3_b_3.11023_3991_2.tbl
HAT-P-4 b,Eclipse,Christiansen et al. 2011,,1,High Resolution Imager (HRI),Deep Impact spacecraft,0.65,0.65,,,Table 6,2011ApJ...726...94C,06/69/78/74/HAT_P_4_b_3.11024_3153_1.tbl
WASP-39 b,Transmission,Wakeford et al. 2018,,36,Wide Field Camera 3,Hubble Space Telescope satellite,0.8225,1.6435,,,,2018AJ....155...29W,36/05/64/60/WASP_39_b_3.11466_4132_1.tbl
WASP-39 b,Transmission,JWST Transiting Exoplanet Community ERS Team 2022,,94,Near Infrared Spectrograph (NIRSpec),NASA 6.5m James Webb Space Telescope (JWST) Satellite Mission,3.0085,5.288,,,Eureka! pipeline,2022arXiv220811692T,34/24/95/24/WASP_39_b_3.11466_4988_1.tbl
WASP-39 b,Transmission,JWST Transiting Exoplanet Community ERS Team 2022,,67,Near Infrared Spectrograph (NIRSpec),NASA 6.5m James Webb Space Telescope (JWST) Satellite Mission,3.017,5.465,,,tshirt pipeline,2022arXiv220811692T,44/68/81/89/WASP_39_b_3.11466_4988_3.tbl
WASP-39 b,Transmission,Alderson et al. 2023,,344,Near Infrared Spectrograph (NIRSpec) - G395H,NASA 6.5m James Webb Space Telescope (JWST) Satellite Mission,2.7629,5.1691,,,,2023Natur.614..664A,90/40/28/43/WASP_39_b_3.11466_5077_1.tbl
WASP-3 b,Eclipse,Zhao et al. 2012,,1,Wide-field InfraRed Camera (WIRC),California Institute of Technology 5.1m (200inch) Hale Telescope at Palomar Observatory,2.15,2.15,,,,2012ApJ...748L...8Z,53/37/43/83/WASP_3_b_3.11467_4101_1.tbl
WASP-43 b,Transmission,Murgas et al. 2014,,36,OSIRIS,Gran Telescopio CANARIAS 10.4m telescope,0.5425,0.9175,2456301.67,2456301.67,,2014A&A...563A..41M,50/50/36/69/WASP_43_b_3.11469_3423_1.tbl
WASP-43 b,Transmission,Chen et al. 2014,,7,GROND,Max Planck Gesellschaft 2.2 meter Telescope at European Southern Observatory,0.575,2.19,2455934.791927,2455934.79253,,2014A&A...563A..40C,01/98/70/86/WASP_43_b_3.11469_3425_2.tbl
WASP-43 b,Transmission,Ricci et al. 2015,,1,RATIR,Observatorio Astronomico Nacional's Harold Johnson Telescope,0.76,0.76,,,,2015PASP..127..143R,58/39/42/16/WASP_43_b_3.11469_3491_2.tbl
WASP-43 b,Transmission,Hoyer et al. 2016,,1,CAMELOT,Observatorio del Teide's 0.8 meter Telescope,0.6273,0.6273,2457144.42829,2457144.42829,,2016AJ....151..137H,91/63/78/00/WASP_43_b_3.11469_3830_1.tbl
WASP-43 b,Eclipse,Gillon et al. 2012,,2,HAWK-I,European Southern Observatory (ESO) 8.2m Very Large Telescope (VLT) Yepun at Paranal Observatory,1.186,2.095,,,Table 5,2012A&A...542A...4G,51/66/22/48/WASP_43_b_3.11469_4097_1.tbl
GJ 3470 b,Transmission,Biddle et al. 2014,,1,ISLE,National Astronomical Observatory of Japan's Okayama Astrophysical Observatory 1.88m Telescope,1.215,1.215,2456247.29954,2456247.29954,,2014MNRAS.443.1810B,73/18/86/45/GJ_3470_b_3.11524_3413_12.tbl
GJ 3470 b,Transmission,Biddle et al. 2014,,1,,Faulkes Telescope North,0.4326,0.4326,2456360.7449,2456360.7449,,2014MNRAS.443.1810B,00/00/58/91/GJ_3470_b_3.11524_3413_4.tbl
GJ 3470 b,Transmission,Crossfield et al. 2013,,6,MOSFIRE,W. M. Keck Observatory,2.11,2.335,2456390.7758,2456390.7758,,2013A&A...559A..33C,58/26/65/35/GJ_3470_b_3.11524_3571_1.tbl
GJ 3470 b,Transmission,Dragomir et al. 2015,,2,Fairchild CCD486 BI,LCOGT 2m telescope at Siding Springs Observatory,0.49,0.49,2456661.0463,2456691.07394,,2015ApJ...814..102D,20/25/03/13/GJ_3470_b_3.11524_3712_1.tbl
HAT-P-41 b,Transmission,Wakeford et al. 2020,,59,Wide Field Camera 3,Hubble Space Telescope satellite,0.205,0.785,,,,2020AJ....159..204W,27/31/89/55/HAT_P_41_b_3.11534_4599_1.tbl
WASP-67 b,Transmission,Mancini et al. 2014,,1,TRAPPISTCam,European Southern Observatory (ESO) 0.6m TRAnsiting Planets and PlanetesImals Small Telescope (TRAPPIST) at La Silla Observatory,0.838,0.838,,,,2014A&A...568A.127M,17/11/56/84/WASP_67_b_3.11547_3450_1.tbl
WASP-57 b,Transmission,Southworth et al. 2015,,1,DFOSC,Danish 1.54m telescope at European Southern Observatory,0.6489,0.6489,,,,2015MNRAS.454.3094S,10/51/04/15/WASP_57_b_3.11556_3659_3.tbl
WASP-57 b,Transmission,Southworth et al. 2015,,4,GROND,Max Planck Gesellschaft 2.2 meter Telescope at European Southern Observatory,0.477,0.9134,,,,2015MNRAS.454.3094S,82/16/29/82/WASP_57_b_3.11556_3659_1.tbl
WASP-80 b,Transmission,Fukui et al. 2014,,9,SIRIUS,Infrared Survey Facility,1.25,2.14,2456490.492507,2456573.32468,,2014ApJ...790..108F,46/32/24/03/WASP_80_b_3.11585_3637_1.tbl
GJ 3470 b,Transmission,Biddle et al. 2014,,3,,National Astronomical Observatory of Japan's Okayama Astrophysical Observatory 0.5m Telescope,0.4858,0.7886,2456247.29954,2456247.29954,,2014MNRAS.443.1810B,92/58/04/44/GJ_3470_b_3.11524_3413_2.tbl
GJ 3470 b,Transmission,Biddle et al. 2014,,1,,Calar Alto observatory's 1.23m Telescope,0.7886,0.7886,2456367.41949,2456367.41949,,2014MNRAS.443.1810B,69/07/41/00/GJ_3470_b_3.11524_3413_5.tbl
GJ 3470 b,Transmission,Biddle et al. 2014,,1,Mont4K CCD Imager,Steward Observatory's 1.5 meter Kuiper Telescope,0.7886,0.7886,2456340.72589,2456340.72589,,2014MNRAS.443.1810B,82/56/96/89/GJ_3470_b_3.11524_3413_8.tbl
GJ 3470 b,Transmission,Fukui et al. 2013,,1,ISLE,National Astronomical Observatory of Japan's Okayama Astrophysical Observatory 1.88m Telescope,1.215,1.215,2456247.29954,2456247.29954,,2013ApJ...770...95F,05/10/04/98/GJ_3470_b_3.11524_3570_2.tbl
GJ 3470 b,Transmission,Nascimbeni et al. 2013,,2,LBC,Large Binocular Telescope Observatory,0.3575,0.9635,2456340.72559,2456340.72559,,2013A&A...559A..32N,10/68/91/22/GJ_3470_b_3.11524_3572_1.tbl
GJ 3470 b,Transmission,Dragomir et al. 2015,,2,Mont4k CCD,Steward Observatory's 1.5 meter Kuiper Telescope,0.437,0.545,2456677.7278,2456697.74734,,2015ApJ...814..102D,15/64/46/23/GJ_3470_b_3.11524_3712_2.tbl
GJ 3470 b,Transmission,Dragomir et al. 2015,,4,SBIG imager,LCOGT 1m telescope at McDonald Observatory,0.49,0.763,2456370.75698,2456717.7641,,2015ApJ...814..102D,82/32/40/45/GJ_3470_b_3.11524_3712_4.tbl
GJ 3470 b,Transmission,Awiphan et al. 2016,,4,ULTRASPEC,Thai National Observatory's 2.4m Telescope,0.4858,0.9222,,,,2016MNRAS.463.2574A,56/08/42/64/GJ_3470_b_3.11524_3890_2.tbl
GJ 3470 b,Transmission,Benneke et al. 2019,,18,Wide Field Camera 3,Hubble Space Telescope satellite,1.135,1.645,,,,2019NatAs...3..813B,11/46/54/90/GJ_3470_b_3.11524_4359_2.tbl
GJ 3470 b,Transmission,Benneke et al. 2019,,8,Space Telescope Imaging Spectrograph,Hubble Space Telescope satellite,0.552,0.895,,,,2019NatAs...3..813B,02/28/01/25/GJ_3470_b_3.11524_4359_4.tbl
WASP-67 b,Transmission,Mancini et al. 2014,,4,GROND,Max Planck Gesellschaft 2.2 meter Telescope at European Southern Observatory,0.459,0.8989,,,,2014A&A...568A.127M,79/82/89/66/WASP_67_b_3.11547_3450_2.tbl
WASP-67 b,Eclipse,Kammer et al. 2015,,2,Infrared Array Camera (IRAC),Spitzer Space Telescope satellite,3.6,4.5,,,Table 3,2015ApJ...810..118K,45/50/57/30/WASP_67_b_3.11547_4121_1.tbl
CoRoT-1 b,Eclipse,Zhao et al. 2012,,1,Wide-field InfraRed Camera (WIRC),California Institute of Technology 5.1m (200inch) Hale Telescope at Palomar Observatory,1.635,1.635,,,,2012ApJ...744..122Z,87/47/21/70/CoRoT_1_b_3.10951_4099_1.tbl
GJ 1214 b,Transmission,C&aacute;ceres et al. 2014,,1,OSIRIS,The Southern Astrophysical Research Telescope,2.14,2.14,2455783.59415,2455783.59415,,2014A&A...565A...7C,03/27/70/04/GJ_1214_b_3.10969_3574_1.tbl
GJ 1214 b,Transmission,Narita et al. 2013,,3,SIRIUS,Infrared Survey Facility,1.25,2.14,,,,2013PASJ...65...27N,60/32/98/27/GJ_1214_b_3.10969_3643_1.tbl
GJ 1214 b,Transmission,Nascimbeni et al. 2015,,2,LBC,Large Binocular Telescope Observatory,0.5,0.775,,,,2015A&A...579A.113N,65/62/26/12/GJ_1214_b_3.10969_3669_1.tbl
HAT-P-12 b,Transmission,Line et al. 2013,,23,Wide Field Camera 3,Hubble Space Telescope satellite,1.108,1.627,,,,2013ApJ...778..183L,62/22/42/73/HAT_P_12_b_3.10993_3415_1.tbl
HAT-P-12 b,Transmission,Sing et al. 2016,,12,Wide Field Camera 3,Hubble Space Telescope satellite,1.132,1.6424,,,,2016Natur.529...59S,05/61/54/57/HAT_P_12_b_3.10993_3717_1.tbl
HAT-P-13 b,Eclipse,Hardy et al. 2017,,2,Infrared Array Camera (IRAC),Spitzer Space Telescope satellite,3.6,4.5,,,Table 3,2017ApJ...836..143H,25/15/52/34/HAT_P_13_b_3.10994_4188_1.tbl
HAT-P-16 b,Transmission,Pearson et al. 2014,,1,Mont4k CCD,Steward Observatory's 1.5 meter Kuiper Telescope,0.36,0.36,2456290.65779,2456290.65779,,2014NewA...27..102P,36/71/60/63/HAT_P_16_b_3.10998_3417_1.tbl
HAT-P-1 b,Transmission,Montalto et al. 2015,,5,DOLORES,Telescopio Nazionale Galileo,0.5253,0.7666,,,,2015ApJ...811...55M,27/76/38/66/HAT_P_1_b_3.11003_3647_1.tbl
HAT-P-26 b,Transmission,Wakeford et al. 2017,,2,Infrared Array Camera (IRAC),Spitzer Space Telescope satellite,3.6,4.5,,,,2017Sci...356..628W,09/76/11/36/HAT_P_26_b_3.11010_4163_2.tbl
HAT-P-32 b,Transmission,Nortmann et al. 2016,,20,OSIRIS,Gran Telescopio CANARIAS 10.4m telescope,0.528,0.908,,,,2016A&A...594A..65N,40/28/82/27/HAT_P_32_b_3.11017_3792_1.tbl
HAT-P-8 b,Eclipse,Todorov et al. 2012,,2,Infrared Array Camera (IRAC),Spitzer Space Telescope satellite,3.6,4.5,,,"Table 4 (eclip depth), Table 5 (bright temp)",2012ApJ...746..111T,39/12/94/22/HAT_P_8_b_3.11027_3155_1.tbl
TrES-3 b,Eclipse,Christiansen et al. 2011,,1,High Resolution Imager (HRI),Deep Impact spacecraft,0.65,0.65,,,Table 6,2011ApJ...726...94C,97/39/15/28/TrES_3_b_3.11431_3153_1.tbl
WASP-12 b,Transmission,Stevenson et al. 2014,,2,Infrared Array Camera (IRAC),Spitzer Space Telescope satellite,3.6,4.5,,,,2014AJ....147..161S,94/67/07/55/WASP_12_b_3.11441_3579_2.tbl
WASP-17 b,Transmission,Sing et al. 2016,,12,Wide Field Camera 3,Hubble Space Telescope satellite,1.1319,1.6423,,,,2016Natur.529...59S,07/79/92/43/WASP_17_b_3.11446_3717_1.tbl
WASP-18 b,Eclipse,Arcangeli et al. 2018,,14,Wide Field Camera 3,Hubble Space Telescope satellite,1.156,1.583,,,Table 1,2018ApJ...855L..30A,16/63/04/19/WASP_18_b_3.11447_4180_1.tbl
XO-2 N b,Transmission,Pearson et al. 2019,,60,GMOS,Association of Universities for Research in Astronomy (AURA) 8.1m Frederick C. Gillett Gemini North Telescope at Mauna Kea Observatory,0.3951,0.6316,,,,2019AJ....157...21P,89/02/04/94/XO_2_N_b_3.11481_4246_1.tbl
GJ 3470 b,Transmission,Biddle et al. 2014,,2,,Large Binocular Telescope Observatory,0.3575,0.9635,2456340.72589,2456340.72589,,2014MNRAS.443.1810B,56/03/48/86/GJ_3470_b_3.11524_3413_1.tbl
GJ 3470 b,Transmission,Biddle et al. 2014,,2,SBIG imager,LCOGT 1m telescope at Cerro Tololo Inter-American Observatory,0.6274,0.87,2456300.68551,2456300.68551,,2014MNRAS.443.1810B,38/30/73/76/GJ_3470_b_3.11524_3413_7.tbl
GJ 3470 b,Transmission,Dragomir et al. 2015,,3,SBIG imager,LCOGT 1m telescope at South African Astronomical Observatory,0.763,0.763,2456684.40052,2456714.4316,,2015ApJ...814..102D,65/67/67/29/GJ_3470_b_3.11524_3712_5.tbl
WASP-98 b,Transmission,Mancini et al. 2016,,8,GROND,Max Planck Gesellschaft 2.2 meter Telescope at European Southern Observatory,0.459,0.8989,2456943.69594,2457029.61277,,2016MNRAS.461.1053M,42/69/84/13/WASP_98_b_3.11669_3846_1.tbl
WASP-74 b,Transmission,Mancini et al. 2019,,1,DLR-MKIII camera,Calar Alto Observatory's 1.2 meter Telescope,0.787,0.787,,,,2019MNRAS.485.5168M,49/47/85/26/WASP_74_b_3.11772_4289_3.tbl
WASP-121 b,Transmission,Evans et al. 2016,,31,Wide Field Camera 3,Hubble Space Telescope satellite,0.4365,1.6315,,,,2016ApJ...822L...4E,12/56/49/47/WASP_121_b_3.11900_3831_1.tbl
WASP-127 b,Transmission,Chen et al. 2018,,27,ALFOSC,Nordic Optical Telescope,0.405,0.935,,,,2018A&A...616A.145C,94/84/34/78/WASP_127_b_3.11973_4164_1.tbl
GJ 486 b,Transmission,Moran et al. 2023,,46,Near Infrared Spectrograph (NIRSpec),NASA 6.5m James Webb Space Telescope (JWST) Satellite Mission,2.854,5.026,,,FIREFLy pipeline,2023ApJ...948L..11M,70/04/27/26/GJ_486_b_3.12681_5146_2.tbl
Kepler-14 b,Transmission,D&eacute;sert et al. 2015,,1,Kepler CCD Array,The Kepler Mission,0.6,0.6,,,,2015ApJ...804...59D,77/65/09/23/Kepler_14_b_3.158_3665_2.tbl
KOI-94 d,Transmission,D&eacute;sert et al. 2015,,1,Infrared Array Camera (IRAC),Spitzer Space Telescope satellite,4.5,4.5,,,,2015ApJ...804...59D,82/80/48/15/KOI_94_d_3.18_3665_1.tbl
Kepler-11 e,Transmission,D&eacute;sert et al. 2015,,1,Kepler CCD Array,The Kepler Mission,0.6,0.6,,,,2015ApJ...804...59D,00/50/88/26/Kepler_11_e_3.207_3665_2.tbl
TrES-2 b,Eclipse,Croll et al. 2010,,1,Wide-field Infrared Camera (WIRCam),3.58m Canada-France-Hawaii Telescope (CFHT) at Mauna Kea Observatory,2.146,2.146,,,eclipse depth taken from Abstract,2010ApJ...717.1084C,02/17/63/22/TrES_2_b_3.237_2096_1.tbl
GJ 1214 b,Transmission,C&aacute;ceres et al. 2014,,1,SOI,The Southern Astrophysical Research Telescope,0.8665,0.8665,2455315.79475,2455315.79475,,2014A&A...565A...7C,84/08/19/77/GJ_1214_b_3.10969_3574_2.tbl
GJ 1214 b,Transmission,Bean et al. 2011,,36,MMIRS,Carnegie Institution for Science (CIS) 6.5m Landon Clay Telescope at Las Campanas Observatory (LCO),0.62,0.995,,,,2011ApJ...743...92B,45/78/69/11/GJ_1214_b_3.10969_3619_1.tbl
GJ 1214 b,Transmission,Kreidberg et al. 2014,,22,Wide Field Camera 3,Hubble Space Telescope satellite,1.1465,1.6305,,,,2014Natur.505...69K,99/80/73/15/GJ_1214_b_3.10969_3621_1.tbl
GJ 1214 b,Transmission,de Mooij et al. 2012,,1,LIRIS,Isaac Newton Group (ING) 4.2m William Herschel Telescope (WHT) at Observatorio del Roque de los Muchachos,2.27,2.27,2455426.42274,2455426.42274,,2012A&A...538A..46D,18/05/52/21/GJ_1214_b_3.10969_3663_2.tbl
GJ 1214 b,Transmission,de Mooij et al. 2012,,1,NOTCam,Nordic Optical Telescope,2.15,2.15,2455342.66057,2455342.66057,,2012A&A...538A..46D,25/44/72/05/GJ_1214_b_3.10969_3663_3.tbl
GJ 1214 b,Transmission,D&eacute;sert et al. 2011,,2,Infrared Array Camera (IRAC),Spitzer Space Telescope satellite,3.6,4.5,2455312.633085,2455314.21344,,2011ApJ...731L..40D,86/99/43/84/GJ_1214_b_3.10969_3697_1.tbl
GJ 1214 b,Transmission,de Mooij et al. 2013,,1,FORS,European Southern Observatory (ESO) 8.2m Very Large Telescope (VLT) Antu (UT1) at Paranal Observatory,0.4543,0.4543,,,,2013ApJ...771..109D,30/48/87/96/GJ_1214_b_3.10969_3698_2.tbl
GJ 1214 b,Transmission,Murgas et al. 2012,,3,OSIRIS,Gran Telescopio CANARIAS 10.4m telescope,0.6535,0.662,2455791.49603,2455791.49679,,2012A&A...544A..41M,62/17/01/33/GJ_1214_b_3.10969_3699_1.tbl
HD 189733 b,Transmission,Sing et al. 2016,,2,Near Infrared Camera and Multi-Object Spectrometer,Hubble Space Telescope satellite,1.925,2.3,,,,2016Natur.529...59S,31/00/75/55/HD_189733_b_3.11185_3717_1.tbl
GJ 436 b,Eclipse,Deming et al. 2007,,1,Infrared Array Camera (IRAC),Spitzer Space Telescope satellite,8.0,8.0,,,Table 1,2007ApJ...667L.199D,12/80/16/47/GJ_436_b_3.10974_399_1.tbl
HD 209458 b,Eclipse,Evans et al. 2015,,1,Infrared Array Camera (IRAC),Spitzer Space Telescope satellite,8.0,8.0,,,"Table 4, 2007 Dec 25",2015MNRAS.451..680E,68/19/60/86/HD_209458_b_3.11218_3627_2.tbl
HD 209458 b,Transmission,Sing et al. 2016,,93,Space Telescope Imaging Spectrograph,Hubble Space Telescope satellite,0.3072,0.9475,,,,2016Natur.529...59S,76/63/24/77/HD_209458_b_3.11218_3717_3.tbl
Qatar-1 b,Eclipse,Garhart et al. 2018,,2,Infrared Array Camera (IRAC),Spitzer Space Telescope satellite,3.6,4.5,,,Table 1,2018A&A...610A..55G,66/51/90/65/Qatar_1_b_3.11424_4187_1.tbl
TrES-1 b,Eclipse,Cubillos et al. 2014,,5,Infrared Array Camera (IRAC),Spitzer Space Telescope satellite,3.6,16.0,,,eclipse depth taken from Abstract,2014ApJ...797...42C,60/30/87/71/TrES_1_b_3.11430_3479_1.tbl
TrES-3 b,Transmission,Ricci et al. 2017,,1,MEXMAN,National Autonomous University of Mexico (UNAM) 0.84m Telescope at El Observatorio Astronomico Nacional/Sierra San Pedro Martir (OAN/SPM),0.894,0.894,,,,2017PASP..129f4401R,89/02/97/48/TrES_3_b_3.11431_3991_1.tbl
WASP-12 b,Eclipse,Crossfield et al. 2012,,20,SpeX,Infrared Telescope Facility,1.5375,2.3375,,,Table 2,2012ApJ...746...46C,92/00/10/19/WASP_12_b_3.11441_4100_1.tbl
WASP-12 b,Eclipse,Croll et al. 2015,,1,WIRCam,3.58m Canada-France-Hawaii Telescope (CFHT) at Mauna Kea Observatory,2.15,2.15,,,"Table 5, WASP-12 Ks band combined, Actual Eclipse",2015ApJ...802...28C,70/77/13/75/WASP_12_b_3.11441_4119_2.tbl
WASP-12 b,Eclipse,Croll et al. 2015,,1,WIRCam,3.58m Canada-France-Hawaii Telescope (CFHT) at Mauna Kea Observatory,2.22,2.22,,,"Table 5, WASP-12 K_CONT band, Actual Eclipse Depth",2015ApJ...802...28C,00/77/86/58/WASP_12_b_3.11441_4119_3.tbl
WASP-12 b,Transmission,Sing et al. 2013,,21,Space Telescope Imaging Spectrograph,Hubble Space Telescope satellite,0.335,1.631,2454508.977005,2454508.977005,,2013MNRAS.436.2956S,86/60/25/40/WASP_12_b_3.11441_3402_2.tbl
WASP-12 b,Transmission,Copperwheat et al. 2013,,3,Space Telescope Imaging Spectrograph,Hubble Space Telescope satellite,0.3557,0.601,2454836.40326,2454836.40326,,2013MNRAS.434..661C,00/45/88/08/WASP_12_b_3.11441_3581_1.tbl
WASP-12 b,Transmission,Kreidberg et al. 2015,,13,Wide Field Camera 3,Hubble Space Telescope satellite,0.867,1.6315,,,,2015ApJ...814...66K,98/21/93/73/WASP_12_b_3.11441_3677_1.tbl
WASP-14 b,Transmission,Wong et al. 2015,,2,Infrared Array Camera (IRAC),Spitzer Space Telescope satellite,3.6,4.5,2456034.21228,2456043.18707,,2015ApJ...811..122W,62/73/73/30/WASP_14_b_3.11443_3670_1.tbl
WASP-17 b,Transmission,Mandell et al. 2013,,19,Wide Field Camera 3,Hubble Space Telescope satellite,1.128,1.634,2455750.794793,2455750.794793,,2013ApJ...779..128M,50/19/25/79/WASP_17_b_3.11446_3583_1.tbl
WASP-17 b,Transmission,Sing et al. 2016,,2,Infrared Array Camera (IRAC),Spitzer Space Telescope satellite,3.56,4.5,,,,2016Natur.529...59S,69/71/81/60/WASP_17_b_3.11446_3717_2.tbl
WASP-17 b,Transmission,Sing et al. 2016,,25,Space Telescope Imaging Spectrograph,Hubble Space Telescope satellite,0.34,0.985,,,,2016Natur.529...59S,08/34/79/65/WASP_17_b_3.11446_3717_3.tbl
WASP-17 b,Transmission,Sedaghati et al. 2016,,41,FORS2,European Southern Observatory (ESO) 8.2m Very Large Telescope (VLT) Antu (UT1) at Paranal Observatory,0.575,0.795,2457192.69798,2457192.69798,,2016A&A...596A..47S,56/80/91/01/WASP_17_b_3.11446_3889_1.tbl
WASP-18 b,Eclipse,Zhou et al. 2015,,1,IRIS2,Australian National University (ANU) 3.9m Anglo-Australian Telescope (AAT) at Siding Spring Observatory (SSO),2.159,2.159,,,Table 2,2015MNRAS.454.3002Z,24/37/72/42/WASP_18_b_3.11447_4122_1.tbl
WASP-18 b,Eclipse,Sheppard et al. 2017,,1,IRIS2,Australian National University (ANU) 3.9m Anglo-Australian Telescope (AAT) at Siding Spring Observatory (SSO),2.15,2.15,,,Table 1,2017ApJ...850L..32S,88/51/82/86/WASP_18_b_3.11447_4181_1.tbl
WASP-18 b,Eclipse,Sheppard et al. 2017,,29,Wide Field Camera 3,Hubble Space Telescope satellite,1.127,1.647,,,Table 1,2017ApJ...850L..32S,87/43/15/44/WASP_18_b_3.11447_4181_3.tbl
WASP-18 b,Eclipse,Coulombe et al. 2023,,408,Near Infrared Imager and Slitless Spectrograph (NIRISS),NASA 6.5m James Webb Space Telescope (JWST) Satellite Mission,0.8543,2.827,,,NAMELESS pipeline,2023Natur.620..292C,23/32/50/44/WASP_18_b_3.11447_5159_1.tbl
WASP-18 b,Eclipse,Coulombe et al. 2023,,408,Near Infrared Imager and Slitless Spectrograph (NIRISS),NASA 6.5m James Webb Space Telescope (JWST) Satellite Mission,0.8543,2.827,,,supreme-SPOON pipeline,2023Natur.620..292C,93/81/48/18/WASP_18_b_3.11447_5159_3.tbl
HD 189733 b,Transmission,Sing et al. 2016,,20,Space Telescope Imaging Spectrograph,Hubble Space Telescope satellite,0.345,1.085,,,,2016Natur.529...59S,96/04/19/01/HD_189733_b_3.11185_3717_2.tbl
HD 189733 b,Transmission,Barnes et al. 2016,,15,HARPS Echelle Spectrograph,European Southern Observatory's 3.6 meter Telescope,0.3934,0.6563,,,,2016MNRAS.462.1012B,16/92/85/75/HD_189733_b_3.11185_3936_1.tbl
HD 189733 b,Eclipse,Knutson et al. 2009,,1,Infrared Array Camera (IRAC),Spitzer Space Telescope satellite,8.0,8.0,,,Table 1,2009ApJ...690..822K,17/05/55/52/HD_189733_b_3.11185_4077_2.tbl
HD 189733 b,Transmission,McCullough et al. 2014,,28,Wide Field Camera 3,Hubble Space Telescope satellite,1.1279,1.635,,,,2014ApJ...791...55M,68/63/48/90/HD_189733_b_3.11185_4618_1.tbl
HD 209458 b,Eclipse,Evans et al. 2015,,1,Infrared Array Camera (IRAC),Spitzer Space Telescope satellite,4.5,4.5,,,"Table 4, 2010 Jan 21",2015MNRAS.451..680E,08/81/35/99/HD_209458_b_3.11218_3627_3.tbl
HD 209458 b,Transmission,Evans et al. 2015,,8,IRAC,Spitzer Space Telescope satellite,3.6,8.0,2454458.5873,2455216.40564,,2015MNRAS.451..680E,81/64/74/82/HD_209458_b_3.11218_3627_5.tbl
HD 209458 b,Transmission,Sing et al. 2016,,2,Infrared Array Camera (IRAC),Spitzer Space Telescope satellite,3.56,4.5,,,,2016Natur.529...59S,28/70/19/86/HD_209458_b_3.11218_3717_1.tbl
HD 209458 b,Eclipse,Knutson et al. 2008,,4,Infrared Array Camera (IRAC),Spitzer Space Telescope satellite,3.6,8.0,,,Table 1,2008ApJ...673..526K,50/28/83/01/HD_209458_b_3.11218_4074_1.tbl
HD 209458 b,Eclipse,Zellem et al. 2014,,1,Infrared Array Camera (IRAC),Spitzer Space Telescope satellite,4.5,4.5,,,eclipse depth taken from Abstract,2014ApJ...790...53Z,47/78/73/18/HD_209458_b_3.11218_4114_1.tbl
HD 209458 b,Eclipse,Line et al. 2016,,10,Wide Field Camera 3,Hubble Space Telescope satellite,1.151,1.624,,,Table 2,2016AJ....152..203L,20/49/00/86/HD_209458_b_3.11218_4123_1.tbl
Qatar-1 b,Eclipse,Croll et al. 2015,,1,WIRCam,3.58m Canada-France-Hawaii Telescope (CFHT) at Mauna Kea Observatory,2.15,2.15,,,"Table 5, Qatar-1 Ks band",2015ApJ...802...28C,61/10/56/16/Qatar_1_b_3.11424_4119_1.tbl
WASP-19 b,Eclipse,Zhou et al. 2013,,1,Merope 2Kx2K,Las Cumbres Observatory Global Telescope Network (LCOGTN) 2m Faulkes Telescope South at Siding Spring Observatory (SSO),0.866,0.866,,,eclipse depth taken from Abstract,2013ApJ...774..118Z,96/47/48/67/WASP_19_b_3.11448_3426_1.tbl
TrES-3 b,Transmission,Ricci et al. 2017,,2,Multiple Instruments,Multiple Observatories,0.63,0.9222,,,,2017PASP..129f4401R,88/05/43/72/TrES_3_b_3.11431_3991_2.tbl
TrES-3 b,Eclipse,Fressin et al. 2010,,4,Infrared Array Camera (IRAC),Spitzer Space Telescope satellite,3.6,8.0,,,Table 1,2010ApJ...711..374F,76/03/26/15/TrES_3_b_3.11431_4086_1.tbl
TrES-4 b,Transmission,Ranjan et al. 2014,,10,WFC3,Hubble Space Telescope satellite,1.1225,1.638,,,,2014ApJ...785..148R,62/31/15/39/TrES_4_b_3.11432_3622_1.tbl
WASP-10 b,Eclipse,Kammer et al. 2015,,2,Infrared Array Camera (IRAC),Spitzer Space Telescope satellite,3.6,4.5,,,Table 3,2015ApJ...810..118K,55/99/97/89/WASP_10_b_3.11439_4121_1.tbl
WASP-19 b,Transmission,Mandell et al. 2013,,19,Wide Field Camera 3,Hubble Space Telescope satellite,1.118,1.624,2455744.032268,2455744.032268,,2013ApJ...779..128M,77/92/88/92/WASP_19_b_3.11448_3583_1.tbl
WASP-12 b,Eclipse,Stevenson et al. 2014,,4,Infrared Array Camera (IRAC),Spitzer Space Telescope satellite,3.6,8.0,,,Table 3,2014ApJ...791...36S,31/08/25/22/WASP_12_b_3.11441_3580_1.tbl
WASP-19 b,Transmission,Huitson et al. 2013,,6,Wide Field Camera 3,Hubble Space Telescope satellite,1.137,1.637,,,,2013MNRAS.434.3252H,87/83/47/14/WASP_19_b_3.11448_3585_2.tbl
WASP-19 b,Transmission,Wong et al. 2016,,2,Infrared Array Camera (IRAC),Spitzer Space Telescope satellite,3.6,4.5,2455777.16289,2455787.41786,From Table 3,2016ApJ...823..122W,65/05/70/46/WASP_19_b_3.11448_3855_1.tbl
WASP-24 b,Eclipse,Smith et al. 2012,,2,Infrared Array Camera (IRAC),Spitzer Space Telescope satellite,3.6,4.5,,,eclipse depth taken from Abstract,2012A&A...545A..93S,05/95/23/63/WASP_24_b_3.11452_4098_1.tbl
WASP-19 b,Transmission,Mancini et al. 2013,,1,DFOSC imager,Danish 1.54m telescope at European Southern Observatory,0.6469,0.6469,,,,2013MNRAS.436....2M,69/12/44/66/WASP_19_b_3.11448_3334_2.tbl
WASP-19 b,Transmission,Huitson et al. 2013,,4,Space Telescope Imaging Spectrograph,Hubble Space Telescope satellite,0.58,0.9295,,,,2013MNRAS.434.3252H,33/33/09/76/WASP_19_b_3.11448_3585_1.tbl
WASP-19 b,Transmission,Tregloan-Reed et al. 2013,,3,EFOSC2,New Technology Telescope,0.6814,0.6814,2455251.79628,2455255.74045,,2013MNRAS.428.3671T,24/64/97/81/WASP_19_b_3.11448_3648_1.tbl
WASP-19 b,Transmission,Sedaghati et al. 2015,,27,FORS2,European Southern Observatory (ESO) 8.2m Very Large Telescope (VLT) Antu (UT1) at Paranal Observatory,0.56,0.82,,,,2015A&A...576L..11S,18/71/37/70/WASP_19_b_3.11448_3652_1.tbl
WASP-19 b,Transmission,Lendl et al. 2013,,1,TRAPPISTCam,European Southern Observatory (ESO) 0.6m TRAnsiting Planets and PlanetesImals Small Telescope (TRAPPIST) at La Silla Observatory,0.838,0.838,,,,2013A&A...552A...2L,09/39/38/16/WASP_19_b_3.11448_3662_2.tbl
WASP-19 b,Eclipse,Anderson et al. 2013,,6,Infrared Array Camera (IRAC),Spitzer Space Telescope satellite,1.6,8.0,,,Table 3,2013MNRAS.430.3422A,93/87/77/47/WASP_19_b_3.11448_4111_1.tbl
WASP-21 b,Transmission,Alderson et al. 2020,,25,ACAM,Isaac Newton Group (ING) 4.2m William Herschel Telescope (WHT) at Observatorio del Roque de los Muchachos,0.4635,0.9,,,,2020MNRAS.497.5182A,72/94/10/60/WASP_21_b_3.11450_4707_1.tbl
WASP-29 b,Transmission,Gibson et al. 2013,,15,GMOS,Association of Universities for Research in Astronomy (AURA) 8.1m Gemini South Telescope at Cerro Pachon,0.5211,0.7175,,,,2013MNRAS.428.3680G,32/32/19/36/WASP_29_b_3.11456_3641_1.tbl
WASP-31 b,Transmission,Sing et al. 2015,,2,Infrared Array Camera (IRAC),Spitzer Space Telescope satellite,3.6,4.5,,,,2015MNRAS.446.2428S,62/23/36/28/WASP_31_b_3.11458_3639_1.tbl
WASP-31 b,Transmission,McGruder et al. 2020,,30,IMACS spectrograph,Magellan I Walter Baade Telescope,0.4093,0.8983,,,,2020AJ....160..230M,85/11/70/27/WASP_31_b_3.11458_4705_1.tbl
WASP-33 b,Eclipse,de Mooij et al. 2013,,1,LIRIS,Isaac Newton Group (ING) 4.2m William Herschel Telescope (WHT) at Observatorio del Roque de los Muchachos,2.15,2.15,,,eclipse depth taken from Abstract,2013A&A...550A..54D,14/24/89/96/WASP_33_b_3.11460_4106_1.tbl
WASP-33 b,Eclipse,Haynes et al. 2015,,106,Wide Field Camera 3,Hubble Space Telescope satellite,1.135,1.629,2456256.905,2456256.905,from Table 7; channel data; G141 grism,2015ApJ...806..146H,33/28/73/14/WASP_33_b_3.11460_4120_1.tbl
WASP-36 b,Eclipse,Zhou et al. 2015,,1,IRIS2,Australian National University (ANU) 3.9m Anglo-Australian Telescope (AAT) at Siding Spring Observatory (SSO),2.159,2.159,,,Table 2,2015MNRAS.454.3002Z,77/84/36/72/WASP_36_b_3.11463_4122_1.tbl
WASP-39 b,Transmission,Ricci et al. 2015,,1,Marconi CCD,Observatorio Astronomico Nacional's 2.1m Telescope,0.354,0.354,,,,2015PASP..127..143R,27/98/69/00/WASP_39_b_3.11466_3491_1.tbl
WASP-39 b,Transmission,Sing et al. 2016,,2,Infrared Array Camera (IRAC),Spitzer Space Telescope satellite,3.56,4.5,,,,2016Natur.529...59S,65/39/94/57/WASP_39_b_3.11466_3717_1.tbl
WASP-39 b,Transmission,Fischer et al. 2016,,2,Infrared Array Camera (IRAC),Spitzer Space Telescope satellite,3.6,4.5,2456401.39733,2456575.77465,,2016ApJ...827...19F,40/07/33/40/WASP_39_b_3.11466_3868_1.tbl
WASP-39 b,Transmission,Nikolov et al. 2016,,28,FORS2,European Southern Observatory (ESO) 8.2m Very Large Telescope (VLT) Antu (UT1) at Paranal Observatory,0.418,0.79,,,,2016ApJ...832..191N,68/86/51/20/WASP_39_b_3.11466_3939_1.tbl
WASP-26 b,Eclipse,Mahtani et al. 2013,,2,Infrared Array Camera (IRAC),Spitzer Space Telescope satellite,3.6,4.5,,,eclipse depth taken from Abstract,2013MNRAS.432..693M,71/71/93/68/WASP_26_b_3.11454_4112_1.tbl
WASP-33 b,Eclipse,Deming et al. 2012,,2,Infrared Array Camera (IRAC),Spitzer Space Telescope satellite,3.6,4.5,,,Table 3,2012ApJ...754..106D,32/21/88/31/WASP_33_b_3.11460_4104_2.tbl
WASP-33 b,Transmission,von Essen et al. 2019,,32,OSIRIS,Gran Telescopio CANARIAS 10.4m telescope,0.4303,0.869,,,,2019A&A...622A..71V,49/75/29/65/WASP_33_b_3.11460_4616_1.tbl
WASP-39 b,Transmission,Ricci et al. 2015,,2,Mexman,Observatorio Astronomico Nacional's 0.84m Telescope,0.634,0.804,,,,2015PASP..127..143R,88/05/90/99/WASP_39_b_3.11466_3491_2.tbl
WASP-39 b,Transmission,Ahrer et al. 2023,,107,Near Infrared Camera (NIRCam),NASA 6.5m James Webb Space Telescope (JWST) Satellite Mission,2.4275,4.0175,2459783.50161,2459783.50161,,2023Natur.614..653A,88/18/58/62/WASP_39_b_3.11466_5040_1.tbl
WASP-43 b,Eclipse,Chen et al. 2014,,2,GROND,European Southern Observatory (ESO)/Max Planck Gesellschaft (MPG) 2.2m Telescope at La Silla Observatory,0.763,2.19,,,eclipse depth taken from Abstract,2014A&A...563A..40C,78/57/33/47/WASP_43_b_3.11469_3425_1.tbl
WASP-43 b,Eclipse,Wang et al. 2013,,2,WIRCam,3.58m Canada-France-Hawaii Telescope (CFHT) at Mauna Kea Observatory,1.631,2.146,,,eclipse depth taken from Abstract,2013ApJ...770...70W,58/36/42/22/WASP_43_b_3.11469_4108_1.tbl
WASP-45 b,Transmission,Ciceri et al. 2016,,1,DFOSC,Danish 1.54m telescope at European Southern Observatory,0.6489,0.6489,,,,2016MNRAS.456..990C,02/46/07/85/WASP_45_b_3.11471_3701_1.tbl
WASP-45 b,Transmission,Ciceri et al. 2016,,1,EulerCam,The Swiss Euler 1.2m Telescope,0.6641,0.6641,,,,2016MNRAS.456..990C,90/11/82/85/WASP_45_b_3.11471_3701_3.tbl
WASP-45 b,Transmission,Ciceri et al. 2016,,4,GROND,Max Planck Gesellschaft 2.2 meter Telescope at European Southern Observatory,0.477,0.9134,,,,2016MNRAS.456..990C,65/93/89/64/WASP_45_b_3.11471_3701_2.tbl
WASP-46 b,Transmission,Ciceri et al. 2016,,1,EFOSC2,New Techology Telescope,0.5169,0.5169,,,,2016MNRAS.456..990C,43/84/56/17/WASP_46_b_3.11472_3701_3.tbl
WASP-46 b,Transmission,Ciceri et al. 2016,,1,EulerCam,The Swiss Euler 1.2m Telescope,0.6641,0.6641,,,,2016MNRAS.456..990C,90/44/55/07/WASP_46_b_3.11472_3701_2.tbl
WASP-48 b,Transmission,Ciceri et al. 2015,,2,BFOSC,Cassini 1.52m Telescope,0.629,0.629,,,,2015A&A...577A..54C,80/75/99/70/WASP_48_b_3.11473_3531_1.tbl
WASP-48 b,Transmission,Ciceri et al. 2015,,4,DLR-MKIII camera,Calar Alto Observatory's 1.2 meter Telescope,0.6469,0.7886,,,,2015A&A...577A..54C,01/13/32/41/WASP_48_b_3.11473_3531_3.tbl
WASP-4 b,Eclipse,C&aacute;ceres et al. 2011,,1,ISAAC,European Southern Observatory (ESO) 8.2m Very Large Telescope (VLT) Melipal (UT3) at Paranal Observatory,2.2,2.2,,,,2011A&A...530A...5C,40/91/59/43/WASP_4_b_3.11474_4092_1.tbl
WASP-4 b,Eclipse,Zhou et al. 2015,,1,IRIS2,Australian National University (ANU) 3.9m Anglo-Australian Telescope (AAT) at Siding Spring Observatory (SSO),2.159,2.159,,,Table 2,2015MNRAS.454.3002Z,47/92/99/57/WASP_4_b_3.11474_4122_1.tbl
WASP-4 b,Transmission,Hoyer et al. 2013,,3,SOI,4.1m Southern Astrophysical Research (SOAR) Telescope at Cerro Pachon,0.8665,0.8665,2454701.81303,2455096.59148,,2013MNRAS.434...46H,56/02/67/21/WASP_4_b_3.11474_4001_1.tbl
WASP-4 b,Transmission,Hoyer et al. 2013,,9,Y4KCam,The Small and Medium Research Telescope System (SMARTS) Yale 1.0m Telescope at Cerro Tololo Inter-American Observatory (CTIO),0.6469,0.8665,2454701.8128,2455832.61815,,2013MNRAS.434...46H,28/28/22/40/WASP_4_b_3.11474_4001_2.tbl
WASP-5 b,Eclipse,Baskin et al. 2013,,2,Infrared Array Camera (IRAC),Spitzer Space Telescope satellite,3.6,4.5,,,eclipse depth taken from Abstract,2013ApJ...773..124B,13/53/58/74/WASP_5_b_3.11476_4110_1.tbl
WASP-8 b,Eclipse,Cubillos et al. 2013,,3,Infrared Array Camera (IRAC),Spitzer Space Telescope satellite,3.6,8.0,,,,2013ApJ...768...42C,24/45/76/57/WASP_8_b_3.11479_4107_1.tbl
XO-1 b,Eclipse,Machalek et al. 2008,,4,Infrared Array Camera (IRAC),Spitzer Space Telescope satellite,3.6,8.0,,,Table 2,2008ApJ...684.1427M,85/66/26/05/XO_1_b_3.11480_4075_1.tbl
XO-1 b,Transmission,Deming et al. 2013,,29,Wide Field Camera 3,Hubble Space Telescope satellite,1.121,1.648,2455834.85186,2455834.85186,,2013ApJ...774...95D,62/52/30/64/XO_1_b_3.11480_3649_1.tbl
XO-1 b,Transmission,Crouzet et al. 2012,,15,Near Infrared Camera and Multi-Object Spectrometer,Hubble Space Telescope satellite,1.212,1.772,,,,2012ApJ...761....7C,15/24/98/93/XO_1_b_3.11480_4247_1.tbl
XO-2 N b,Eclipse,Machalek et al. 2009,,4,Infrared Array Camera (IRAC),Spitzer Space Telescope satellite,3.6,8.0,,,Table 1,2009ApJ...701..514M,32/02/24/21/XO_2_N_b_3.11481_4080_1.tbl
XO-2 N b,Transmission,Crouzet et al. 2012,,15,Near Infrared Camera and Multi-Object Spectrometer,Hubble Space Telescope satellite,1.205,1.765,,,,2012ApJ...761....7C,81/52/89/98/XO_2_N_b_3.11481_4247_1.tbl
XO-3 b,Eclipse,Machalek et al. 2010,,4,Infrared Array Camera (IRAC),Spitzer Space Telescope satellite,3.6,8.0,,,Table 1,2010ApJ...711..111M,64/33/23/56/XO_3_b_3.11482_4085_1.tbl
WASP-79 b,Transmission,Sotzen et al. 2020,,2,Infrared Array Camera (IRAC),Spitzer Space Telescope satellite,3.56,4.5,,,,2020AJ....159....5S,99/06/78/29/WASP_79_b_3.11520_4598_1.tbl
WASP-79 b,Transmission,Sotzen et al. 2020,,8,LDSS-3C,Carnegie Institution for Science (CIS) 6.5m Landon Clay Telescope at Las Campanas Observatory (LCO),0.647,1.0,,,,2020AJ....159....5S,32/60/64/12/WASP_79_b_3.11520_4598_2.tbl
WASP-79 b,Transmission,Sotzen et al. 2020,,1,TESS CCD Array,Transiting Exoplanet Survey Satellite,0.808,0.808,,,,2020AJ....159....5S,84/69/66/77/WASP_79_b_3.11520_4598_3.tbl
KELT-1 b,Eclipse,Beatty et al. 2014,,2,Infrared Array Camera (IRAC),Spitzer Space Telescope satellite,3.6,4.5,,,eclipse depth taken from Abstract,2014ApJ...783..112B,96/71/66/88/KELT_1_b_3.11521_4113_2.tbl
KELT-1 b,Eclipse,Beatty et al. 2017,,5,LUCI1,LBT Consortium Large Binocular Telescope (LBT) at Mount Graham International Observatory,1.57,1.73,,,Table 3,2017AJ....154..242B,17/50/30/35/KELT_1_b_3.11521_4126_1.tbl
GJ 3470 b,Eclipse,Benneke et al. 2019,,2,Infrared Array Camera (IRAC),Spitzer Space Telescope satellite,3.6,4.5,,,Supplementary Table 3,2019NatAs...3..813B,60/43/60/96/GJ_3470_b_3.11524_4359_1.tbl
GJ 3470 b,Transmission,Biddle et al. 2014,,3,CCD-2 Direct Imaging Camera,Lick Observatory's 1m Nickel Telescope,0.9222,0.9222,2456253.9729,2456350.73524,,2014MNRAS.443.1810B,79/09/13/31/GJ_3470_b_3.11524_3413_10.tbl
WASP-57 b,Transmission,Southworth et al. 2015,,4,BUSCA,Calar Alto Observatory's 2.2 meter Telescope,0.35,0.91,,,,2015MNRAS.454.3094S,66/45/47/17/WASP_57_b_3.11556_3659_2.tbl
WASP-57 b,Transmission,Southworth et al. 2015,,1,EulerCam,The Swiss Euler 1.2m Telescope,0.66,0.66,,,,2015MNRAS.454.3094S,28/27/28/76/WASP_57_b_3.11556_3659_4.tbl
WASP-52 b,Transmission,Chen et al. 2017,,26,OSIRIS,Gran Telescopio CANARIAS 10.4m telescope,0.5306,0.8945,,,,2017A&A...600L..11C,05/73/27/63/WASP_52_b_3.11565_3988_1.tbl
WASP-80 b,Eclipse,Triaud et al. 2015,,2,Infrared Array Camera (IRAC),Spitzer Space Telescope satellite,3.6,4.5,,,Table 1,2015MNRAS.450.2279T,89/71/73/72/WASP_80_b_3.11585_3542_1.tbl
WASP-80 b,Transmission,Triaud et al. 2015,,2,GROND,Max Planck Gesellschaft 2.2 meter Telescope at European Southern Observatory,0.47,0.77,,,,2015MNRAS.450.2279T,11/86/26/89/WASP_80_b_3.11585_3542_5.tbl
WASP-80 b,Transmission,Fukui et al. 2014,,2,ISLE,National Astronomical Observatory of Japan's Okayama Astrophysical Observatory 1.88m Telescope,1.215,1.215,2456518.10335,2456557.98585,,2014ApJ...790..108F,35/67/42/35/WASP_80_b_3.11585_3637_3.tbl
WASP-103 b,Transmission,Southworth &amp; Evans 2016,,4,GROND,Max Planck Gesellschaft 2.2 meter Telescope at European Southern Observatory,0.477,0.9134,,,,2016MNRAS.463...37S,35/80/25/74/WASP_103_b_3.11649_3854_1.tbl
WASP-103 b,Eclipse,Cartier et al. 2017,,22,Wide Field Camera 3,Hubble Space Telescope satellite,1.0806,1.6848,,,Table 6,2017AJ....153...34C,87/46/18/45/WASP_103_b_3.11649_4124_1.tbl
WASP-96 b,Transmission,Nikolov et al. 2018,,49,FORS2,European Southern Observatory (ESO) 8.2m Very Large Telescope (VLT) Antu (UT1) at Paranal Observatory,0.3756,0.7973,,,,2018Natur.557..526N,87/10/59/86/WASP_96_b_3.11667_4178_1.tbl
WASP-117 b,Transmission,Anisman et al. 2020,,18,Wide Field Camera 3,Hubble Space Telescope satellite,1.1262,1.6237,,,,2020AJ....160..233A,47/85/70/31/WASP_117_b_3.11700_4695_1.tbl
K2-3 c,Transmission,Beichman et al. 2016,,1,Infrared Array Camera (IRAC),Spitzer Space Telescope satellite,4.5,4.5,,,,2016ApJ...822...39B,29/27/01/18/K2_3_c_3.11742_3773_1.tbl
K2-3 d,Transmission,Beichman et al. 2016,,1,Infrared Array Camera (IRAC),Spitzer Space Telescope satellite,4.5,4.5,,,,2016ApJ...822...39B,79/33/18/21/K2_3_d_3.11743_3773_2.tbl
WASP-74 b,Transmission,Mancini et al. 2019,,7,GROND,Max Planck Gesellschaft 2.2 meter Telescope at European Southern Observatory,0.459,2.17,,,,2019MNRAS.485.5168M,93/75/01/45/WASP_74_b_3.11772_4289_2.tbl
K2-18 b,Transmission,Tsiaras et al. 2019,,17,Wide Field Camera 3,Hubble Space Telescope satellite,1.156,1.606,,,,2019NatAs...3.1086T,52/38/19/41/K2_18_b_3.11793_4396_1.tbl
K2-26 b,Transmission,Beichman et al. 2016,,1,Kepler CCD Array,The Kepler Mission,0.6,0.6,,,,2016ApJ...822...39B,15/60/67/80/K2_26_b_3.11845_3773_2.tbl
WASP-76 b,Transmission,Edwards et al. 2020,,25,Wide Field Camera 3,Hubble Space Telescope satellite,1.1262,1.6294,,,,2020AJ....160....8E,34/29/72/34/WASP_76_b_3.11846_4623_2.tbl
WASP-121 b,Eclipse,Evans et al. 2017,,28,Wide Field Camera 3,Hubble Space Telescope satellite,1.131,1.632,,,,2017Natur.548...58E,94/12/71/20/WASP_121_b_3.11900_4003_1.tbl
WASP-121 b,Transmission,Sing et al. 2019,,5,Space Telescope Imaging Spectrograph,Hubble Space Telescope satellite,0.2387,0.2986,,,,2019AJ....158...91S,04/27/13/83/WASP_121_b_3.11900_4615_1.tbl
WASP-127 b,Transmission,Palle et al. 2017,,23,ALFOSC,Nordic Optical Telescope,0.425,0.875,,,,2017A&A...602L..15P,96/62/58/39/WASP_127_b_3.11973_3990_1.tbl
KELT-11 b,Transmission,Col&oacute;n et al. 2020,,21,Wide Field Camera 3,Hubble Space Telescope satellite,1.137,1.637,,,,2020AJ....160..280C,62/24/60/89/KELT_11_b_3.12023_4692_2.tbl
KELT-9 b,Transmission,Turner et al. 2020,,4,CARMENES,Max Planck Institute for Astronomy and Institute of Astrophysics of Andalusia (CSIC) 3.5m Telescope at Calar Alto Observatory,0.6565,0.8665,,,,2020ApJ...888L..13T,94/06/86/48/KELT_9_b_3.12026_4614_1.tbl
WASP-107 b,Transmission,Spake et al. 2018,,49,Wide Field Camera 3,Hubble Space Telescope satellite,0.8916,1.616,,,,2018Natur.557...68S,31/27/74/29/WASP_107_b_3.12045_4177_1.tbl
GJ 486 b,Transmission,Moran et al. 2023,,47,Near Infrared Spectrograph (NIRSpec),NASA 6.5m James Webb Space Telescope (JWST) Satellite Mission,2.865,5.119,,,Tiberius pipeline,2023ApJ...948L..11M,22/36/54/32/GJ_486_b_3.12681_5146_3.tbl
Kepler-18 c,Transmission,D&eacute;sert et al. 2015,,1,Kepler CCD Array,The Kepler Mission,0.6,0.6,,,,2015ApJ...804...59D,37/07/99/71/Kepler_18_c_3.132_3665_2.tbl
Kepler-61 b,Transmission,D&eacute;sert et al. 2015,,1,Infrared Array Camera (IRAC),Spitzer Space Telescope satellite,4.5,4.5,,,,2015ApJ...804...59D,38/68/17/85/Kepler_61_b_3.1497_3665_2.tbl
KOI-13 b,Eclipse,Beatty et al. 2017,,15,Wide Field Camera 3,Hubble Space Telescope satellite,1.142,1.632,2456776.234108,2456776.234131,Table 4; absolute depth; obs. date corresponds to night 1,2017AJ....154..158B,14/69/53/64/Kepler_13_A_b_3.155_4125_1.tbl
Kepler-102 e,Transmission,D&eacute;sert et al. 2015,,1,Kepler CCD Array,The Kepler Mission,0.6,0.6,,,,2015ApJ...804...59D,52/42/32/02/Kepler_102_e_3.157_3665_2.tbl
Kepler-125 b,Transmission,D&eacute;sert et al. 2015,,1,Kepler CCD Array,The Kepler Mission,0.6,0.6,,,,2015ApJ...804...59D,25/23/32/66/Kepler_125_b_3.160_3665_1.tbl
Kepler-125 b,Transmission,D&eacute;sert et al. 2015,,2,Infrared Array Camera (IRAC),Spitzer Space Telescope satellite,4.5,4.5,,,,2015ApJ...804...59D,37/78/37/49/Kepler_125_b_3.160_3665_2.tbl
Kepler-62 e,Transmission,D&eacute;sert et al. 2015,,1,Infrared Array Camera (IRAC),Spitzer Space Telescope satellite,4.5,4.5,,,,2015ApJ...804...59D,35/66/08/92/Kepler_62_e_3.1785_3665_1.tbl
Kepler-249 d,Transmission,D&eacute;sert et al. 2015,,3,Infrared Array Camera (IRAC),Spitzer Space Telescope satellite,4.5,4.5,,,,2015ApJ...804...59D,25/20/00/62/Kepler_249_d_3.1799_3665_1.tbl
KOI-94 d,Transmission,D&eacute;sert et al. 2015,,1,Kepler CCD Array,The Kepler Mission,0.6,0.6,,,,2015ApJ...804...59D,59/85/91/12/KOI_94_d_3.18_3665_2.tbl
Kepler-61 b,Transmission,D&eacute;sert et al. 2015,,1,Kepler CCD Array,The Kepler Mission,0.6,0.6,,,,2015ApJ...804...59D,15/01/31/40/Kepler_61_b_3.1497_3665_1.tbl
Kepler-26 c,Transmission,D&eacute;sert et al. 2015,,3,Infrared Array Camera (IRAC),Spitzer Space Telescope satellite,4.5,4.5,,,,2015ApJ...804...59D,47/75/65/24/Kepler_26_c_3.203_3665_2.tbl
Kepler-236 c,Transmission,D&eacute;sert et al. 2015,,2,Infrared Array Camera (IRAC),Spitzer Space Telescope satellite,4.5,4.5,,,,2015ApJ...804...59D,89/09/94/43/Kepler_236_c_3.448_3665_1.tbl
HD 189733 b,Transmission,Pont et al. 2013,,1,Multiband Imaging Photometer (MIPS),Spitzer Space Telescope satellite,24.0,24.0,2454398.6056,2454398.6056,,2013MNRAS.432.2917P,63/58/64/23/HD_189733_b_3.11185_3590_3.tbl
55 Cnc e,Eclipse,Demory et al. 2012,,1,Infrared Array Camera (IRAC),Spitzer Space Telescope satellite,4.5,4.5,,,,2012ApJ...751L..28D,36/94/31/60/55_Cnc_e_3.10924_4102_1.tbl
55 Cnc e,Eclipse,Demory et al. 2016,,2,Infrared Array Camera (IRAC),Spitzer Space Telescope satellite,4.5,4.5,,,Table 2,2016MNRAS.455.2018D,27/26/74/71/55_Cnc_e_3.10924_3724_1.tbl
55 Cnc e,Transmission,Demory et al. 2011,,1,Infrared Array Camera (IRAC),Spitzer Space Telescope satellite,4.5,4.5,2455568.0265,2455568.0265,,2011A&A...533A.114D,34/62/75/84/55_Cnc_e_3.10924_3696_1.tbl
CoRoT-1 b,Transmission,Ranjan et al. 2014,,10,WFC3,Hubble Space Telescope satellite,1.144,1.59,,,,2014ApJ...785..148R,02/15/51/07/CoRoT_1_b_3.10951_3622_1.tbl
CoRoT-2 b,Eclipse,Alonso et al. 2010,,1,LIRIS,Isaac Newton Group (ING) 4.2m William Herschel Telescope (WHT) at Observatorio del Roque de los Muchachos,2.15,2.15,,,eclipse depth taken from Abstract,2010AJ....139.1481A,60/73/74/39/CoRoT_2_b_3.10954_4081_1.tbl
GJ 1214 b,Transmission,Wilson et al. 2014,,8,OSIRIS,Gran Telescopio CANARIAS 10.4m telescope,0.81,0.885,2455350.563492,2455723.539027,,2014MNRAS.438.2395W,00/62/76/21/GJ_1214_b_3.10969_3419_1.tbl
GJ 1214 b,Transmission,de Mooij et al. 2012,,2,WFC,Isaac Newton Group's Isaac Newton Telescope,0.63,0.82,2455342.66081,2455407.45754,,2012A&A...538A..46D,78/55/02/74/GJ_1214_b_3.10969_3663_4.tbl
GJ 1214 b,Transmission,Rackham et al. 2017,,14,IMACS spectrograph,Magellan I Walter Baade Telescope,0.5078,0.9162,,,,2017ApJ...834..151R,82/25/70/11/GJ_1214_b_3.10969_3940_1.tbl
GJ 436 b,Transmission,Knutson et al. 2014,,28,Wide Field Camera 3,Hubble Space Telescope satellite,1.136,1.645,2456226.69131,2456226.69131,,2014Natur.505...66K,22/30/43/84/GJ_436_b_3.10974_3422_1.tbl
GJ 436 b,Transmission,Knutson et al. 2011,,8,Infrared Array Camera (IRAC),Spitzer Space Telescope satellite,3.6,8.0,2454280.78193,2454865.08345,,2011ApJ...735...27K,92/26/54/03/GJ_436_b_3.10974_3635_1.tbl
HAT-P-12 b,Transmission,Mallonn et al. 2015,,1,Keplercam,Fred Lawrence Whipple Observatory's 1.2 meter Telescope,0.9222,0.9222,,,,2015A&A...583A.138M,45/19/82/82/HAT_P_12_b_3.10993_3675_3.tbl
HAT-P-12 b,Transmission,Mallonn et al. 2015,,1,StanCam,Nordic Optical Telescope,0.429,0.429,,,,2015A&A...583A.138M,48/54/85/55/HAT_P_12_b_3.10993_3675_5.tbl
HAT-P-12 b,Transmission,Mallonn et al. 2015,,2,WiFSIP,STELLA Robotic Observatory,0.5477,0.7698,,,,2015A&A...583A.138M,15/38/48/31/HAT_P_12_b_3.10993_3675_1.tbl
HAT-P-12 b,Transmission,Sing et al. 2016,,2,Infrared Array Camera (IRAC),Spitzer Space Telescope satellite,3.56,4.5,,,,2016Natur.529...59S,59/53/57/59/HAT_P_12_b_3.10993_3717_3.tbl
HAT-P-12 b,Transmission,Yan et al. 2020,,17,MODS1,Large Binocular Telescope Observatory,0.395,0.945,,,,2020A&A...642A..98Y,00/75/95/30/HAT_P_12_b_3.10993_4708_2.tbl
HAT-P-13 b,Eclipse,Buhler et al. 2016,,2,Infrared Array Camera (IRAC),Spitzer Space Telescope satellite,3.6,4.5,,,Table 1,2016ApJ...821...26B,51/43/02/28/HAT_P_13_b_3.10994_3796_1.tbl
HAT-P-14 b,Transmission,Fukui et al. 2016,,1,AFOSC,Asiago Observatory's Copernico Telescope,0.648,0.648,,,,2016ApJ...819...27F,80/32/97/42/HAT_P_14_b_3.10996_3790_5.tbl
HAT-P-14 b,Transmission,Fukui et al. 2016,,3,MuSCAT,National Astronomical Observatory of Japan's Okayama Astrophysical Observatory 1.88m Telescope,0.479,0.869,,,,2016ApJ...819...27F,37/14/13/20/HAT_P_14_b_3.10996_3790_3.tbl
HAT-P-14 b,Transmission,Fukui et al. 2016,,1,Spectral camera,Faulkes Telescope North,0.87,0.87,,,,2016ApJ...819...27F,37/91/74/94/HAT_P_14_b_3.10996_3790_1.tbl
HAT-P-19 b,Eclipse,Kammer et al. 2015,,2,Infrared Array Camera (IRAC),Spitzer Space Telescope satellite,3.6,4.5,,,Table 3,2015ApJ...810..118K,01/25/57/37/HAT_P_19_b_3.11002_4121_1.tbl
HAT-P-19 b,Transmission,Mallonn et al. 2015,,57,WiFSIP,STELLA Robotic Observatory,0.5641,0.7642,,,,2015A&A...580A..60M,99/36/32/72/HAT_P_19_b_3.11002_3935_1.tbl
HAT-P-1 b,Eclipse,Todorov et al. 2010,,4,Infrared Array Camera (IRAC),Spitzer Space Telescope satellite,3.6,8.0,,,Table 1,2010ApJ...708..498T,99/66/53/40/HAT_P_1_b_3.11003_4082_1.tbl
HAT-P-1 b,Eclipse,de Mooij et al. 2011,,1,LIRIS,Isaac Newton Group (ING) 4.2m William Herschel Telescope (WHT) at Observatorio del Roque de los Muchachos,2.2,2.2,,,Table 1,2011A&A...528A..49D,26/89/18/65/HAT_P_1_b_3.11003_4091_1.tbl
HAT-P-1 b,Transmission,Wakeford et al. 2013,,28,Wide Field Camera 3,Hubble Space Telescope satellite,1.1269,1.6453,2456114.345307,2456114.345307,,2013MNRAS.435.3481W,19/79/20/79/HAT_P_1_b_3.11003_3403_1.tbl
HAT-P-1 b,Transmission,Nikolov et al. 2014,,14,Space Telescope Imaging Spectrograph,Hubble Space Telescope satellite,0.335,0.97,,,,2014MNRAS.437...46N,59/70/04/48/HAT_P_1_b_3.11003_3598_1.tbl
HAT-P-1 b,Transmission,Sing et al. 2016,,17,Wide Field Camera 3,Hubble Space Telescope satellite,1.1347,1.6555,,,,2016Natur.529...59S,44/89/24/45/HAT_P_1_b_3.11003_3717_2.tbl
HAT-P-23 b,Transmission,Ciceri et al. 2015,,7,DLR-MKIII camera,Calar Alto Observatory's 1.2 meter Telescope,0.6469,0.6469,,,,2015A&A...577A..54C,05/43/71/24/HAT_P_23_b_3.11007_3531_2.tbl
HAT-P-26 b,Transmission,Stevenson et al. 2016,,2,Infrared Array Camera (IRAC),Spitzer Space Telescope satellite,3.6,4.5,2456405.6237,2456545.3622,,2016ApJ...817..141S,28/76/53/69/HAT_P_26_b_3.11010_3723_1.tbl
HAT-P-26 b,Transmission,Stevenson et al. 2016,,23,LDSS-3C,Carnegie Institution for Science (CIS) 6.5m Landon Clay Telescope at Las Campanas Observatory (LCO),0.7188,0.9937,2457129.72248,2457129.72248,,2016ApJ...817..141S,35/47/36/32/HAT_P_26_b_3.11010_3723_2.tbl
HAT-P-26 b,Transmission,Wakeford et al. 2017,,18,Wide Field Camera 3,Hubble Space Telescope satellite,0.847,1.617,,,,2017Sci...356..628W,62/82/45/00/HAT_P_26_b_3.11010_4163_3.tbl
HAT-P-32 b,Eclipse,Zhao et al. 2014,,2,Wide-field Infra-Red Camera (WIRC),California Institute of Technology 5.1m (200inch) Hale Telescope at Palomar Observatory,1.635,2.15,,,Table 2,2014ApJ...796..115Z,51/55/23/57/HAT_P_32_b_3.11017_3465_2.tbl
WASP-101 b,Transmission,Wakeford et al. 2017,,15,Wide Field Camera 3,Hubble Space Telescope satellite,1.1425,1.6325,,,,2017ApJ...835L..12W,38/31/21/94/WASP_101_b_3.11672_3942_1.tbl
K2-3 b,Transmission,Beichman et al. 2016,,1,Infrared Array Camera (IRAC),Spitzer Space Telescope satellite,4.5,4.5,,,,2016ApJ...822...39B,49/61/31/51/K2_3_b_3.11741_3773_1.tbl
WASP-74 b,Transmission,Mancini et al. 2019,,1,DFOSC,Danish 1.54m telescope at European Southern Observatory,0.798,0.798,,,,2019MNRAS.485.5168M,36/24/45/11/WASP_74_b_3.11772_4289_1.tbl
K2-18 b,Transmission,Benneke et al. 2019,,1,Kepler CCD camera,The Kepler Mission,0.66,0.66,,,,2019ApJ...887L..14B,26/73/62/03/K2_18_b_3.11793_4609_2.tbl
GJ 1132 b,Transmission,Southworth et al. 2017,,4,GROND,Max Planck Gesellschaft 2.2 meter Telescope at European Southern Observatory,0.477,0.9134,,,,2017AJ....153..191S,30/14/58/15/GJ_1132_b_3.11819_3971_1.tbl
GJ 1132 b,Transmission,Swain et al. 2021,,94,Wide Field Camera 3,Hubble Space Telescope satellite,1.13,1.637,,,,2021AJ....161..213S,05/45/36/57/GJ_1132_b_3.11819_4749_1.tbl
WASP-76 b,Eclipse,Edwards et al. 2020,,25,Wide Field Camera 3,Hubble Space Telescope satellite,1.1262,1.6294,,,,2020AJ....160....8E,01/66/80/64/WASP_76_b_3.11846_4623_1.tbl
WASP-127 b,Transmission,Chen et al. 2018,,86,OSIRIS,Gran Telescopio CANARIAS 10.4m telescope,0.5242,1.013,,,,2018A&A...616A.145C,59/97/87/96/WASP_127_b_3.11973_4164_2.tbl
Kepler-18 c,Transmission,D&eacute;sert et al. 2015,,1,Infrared Array Camera (IRAC),Spitzer Space Telescope satellite,4.5,4.5,,,,2015ApJ...804...59D,12/55/85/99/Kepler_18_c_3.132_3665_1.tbl
Kepler-410 A b,Transmission,D&eacute;sert et al. 2015,,1,Kepler CCD Array,The Kepler Mission,0.6,0.6,,,,2015ApJ...804...59D,58/53/59/97/Kepler_410_A_b_3.136_3665_2.tbl
Kepler-94 b,Transmission,D&eacute;sert et al. 2015,,2,Infrared Array Camera (IRAC),Spitzer Space Telescope satellite,4.5,4.5,,,,2015ApJ...804...59D,91/57/69/02/Kepler_94_b_3.159_3665_1.tbl
Kepler-94 b,Transmission,D&eacute;sert et al. 2015,,1,Kepler CCD Array,The Kepler Mission,0.6,0.6,,,,2015ApJ...804...59D,54/87/06/03/Kepler_94_b_3.159_3665_2.tbl
Kepler-32 d,Transmission,D&eacute;sert et al. 2015,,2,Infrared Array Camera (IRAC),Spitzer Space Telescope satellite,4.5,4.5,,,,2015ApJ...804...59D,50/30/70/66/Kepler_32_d_3.1803_3665_1.tbl
Kepler-49 c,Transmission,D&eacute;sert et al. 2015,,3,Infrared Array Camera (IRAC),Spitzer Space Telescope satellite,4.5,4.5,,,,2015ApJ...804...59D,45/43/90/00/Kepler_49_c_3.196_3665_2.tbl
Kepler-49 c,Transmission,D&eacute;sert et al. 2015,,1,Kepler CCD Array,The Kepler Mission,0.6,0.6,,,,2015ApJ...804...59D,22/22/36/31/Kepler_49_c_3.196_3665_1.tbl
Kepler-26 c,Transmission,D&eacute;sert et al. 2015,,1,Kepler CCD Array,The Kepler Mission,0.6,0.6,,,,2015ApJ...804...59D,84/22/06/87/Kepler_26_c_3.203_3665_1.tbl
Kepler-102 d,Transmission,D&eacute;sert et al. 2015,,2,Infrared Array Camera (IRAC),Spitzer Space Telescope satellite,4.5,4.5,,,,2015ApJ...804...59D,41/40/22/66/Kepler_102_d_3.204_3665_1.tbl
Kepler-11 e,Transmission,D&eacute;sert et al. 2015,,2,Infrared Array Camera (IRAC),Spitzer Space Telescope satellite,4.5,4.5,,,,2015ApJ...804...59D,63/21/77/31/Kepler_11_e_3.207_3665_1.tbl
Kepler-25 c,Transmission,D&eacute;sert et al. 2015,,1,Kepler CCD Array,The Kepler Mission,0.6,0.6,,,,2015ApJ...804...59D,21/73/66/34/Kepler_25_c_3.209_3665_2.tbl
Kepler-37 d,Transmission,D&eacute;sert et al. 2015,,1,Kepler CCD Array,The Kepler Mission,0.6,0.6,,,,2015ApJ...804...59D,22/92/45/34/Kepler_37_d_3.211_3665_1.tbl
Kepler-25 b,Transmission,D&eacute;sert et al. 2015,,3,Infrared Array Camera (IRAC),Spitzer Space Telescope satellite,4.5,4.5,,,,2015ApJ...804...59D,34/50/46/14/Kepler_25_b_3.213_3665_1.tbl
TrES-2 b,Eclipse,Christiansen et al. 2011,,1,High Resolution Imager (HRI),Deep Impact spacecraft,0.65,0.65,,,Table 6,2011ApJ...726...94C,47/24/51/88/TrES_2_b_3.237_3153_1.tbl
Kepler-18 d,Transmission,D&eacute;sert et al. 2015,,1,Kepler CCD Array,The Kepler Mission,0.6,0.6,,,,2015ApJ...804...59D,63/30/39/38/Kepler_18_d_3.245_3665_2.tbl
Kepler-104 d,Transmission,D&eacute;sert et al. 2015,,1,Kepler CCD Array,The Kepler Mission,0.6,0.6,,,,2015ApJ...804...59D,22/98/30/95/Kepler_104_d_3.252_3665_2.tbl
Kepler-126 d,Transmission,D&eacute;sert et al. 2015,,1,Infrared Array Camera (IRAC),Spitzer Space Telescope satellite,4.5,4.5,,,,2015ApJ...804...59D,18/38/45/87/Kepler_126_d_3.262_3665_1.tbl
Kepler-126 d,Transmission,D&eacute;sert et al. 2015,,1,Kepler CCD Array,The Kepler Mission,0.6,0.6,,,,2015ApJ...804...59D,00/04/41/57/Kepler_126_d_3.262_3665_2.tbl
Kepler-138 c,Transmission,D&eacute;sert et al. 2015,,1,Infrared Array Camera (IRAC),Spitzer Space Telescope satellite,4.5,4.5,,,,2015ApJ...804...59D,54/58/35/79/Kepler_138_c_3.302_3665_1.tbl
Kepler-22 b,Transmission,D&eacute;sert et al. 2015,,1,Infrared Array Camera (IRAC),Spitzer Space Telescope satellite,4.5,4.5,,,,2015ApJ...804...59D,63/05/34/51/Kepler_22_b_3.35_3665_1.tbl
Kepler-5 b,Eclipse,D&eacute;sert et al. 2011,,2,Infrared Array Camera (IRAC),Spitzer Space Telescope satellite,3.6,4.5,,,Table 2,2011ApJS..197...11D,46/94/89/59/Kepler_5_b_3.4_4096_1.tbl
HAT-P-18 b,Transmission,Kirk et al. 2017,,17,ACAM,Isaac Newton Group (ING) 4.2m William Herschel Telescope (WHT) at Observatorio del Roque de los Muchachos,0.4874,0.9124,,,,2017MNRAS.468.3907K,71/12/09/52/HAT_P_18_b_3.11001_3989_1.tbl
WASP-12 b,Transmission,Mandell et al. 2013,,19,Wide Field Camera 3,Hubble Space Telescope satellite,1.145,1.633,2455663.699736,2455663.699736,,2013ApJ...779..128M,04/80/62/07/WASP_12_b_3.11441_3583_1.tbl
WASP-48 b,Transmission,Ciceri et al. 2015,,4,BUSCA,Calar Alto Observatory's 2.2 meter Telescope,0.3585,0.7886,,,,2015A&A...577A..54C,60/66/73/70/WASP_48_b_3.11473_3531_2.tbl
WASP-67 b,Transmission,Mancini et al. 2014,,1,DFOSC,Danish 1.54m telescope at European Southern Observatory,0.6489,0.6489,,,,2014A&A...568A.127M,54/28/38/72/WASP_67_b_3.11547_3450_3.tbl
K2-3 b,Transmission,Beichman et al. 2016,,1,Kepler CCD Array,The Kepler Mission,0.6,0.6,,,,2016ApJ...822...39B,09/16/59/96/K2_3_b_3.11741_3773_2.tbl
Kepler-249 d,Transmission,D&eacute;sert et al. 2015,,1,Kepler CCD Array,The Kepler Mission,0.6,0.6,,,,2015ApJ...804...59D,22/99/00/10/Kepler_249_d_3.1799_3665_2.tbl
GJ 3470 b,Transmission,Fukui et al. 2013,,3,,National Astronomical Observatory of Japan's Okayama Astrophysical Observatory 0.5m Telescope,0.4858,0.7886,2456247.29954,2456247.29954,,2013ApJ...770...95F,74/33/69/86/GJ_3470_b_3.11524_3570_1.tbl
WASP-80 b,Transmission,Fukui et al. 2014,,6,,National Astronomical Observatory of Japan's Okayama Astrophysical Observatory 0.5m Telescope,0.48,0.8,2456518.10335,2456557.98585,,2014ApJ...790..108F,88/04/35/06/WASP_80_b_3.11585_3637_2.tbl
K2-3 c,Transmission,Beichman et al. 2016,,1,Kepler CCD Array,The Kepler Mission,0.6,0.6,,,,2016ApJ...822...39B,00/82/32/03/K2_3_c_3.11742_3773_2.tbl
GJ 1132 b,Transmission,Southworth et al. 2017,,2,PISCO,Carnegie Institution for Science (CIS) 6.5m Landon Clay Telescope at Las Campanas Observatory (LCO),0.475,0.775,,,,2017AJ....153..191S,92/59/94/02/GJ_1132_b_3.11819_3971_2.tbl
KELT-11 b,Transmission,Changeat et al. 2020,,25,Wide Field Camera 3,Hubble Space Telescope satellite,1.1262,1.6294,,,,2020AJ....160..260C,09/62/02/13/KELT_11_b_3.12023_4706_1.tbl
KOI-13 b,Transmission,D&eacute;sert et al. 2015,,1,Kepler CCD Array,The Kepler Mission,0.6,0.6,,,,2015ApJ...804...59D,75/83/53/68/KOI_13_b_3.155_3665_2.tbl
Kepler-68 b,Transmission,D&eacute;sert et al. 2015,,2,Infrared Array Camera (IRAC),Spitzer Space Telescope satellite,4.5,4.5,,,,2015ApJ...804...59D,80/55/72/33/Kepler_68_b_3.175_3665_1.tbl
Kepler-20 d,Transmission,D&eacute;sert et al. 2015,,2,Infrared Array Camera (IRAC),Spitzer Space Telescope satellite,4.5,4.5,,,,2015ApJ...804...59D,60/70/13/96/Kepler_20_d_3.20_3665_1.tbl
Kepler-127 d,Transmission,D&eacute;sert et al. 2015,,2,Infrared Array Camera (IRAC),Spitzer Space Telescope satellite,4.5,4.5,,,,2015ApJ...804...59D,54/65/04/70/Kepler_127_d_3.212_3665_1.tbl
GJ 1214 b,Transmission,Croll et al. 2011,,8,WIRCam,Canada-France-Hawaii Telescope,1.25,2.15,2455375.85,2455462.7722,,2011ApJ...736...78C,70/51/04/19/GJ_1214_b_3.10969_3620_1.tbl
HAT-P-14 b,Transmission,Fukui et al. 2016,,1,Keplercam,Fred Lawrence Whipple Observatory's 1.2 meter Telescope,0.773,0.773,,,,2016ApJ...819...27F,93/21/56/53/HAT_P_14_b_3.10996_3790_4.tbl
HAT-P-3 b,Transmission,Ricci et al. 2017,,3,MEXMAN,National Autonomous University of Mexico (UNAM) 0.84m Telescope at El Observatorio Astronomico Nacional/Sierra San Pedro Martir (OAN/SPM),0.538,0.894,,,,2017PASP..129f4401R,86/71/53/80/HAT_P_3_b_3.11023_3991_3.tbl
HD 209458 b,Eclipse,Crossfield et al. 2012,,1,Multiband Imaging Photometer (MIPS),Spitzer Space Telescope satellite,24.0,24.0,,,"B. temperature from abstract/text, not Table 5",2012ApJ...752...81C,41/58/68/41/HD_209458_b_3.11218_4103_1.tbl
WASP-17 b,Transmission,Wood et al. 2011,,2,GIRAFFE,European Southern Observatory (ESO) 8.2m Very Large Telescope (VLT) Kueyen (UT2) at Paranal Observatory,0.589,0.5896,,,,2011MNRAS.412.2376W,69/16/16/93/WASP_17_b_3.11446_3584_1.tbl
WASP-19 b,Eclipse,Gibson et al. 2010,,1,High Acuity Wide-field K-band Imager (HAWK-I),European Southern Observatory (ESO) 8.2m Very Large Telescope (VLT) Yepun at Paranal Observatory,2.095,2.095,,,eclipse depth taken from Abstract,2010MNRAS.404L.114G,65/31/22/32/WASP_19_b_3.11448_4089_1.tbl
WASP-39 b,Transmission,Sing et al. 2016,,33,Space Telescope Imaging Spectrograph,Hubble Space Telescope satellite,0.33,0.965,,,,2016Natur.529...59S,97/09/63/32/WASP_39_b_3.11466_3717_2.tbl
WASP-43 b,Transmission,Kreidberg et al. 2014,,22,Wide Field Camera 3,Hubble Space Telescope satellite,1.1465,1.6305,,,,2014ApJ...793L..27K,62/86/80/83/WASP_43_b_3.11469_3638_2.tbl
XO-2 N b,Transmission,Zellem et al. 2015,,13,Mont4k CCD,Steward Observatory's 1.5 meter Kuiper Telescope,0.36,0.44,2455931.7663,2457061.8169,,2015ApJ...810...11Z,14/18/97/21/XO_2_N_b_3.11481_3666_1.tbl
K2-18 b,Transmission,Benneke et al. 2019,,2,Infrared Array Camera (IRAC),Spitzer Space Telescope satellite,3.54,4.49,,,,2019ApJ...887L..14B,67/26/77/06/K2_18_b_3.11793_4609_3.tbl
HAT-P-4 b,Eclipse,Todorov et al. 2013,,2,Infrared Array Camera (IRAC),Spitzer Space Telescope satellite,3.6,4.5,,,Table 5,2013ApJ...770..102T,23/95/72/26/HAT_P_4_b_3.11024_4109_1.tbl
HD 149026 b,Eclipse,Harrington et al. 2007,,1,Infrared Array Camera (IRAC),Spitzer Space Telescope satellite,8.0,8.0,,,,2007Natur.447..691H,46/16/27/60/HD_149026_b_3.11121_4073_1.tbl
HD 149026 b,Eclipse,Bean et al. 2023,,140,Near Infrared Camera (NIRCam),NASA 6.5m James Webb Space Telescope (JWST) Satellite Mission,2.36,5.02,,,,2023Natur.618...43B,44/67/39/09/HD_149026_b_3.11121_5160_1.tbl
HD 189733 b,Eclipse,Charbonneau et al. 2008,,4,Infrared Array Camera (IRAC),Spitzer Space Telescope satellite,3.6,8.0,,,Table 1,2008ApJ...686.1341C,63/80/01/28/HD_189733_b_3.11185_4076_3.tbl
HD 189733 b,Eclipse,Charbonneau et al. 2008,,1,Multiband Imaging Photometer (MIPS),Spitzer Space Telescope satellite,24.0,24.0,,,Table 1,2008ApJ...686.1341C,74/28/28/99/HD_189733_b_3.11185_4076_1.tbl
HD 189733 b,Eclipse,Swain et al. 2009,,18,Near Infrared Camera and Multi-Object Spectrometer (NICMOS),Hubble Space Telescope satellite,1.476,2.446,,,Table 1,2009ApJ...690L.114S,56/34/08/21/HD_189733_b_3.11185_4078_1.tbl
HD 189733 b,Transmission,D&eacute;sert et al. 2011,,1,Infrared Array camera (IRAC),Spitzer Space Telescope satellite,3.6,3.6,2454430.310594,2454430.310594,,2011A&A...526A..12D,54/79/32/42/HD_189733_b_3.11185_3427_1.tbl
HD 189733 b,Transmission,Pont et al. 2013,,10,Advanced Camera for Surveys,Hubble Space Telescope satellite,0.575,1.025,2453877.20896,2453877.20896,,2013MNRAS.432.2917P,48/71/08/74/HD_189733_b_3.11185_3590_6.tbl
HD 189733 b,Transmission,Pont et al. 2013,,22,Near Infrared Camera and Multi-Object Spectrometer,Hubble Space Telescope satellite,1.492,2.468,2454219.98178,2454689.26721,,2013MNRAS.432.2917P,36/89/75/53/HD_189733_b_3.11185_3590_4.tbl
HD 189733 b,Transmission,Pont et al. 2013,,16,Space Telescope Imaging Spectrograph,Hubble Space Telescope satellite,0.33,0.6321,2455148.46821,2455334.80977,,2013MNRAS.432.2917P,99/17/91/50/HD_189733_b_3.11185_3590_1.tbl
HD 189733 b,Transmission,Sing et al. 2011,,5,Space Telescope Imaging Spectrograph,Hubble Space Telescope satellite,0.33,0.545,,,,2011MNRAS.416.1443S,50/39/88/36/HD_189733_b_3.11185_3593_1.tbl
HD 189733 b,Transmission,Swain et al. 2008,,18,Near Infrared Camera and Multi-Object Spectrometer,Hubble Space Telescope satellite,1.484,2.463,,,,2008NATUR.452..329S,99/86/63/34/HD_189733_b_3.11185_3642_1.tbl
HD 189733 b,Transmission,Angerhausen et al. 2015,,2,HIPO,Stratospheric Observatory For Infrared Astronomy,0.4407,0.9222,,,,2015JATIS...1c4002A,21/73/61/46/HD_189733_b_3.11185_3676_1.tbl
HD 189733 b,Transmission,Sing et al. 2016,,2,Infrared Array Camera (IRAC),Spitzer Space Telescope satellite,3.55,4.5,,,,2016Natur.529...59S,49/53/13/93/HD_189733_b_3.11185_3717_4.tbl
Kepler-6 b,Eclipse,D&eacute;sert et al. 2011,,2,Infrared Array Camera (IRAC),Spitzer Space Telescope satellite,3.6,4.5,,,Table 2,2011ApJS..197...11D,19/17/34/02/Kepler_6_b_3.10_4096_1.tbl
Kepler-20 c,Transmission,D&eacute;sert et al. 2015,,1,Kepler CCD Array,The Kepler Mission,0.6,0.6,,,,2015ApJ...804...59D,72/96/25/49/Kepler_20_c_3.101_3665_2.tbl
55 Cnc e,Transmission,Demory et al. 2016,,6,Infrared Array Camera (IRAC),Spitzer Space Telescope satellite,4.5,4.5,2455567.5,2456484.5,,2016MNRAS.455.2018D,94/76/47/41/55_Cnc_e_3.10924_3724_2.tbl
CoRoT-1 b,Eclipse,Rogers et al. 2009,,1,Near-Infrared Camera & Fabry-Perot Spectrometer (NIC-FPS),Astrophysical Research Consortium (ARC) 3.5m Telescope At Apache Point Observatory (APO),2.147,2.147,,,Table 3,2009ApJ...707.1707R,14/77/50/86/CoRoT_1_b_3.10951_2066_1.tbl
CoRoT-1 b,Eclipse,Deming et al. 2011,,2,Infrared Array Camera (IRAC),Spitzer Space Telescope satellite,3.6,4.5,,,Table 1,2011ApJ...726...95D,09/39/37/92/CoRoT_1_b_3.10951_4094_1.tbl
GJ 1214 b,Transmission,Gillon et al. 2014,,4,Infrared Array Camera (IRAC),Spitzer Space Telescope satellite,3.6,4.5,2454980.749,2454980.749,,2014A&A...563A..21G,15/44/07/11/GJ_1214_b_3.10969_3420_1.tbl
Kepler-127 d,Transmission,D&eacute;sert et al. 2015,,1,Kepler CCD Array,The Kepler Mission,0.6,0.6,,,,2015ApJ...804...59D,16/45/80/95/Kepler_127_d_3.212_3665_2.tbl
Kepler-25 b,Transmission,D&eacute;sert et al. 2015,,1,Kepler CCD Array,The Kepler Mission,0.6,0.6,,,,2015ApJ...804...59D,25/44/36/43/Kepler_25_b_3.213_3665_2.tbl
Kepler-93 b,Transmission,D&eacute;sert et al. 2015,,1,Kepler CCD Array,The Kepler Mission,0.6,0.6,,,,2015ApJ...804...59D,23/04/56/51/Kepler_93_b_3.216_3665_2.tbl
HAT-P-3 b,Transmission,Ricci et al. 2017,,2,CCD camera,0.51m KPNO Visitor Center Telescope (KPNO-VCT) at Kitt Peak National Observatory (KPNO),0.4407,0.9222,,,,2017PASP..129f4401R,13/60/41/30/HAT_P_3_b_3.11023_3991_1.tbl
HD 189733 b,Transmission,Di Gloria et al. 2015,,7,HARPS Echelle Spectrograph,European Southern Observatory's 3.6 meter Telescope,0.395,0.675,,,,2015A&A...580A..84D,97/01/01/57/HD_189733_b_3.11185_3636_1.tbl
HD 97658 b,Transmission,Knutson et al. 2014,,28,Wide Field Camera 3,Hubble Space Telescope satellite,1.132,1.622,2456665.46678,2456665.46678,,2014ApJ...794..155K,20/04/94/68/HD_97658_b_3.11371_3424_1.tbl
TrES-4 b,Eclipse,Knutson et al. 2009,,4,Infrared Array Camera (IRAC),Spitzer Space Telescope satellite,3.6,8.0,,,Table 1,2009ApJ...691..866K,02/01/49/01/TrES_4_b_3.11432_4079_1.tbl
WASP-12 b,Eclipse,Croll et al. 2011,,3,Wide-field Infrared Camera (WIRCam),3.58m Canada-France-Hawaii Telescope (CFHT) at Mauna Kea Observatory,1.253,2.146,,,eclipse depth taken from Abstract,2011AJ....141...30C,05/23/48/18/WASP_12_b_3.11441_4093_1.tbl
WASP-18 b,Eclipse,Coulombe et al. 2023,,408,Near Infrared Imager and Slitless Spectrograph (NIRISS),NASA 6.5m James Webb Space Telescope (JWST) Satellite Mission,0.8543,2.827,,,nirHiss pipeline,2023Natur.620..292C,89/32/55/34/WASP_18_b_3.11447_5159_2.tbl
WASP-43 b,Eclipse,Kreidberg et al. 2014,,15,Wide Field Camera 3,Hubble Space Telescope satellite,1.1425,1.6325,,,Table 1,2014ApJ...793L..27K,76/59/30/63/WASP_43_b_3.11469_3638_1.tbl
WASP-46 b,Transmission,Ciceri et al. 2016,,4,GROND,Max Planck Gesellschaft 2.2 meter Telescope at European Southern Observatory,0.477,0.9134,,,,2016MNRAS.456..990C,64/27/39/52/WASP_46_b_3.11472_3701_4.tbl
WASP-79 b,Transmission,Sotzen et al. 2020,,15,Wide Field Camera 3,Hubble Space Telescope satellite,1.143,1.632,,,,2020AJ....159....5S,49/70/70/95/WASP_79_b_3.11520_4598_4.tbl
TRAPPIST-1 c,Eclipse,Zieba et al. 2023,,1,Mid-Infrared Instrument (MIRI),NASA 6.5m James Webb Space Telescope (JWST) Satellite Mission,15.0,15.0,,,,2023Natur.620..746Z,70/85/48/26/TRAPPIST_1_c_3.11877_5196_1.tbl
WASP-101 b,Transmission,Rathcke et al. 2023,,26,Space Telescope Imaging Spectrograph,Hubble Space Telescope satellite,0.3398,0.9772,,,,2023MNRAS.522..582R,00/76/51/96/WASP_101_b_3.11672_5197_1.tbl
LTT 9779 b,Transmission,Edwards et al. 2023,,38,Wide Field Camera 3,Hubble Space Telescope satellite,0.8375,1.6295,,,,2023AJ....166..158E,10/95/63/09/LTT_9779_b_3.12596_5198_1.tbl
HD 189733 b,Transmission,Cubillos et al. 2023,,15,Space Telescope Imaging Spectrograph,Hubble Space Telescope satellite,0.2298,0.3044,,,NUV Transmission Spectrum at R=50 (Table A.1),2023A&A...671A.170C,98/69/81/14/HD_189733_b_3.11185_5199_1.tbl
HD 189733 b,Transmission,Cubillos et al. 2023,,10,Space Telescope Imaging Spectrograph,Hubble Space Telescope satellite,0.2309,0.303,,,NUV Transmission Spectrum at R=33 (Table A.2),2023A&A...671A.170C,75/69/22/18/HD_189733_b_3.11185_5199_2.tbl
HD 189733 b,Transmission,Cubillos et al. 2023,,3,Space Telescope Imaging Spectrograph,Hubble Space Telescope satellite,0.2405,0.295,,,NUV Transmission Spectrum at R=10 (Table A.3),2023A&A...671A.170C,84/92/24/86/HD_189733_b_3.11185_5199_3.tbl
GJ 1214 b,Transmission,Kempton et al. 2023,,14,Mid-Infrared Instrument (MIRI) - LRS,NASA 6.5m James Webb Space Telescope (JWST) Satellite Mission,5.2817,11.747,,,,2023Natur.620...67K,10/30/25/01/GJ_1214_b_3.10969_5145_2.tbl
WASP-79 b,Transmission,Gressier et al. 2023,,6,Space Telescope Imaging Spectrograph,Hubble Space Telescope satellite,0.2387,0.2986,,,Table 6,2023A&A...672A..34G,30/41/53/09/WASP_79_b_3.11520_5208_1.tbl
WASP-189 b,Transmission,Sreejith et al. 2023,,11,CUTE NUV Spectrograph,Colorado Ultraviolet Transit Experiment (CUTE),0.251,0.324,,,NUV t. spec. at 10 A and 100 A Bins,2023ApJ...954L..23S,07/30/06/84/WASP_189_b_3.13084_5211_1.tbl
TOI-270 d,Transmission,Mikal-Evans et al. 2023,,28,Wide Field Camera 3,Hubble Space Telescope satellite,1.135,1.634,,,,2023AJ....165...84M,56/50/32/92/TOI_270_d_3.12406_5212_1.tbl
WASP-127 b,Transmission,Skaf et al. 2020,,25,Wide Field Camera 3,Hubble Space Telescope satellite,1.1262,1.6295,,,Table 4,2020AJ....160..109S,62/16/87/90/WASP_127_b_3.11973_5124_1.tbl
WASP-79 b,Transmission,Skaf et al. 2020,,25,Wide Field Camera 3,Hubble Space Telescope satellite,1.1262,1.6295,,,Table 4,2020AJ....160..109S,30/06/34/05/WASP_79_b_3.11520_5124_2.tbl
WASP-62 b,Transmission,Skaf et al. 2020,,25,Wide Field Camera 3,Hubble Space Telescope satellite,1.1262,1.6295,,,Table 4,2020AJ....160..109S,92/90/60/39/WASP_62_b_3.11544_5124_3.tbl
HAT-P-41 b,Transmission,Changeat et al. 2022,,25,Wide Field Camera 3,Hubble Space Telescope satellite,1.1263,1.6295,,,Figure 2,2022ApJS..260....3C,15/92/11/60/HAT_P_41_b_3.11534_5219_42.tbl
HAT-P-7 b,Transmission,Changeat et al. 2022,,25,Wide Field Camera 3,Hubble Space Telescope satellite,1.1263,1.6295,,,Figure 2,2022ApJS..260....3C,35/61/43/20/HAT_P_7_b_3.8_5219_43.tbl
HAT-P-32 b,Transmission,Changeat et al. 2022,,25,Wide Field Camera 3,Hubble Space Telescope satellite,1.1263,1.6295,,,Figure 2,2022ApJS..260....3C,04/17/09/01/HAT_P_32_b_3.11017_5219_41.tbl
HD 189733 b,Transmission,Changeat et al. 2022,,25,Wide Field Camera 3,Hubble Space Telescope satellite,1.1263,1.6295,,,Figure 2,2022ApJS..260....3C,66/11/88/56/HD_189733_b_3.11185_5219_44.tbl
HD 209458 b,Transmission,Changeat et al. 2022,,25,Wide Field Camera 3,Hubble Space Telescope satellite,1.1263,1.6295,,,Figure 2,2022ApJS..260....3C,52/19/28/34/HD_209458_b_3.11218_5219_45.tbl
KELT-1 b,Transmission,Changeat et al. 2022,,25,Wide Field Camera 3,Hubble Space Telescope satellite,1.1263,1.6295,,,Figure 2,2022ApJS..260....3C,56/77/72/65/KELT_1_b_3.11521_5219_49.tbl
WASP-103 b,Transmission,Changeat et al. 2022,,25,Wide Field Camera 3,Hubble Space Telescope satellite,1.1263,1.6295,,,Figure 2,2022ApJS..260....3C,82/27/32/68/WASP_103_b_3.11649_5219_55.tbl
KELT-7 b,Transmission,Changeat et al. 2022,,25,Wide Field Camera 3,Hubble Space Telescope satellite,1.1263,1.6295,,,Figure 2,2022ApJS..260....3C,69/45/82/15/KELT_7_b_3.11769_5219_54.tbl
WASP-121 b,Transmission,Changeat et al. 2022,,25,Wide Field Camera 3,Hubble Space Telescope satellite,1.1263,1.6295,,,Figure 2,2022ApJS..260....3C,60/95/21/50/WASP_121_b_3.11900_5219_56.tbl
WASP-12 b,Transmission,Changeat et al. 2022,,25,Wide Field Camera 3,Hubble Space Telescope satellite,1.1262,1.6295,,,Figure 2,2022ApJS..260....3C,71/46/21/61/WASP_12_b_3.11441_5219_85.tbl
WASP-18 b,Transmission,Changeat et al. 2022,,25,Wide Field Camera 3,Hubble Space Telescope satellite,1.1262,1.6295,,,Figure 2,2022ApJS..260....3C,69/19/89/96/WASP_18_b_3.11447_5219_86.tbl
WASP-117 b,Transmission,Carone et al. 2021,,19,Wide Field Camera 3,Hubble Space Telescope satellite,1.138,1.6421,,,nominal pipeline,2021A&A...646A.168C,95/97/55/49/WASP_117_b_3.11700_5209_1.tbl
WASP-117 b,Transmission,Carone et al. 2021,,19,Wide Field Camera 3,Hubble Space Telescope satellite,1.138,1.6421,,,CASCADE pipeline,2021A&A...646A.168C,60/91/82/66/WASP_117_b_3.11700_5209_2.tbl
KELT-9 b,Eclipse,Changeat &amp; Edwards 2021,,25,Wide Field Camera 3,Hubble Space Telescope satellite,1.1262,1.6295,,,,2021ApJ...907L..22C,80/36/24/48/KELT_9_b_3.12026_5210_1.tbl
HAT-P-41 b,Eclipse,Mansfield et al. 2021,,14,Wide Field Camera 3,Hubble Space Telescope satellite,1.139,1.64,,,Supplementary Table 5,2021NatAs...5.1224M,27/71/33/23/HAT_P_41_b_3.11534_5227_1.tbl
KELT-7 b,Eclipse,Mansfield et al. 2021,,14,Wide Field Camera 3,Hubble Space Telescope satellite,1.139,1.64,,,Supplementary Table 5,2021NatAs...5.1224M,20/66/06/43/KELT_7_b_3.11769_5227_1.tbl
KOI-13 b,Eclipse,Mansfield et al. 2021,,14,Wide Field Camera 3,Hubble Space Telescope satellite,1.139,1.64,,,Supplementary Table 5,2021NatAs...5.1224M,89/63/70/89/Kepler_13_A_b_3.155_5227_1.tbl
WASP-74 b,Eclipse,Mansfield et al. 2021,,14,Wide Field Camera 3,Hubble Space Telescope satellite,1.139,1.64,,,Supplementary Table 5,2021NatAs...5.1224M,54/85/77/46/WASP_74_b_3.11772_5227_1.tbl
WASP-76 b,Eclipse,Mansfield et al. 2021,,14,Wide Field Camera 3,Hubble Space Telescope satellite,1.139,1.64,,,Supplementary Table 5,2021NatAs...5.1224M,32/49/76/77/WASP_76_b_3.11846_5227_1.tbl
WASP-79 b,Eclipse,Mansfield et al. 2021,,14,Wide Field Camera 3,Hubble Space Telescope satellite,1.139,1.64,,,Supplementary Table 5,2021NatAs...5.1224M,64/32/07/13/WASP_79_b_3.11520_5227_1.tbl
WASP-121 b,Eclipse,Mansfield et al. 2021,,14,Wide Field Camera 3,Hubble Space Telescope satellite,1.139,1.64,,,Supplementary Table 5,2021NatAs...5.1224M,67/05/54/52/WASP_121_b_3.11900_5227_1.tbl
WASP-74 b,Transmission,Fu et al. 2021,,65,Wide Field Camera 3,Hubble Space Telescope satellite,0.33,4.5,,,Table 8,2021AJ....162..271F,71/25/37/95/WASP_74_b_3.11772_5228_1.tbl
WASP-74 b,Eclipse,Fu et al. 2021,,30,Wide Field Camera 3,Hubble Space Telescope satellite,1.1193,4.5,,,Table 10,2021AJ....162..271F,66/96/76/36/WASP_74_b_3.11772_5228_2.tbl
WASP-76 b,Eclipse,May et al. 2021,,2,Infrared Array Camera (IRAC),Spitzer Space Telescope satellite,3.6,4.5,,,"Table 4 and text, Section 5",2021AJ....162..158M,56/74/71/47/WASP_76_b_3.11846_5229_1.tbl
GJ 1132 b,Transmission,Libby-Roberts et al. 2022,,22,WFC3,Hubble Space Telescope satellite,1.161,1.619,,,Table 2,2022AJ....164...59L,34/13/28/78/GJ_1132_b_3.11819_5230_1.tbl
WASP-79 b,Transmission,Rathcke et al. 2021,,36,Space Telescope Imaging Spectrograph,Hubble Space Telescope satellite,0.3397,0.97,,,Table 6,2021AJ....162..138R,28/42/36/64/WASP_79_b_3.11520_5231_1.tbl
GJ 1132 b,Transmission,Mugnai et al. 2021,,25,Wide Field Camera 3,Hubble Space Telescope satellite,1.1263,1.6295,,,Table 4,2021AJ....161..284M,77/71/03/31/GJ_1132_b_3.11819_5232_1.tbl
LTT 1445 A b,Transmission,Diamond-Lowe et al. 2023,,20,LDSS-3C,Carnegie Institution for Science (CIS) 6.5m Landon Clay Telescope at Las Campanas Observatory (LCO),0.63,1.01,,,Combination of four data sets,2023AJ....165..169D,54/80/08/58/LTT_1445_A_b_3.12411_5233_1.tbl
WASP-178 b,Transmission,Lothringer et al. 2022,,53,WFC3,Hubble Space Telescope satellite,0.1963,0.7575,,,Extended Data Table 1,2022Natur.604...49L,72/25/78/71/WASP_178_b_3.12435_5242_1.tbl
HAT-P-41 b,Eclipse,Fu et al. 2022,,15,Wide Field Camera 3,Hubble Space Telescope satellite,1.1137,1.6345,,,Table 2,2022AJ....163..190F,79/57/67/41/HAT_P_41_b_3.11534_5243_1.tbl
HAT-P-41 b,Eclipse,Fu et al. 2022,,2,Infrared Array Camera (IRAC),Spitzer Space Telescope satellite,3.6,4.5,,,Table 2,2022AJ....163..190F,75/96/70/83/HAT_P_41_b_3.11534_5243_2.tbl
KELT-20 b,Eclipse,Fu et al. 2022,,1,TESS CCD Array,Transiting Exoplanet Survey Satellite,0.8,0.8,,,Table 1,2022ApJ...925L...3F,06/11/99/39/KELT_20_b_3.12080_5244_1.tbl
KELT-20 b,Eclipse,Fu et al. 2022,,29,Wide Field Camera 3,Hubble Space Telescope satellite,1.13,1.64,,,Table 1,2022ApJ...925L...3F,43/53/39/68/KELT_20_b_3.12080_5244_2.tbl
KELT-20 b,Eclipse,Fu et al. 2022,,2,Infrared Array Camera (IRAC),Spitzer Space Telescope satellite,4.5,4.5,,,Table 1,2022ApJ...925L...3F,71/72/85/95/KELT_20_b_3.12080_5244_3.tbl
TRAPPIST-1 h,Transmission,Gressier et al. 2022,,18,WFC3,Hubble Space Telescope satellite,1.1262,1.6237,,,Table 2,2022A&A...658A.133G,60/14/68/88/TRAPPIST_1_h_3.11993_5245_1.tbl
WASP-79 b,Eclipse,Foote et al. 2022,,3,Wide Field Camera 3,Hubble Space Telescope satellite,1.18,1.58,,,Three bins of width 0.20 um.,2022AJ....163....7F,25/33/11/09/WASP_79_b_3.11520_5248_1.tbl
HD 189733 b,Transmission,King et al. 2021,,2,XMM-Newton Optical Monitor,ESA XMM-Newton X-Ray Multi-Mirror Mission Satellite,0.212,0.291,,,,2021MNRAS.506.2453K,92/56/73/69/HD_189733_b_3.11185_5249_1.tbl
KELT-9 b,Eclipse,Wong et al. 2020,,1,TESS CCD Array,Transiting Exoplanet Survey Satellite,0.787,0.787,,,,2020AJ....160...88W,42/76/56/14/KELT_9_b_3.12026_5218_1.tbl
LHS 475 b,Transmission,Lustig-Yaeger et al. 2023,,3284,Near Infrared Spectrograph (NIRSpec) - G395H,NASA 6.5m James Webb Space Telescope (JWST) Satellite Mission,2.8843,5.1768,,,Eureka! pipeline,2023NatAs...7.1317L,73/88/74/45/LHS_475_b_3.13814_5239_2.tbl
WASP-17 b,Transmission,Saba et al. 2022,,39,Wide Field Camera 3,Hubble Space Telescope satellite,0.813,1.629,,,Reduced and Fitted Spectral Data Using Iraclis,2022AJ....164....2S,80/97/30/88/WASP_17_b_3.11446_5262_1.tbl
WASP-17 b,Transmission,Saba et al. 2022,,2,Infrared Array Camera (IRAC),Spitzer Space Telescope satellite,3.56,4.5,,,Reduced and Fitted Spectral Data Using TLCD-LSTM,2022AJ....164....2S,91/83/55/39/WASP_17_b_3.11446_5262_2.tbl
GJ 9827 d,Transmission,Roy et al. 2023,,19,Wide Field Camera 3,Hubble Space Telescope satellite,1.115,1.655,,,Near-infrared Combined Spectrum,2023ApJ...954L..52R,62/25/77/48/GJ_9827_d_3.12079_5263_1.tbl
WASP-17 b,Transmission,Saba et al. 2022,,9,Space Telescope Imaging Spectrograph,Hubble Space Telescope satellite,0.385,0.56,2456086.5,2456086.5,Reduced and Fitted Using Iraclis - visit 1,2022AJ....164....2S,38/61/21/27/WASP_17_b_3.11446_5262_3.tbl
WASP-17 b,Transmission,Saba et al. 2022,,9,Space Telescope Imaging Spectrograph,Hubble Space Telescope satellite,0.385,0.56,2456366.5,2456366.5,Reduced and Fitted Using Iraclis - visit 2,2022AJ....164....2S,74/62/53/66/WASP_17_b_3.11446_5262_4.tbl
WASP-17 b,Transmission,Saba et al. 2022,,7,Space Telescope Imaging Spectrograph,Hubble Space Telescope satellite,0.57,0.87,2456370.5,2456370.5,Reduced and Fitted Using Iraclis - visit 3,2022AJ....164....2S,82/21/06/48/WASP_17_b_3.11446_5262_5.tbl
K2-18 b,Transmission,Madhusudhan et al. 2023,,3401,Near Infrared Spectrograph (NIRSpec),NASA 6.5m James Webb Space Telescope (JWST) Satellite Mission,2.7428,5.1743,,,Figure 3,2023ApJ...956L..13M,53/95/71/99/K2_18_b_3.11793_5255_1.tbl
K2-18 b,Transmission,Madhusudhan et al. 2023,,1010,Near Infrared Imager and Slitless Spectrograph (NIRISS),NASA 6.5m James Webb Space Telescope (JWST) Satellite Mission,0.8523,2.827,,,Figure 3,2023ApJ...956L..13M,42/18/18/80/K2_18_b_3.11793_5255_2.tbl
LHS 475 b,Transmission,Lustig-Yaeger et al. 2023,,3370,Near Infrared Spectrograph (NIRSpec) - G395H,NASA 6.5m James Webb Space Telescope (JWST) Satellite Mission,2.7872,5.1497,,,Tiberius pipeline,2023NatAs...7.1317L,66/93/28/59/LHS_475_b_3.13814_5239_1.tbl
LHS 475 b,Transmission,Lustig-Yaeger et al. 2023,,3382,Near Infrared Spectrograph (NIRSpec) - G395H,NASA 6.5m James Webb Space Telescope (JWST) Satellite Mission,2.809,5.175,,,FIREFLy pipeline,2023NatAs...7.1317L,36/32/40/85/LHS_475_b_3.13814_5239_3.tbl
Kepler-138 d,Transmission,Piaulet et al. 2023,,7,Multiple Instruments,Multiple Observatories,0.66,4.5,,,Updated HST and Spitzer results.,2023NatAs...7..206P,18/83/38/84/Kepler_138_d_3.346_5063_1.tbl
WASP-17 b,Transmission,Grant et al. 2023,,28,Mid-Infrared Instrument (MIRI) - LRS,NASA 6.5m James Webb Space Telescope (JWST) Satellite Mission,5.125,11.875,,,Eureka! pipeline,2023ApJ...956L..29G,61/35/02/74/WASP_17_b_3.11446_5275_2.tbl
WASP-17 b,Transmission,Grant et al. 2023,,28,Mid-Infrared Instrument (MIRI) - LRS,NASA 6.5m James Webb Space Telescope (JWST) Satellite Mission,5.125,11.875,,,ExoTiC-MIRI pipeline,2023ApJ...956L..29G,85/61/90/01/WASP_17_b_3.11446_5275_1.tbl
WASP-107 b,Transmission,Dyrek et al. 2024,,49,Mid-Infrared Instrument (MIRI) - LRS,NASA 6.5m James Webb Space Telescope (JWST) Satellite Mission,4.61,11.83,,,"Extended Data Table 1, Eureka!",2024Natur.625...51D,25/09/69/98/WASP_107_b_3.12045_5285_1.tbl
WASP-107 b,Transmission,Dyrek et al. 2024,,49,Mid-Infrared Instrument (MIRI) - LRS,NASA 6.5m James Webb Space Telescope (JWST) Satellite Mission,4.61,11.83,,,"Extended Data Table 1, CASCAde",2024Natur.625...51D,48/91/27/89/WASP_107_b_3.12045_5285_2.tbl
WASP-107 b,Transmission,Dyrek et al. 2024,,49,Mid-Infrared Instrument (MIRI) - LRS,NASA 6.5m James Webb Space Telescope (JWST) Satellite Mission,4.61,11.83,,,"Extended Data Table 1, TEATRO",2024Natur.625...51D,44/20/14/23/WASP_107_b_3.12045_5285_3.tbl
LHS 475 b,Transmission,Lustig-Yaeger et al. 2023,,56,Near Infrared Spectrograph (NIRSpec) - G395H,NASA 6.5m James Webb Space Telescope (JWST) Satellite Mission,2.8287,5.1436,,,FIREFLy pipeline (low resolution),2023NatAs...7.1317L,51/23/34/60/LHS_475_b_3.13814_5239_4.tbl
GJ 367 b,Eclipse,Zhang et al. 2024,,11,Mid-Infrared Instrument (MIRI),NASA 6.5m James Webb Space Telescope (JWST) Satellite Mission,5.364,11.454,,,The fiducial emission spectrum (Table 4),2024ApJ...961L..44Z,81/33/99/71/GJ_367_b_3.13020_5291_1.tbl
GJ 1132 b,Transmission,May et al. 2023,,60,Near Infrared Spectrograph (NIRSpec),NASA 6.5m James Webb Space Telescope (JWST) Satellite Mission,2.7663,5.1278,,,Eureka R100 (Visit 1),2023ApJ...959L...9M,33/48/32/55/GJ_1132_b_3.11819_5292_1.tbl
GJ 1132 b,Transmission,May et al. 2023,,60,Near Infrared Spectrograph (NIRSpec),NASA 6.5m James Webb Space Telescope (JWST) Satellite Mission,2.7668,5.1283,,,Eureka R100 (Visit 2),2023ApJ...959L...9M,60/10/19/97/GJ_1132_b_3.11819_5292_2.tbl
GJ 1132 b,Transmission,May et al. 2023,,59,Near Infrared Spectrograph (NIRSpec),NASA 6.5m James Webb Space Telescope (JWST) Satellite Mission,2.7935,5.1282,,,Exotic-jedi R100 (Visit 1),2023ApJ...959L...9M,48/20/81/70/GJ_1132_b_3.11819_5292_3.tbl
GJ 1132 b,Transmission,May et al. 2023,,59,Near Infrared Spectrograph (NIRSpec),NASA 6.5m James Webb Space Telescope (JWST) Satellite Mission,2.794,5.1279,,,Exotic-jedi R100 (Visit 2),2023ApJ...959L...9M,44/19/78/91/GJ_1132_b_3.11819_5292_4.tbl
GJ 1132 b,Transmission,May et al. 2023,,60,Near Infrared Spectrograph (NIRSpec),NASA 6.5m James Webb Space Telescope (JWST) Satellite Mission,2.7663,5.1279,,,Firefly R100 (Visit 1),2023ApJ...959L...9M,06/67/32/21/GJ_1132_b_3.11819_5292_5.tbl
GJ 1132 b,Transmission,May et al. 2023,,60,Near Infrared Spectrograph (NIRSpec),NASA 6.5m James Webb Space Telescope (JWST) Satellite Mission,2.7666,5.1281,,,Firefly R100 (Visit 2),2023ApJ...959L...9M,53/81/32/91/GJ_1132_b_3.11819_5292_6.tbl
HAT-P-19 b,Transmission,Kang et al. 2024,,4,MuSCAT2,"1.52 m Telescopio Carlos Sanchez, Teide Observatory",0.475,0.87,,,Table 3,2024MNRAS.528.1930K,91/98/18/24/HAT_P_19_b_3.11002_5293_1.tbl
HAT-P-51 b,Transmission,Kang et al. 2024,,4,MuSCAT2,"1.52 m Telescopio Carlos Sanchez, Teide Observatory",0.475,0.87,,,Table 3,2024MNRAS.528.1930K,05/08/17/01/HAT_P_51_b_3.11821_5293_1.tbl
HAT-P-55 b,Transmission,Kang et al. 2024,,4,MuSCAT2,"1.52 m Telescopio Carlos Sanchez, Teide Observatory",0.475,0.87,,,Table 3,2024MNRAS.528.1930K,95/40/29/99/HAT_P_55_b_3.11770_5293_1.tbl
HAT-P-65 b,Transmission,Kang et al. 2024,,4,MuSCAT2,"1.52 m Telescopio Carlos Sanchez, Teide Observatory",0.475,0.87,,,Table 3,2024MNRAS.528.1930K,81/72/13/66/HAT_P_65_b_3.11935_5293_1.tbl
HAT-P-26 b,Transmission,A-thano et al. 2023,,4,ULTRASPEC,2.4 m Thai National Telescope (TNT),0.467,0.94,,,"Fitted LDC - g, r, i, z bands",2023AJ....166..223A,90/99/41/68/HAT_P_26_b_3.11010_5294_1.tbl
HAT-P-26 b,Transmission,A-thano et al. 2023,,32,Wide Field Camera 3,Hubble Space Telescope satellite,0.813,1.624,,,Fitted LDC - Hubble,2023AJ....166..223A,53/91/74/44/HAT_P_26_b_3.11010_5294_4.tbl
HAT-P-26 b,Transmission,A-thano et al. 2023,,2,CCD camera,0.7 m Thai Robotic Telescope (TRT),0.672,0.805,,,"Fitted LDC - R, I bands",2023AJ....166..223A,95/39/19/20/HAT_P_26_b_3.11010_5294_2.tbl
HAT-P-26 b,Transmission,A-thano et al. 2023,,1,TESS CCD Array,Transiting Exoplanet Survey Satellite,0.745,0.745,,,Fitted LDC - TESS,2023AJ....166..223A,07/48/18/85/HAT_P_26_b_3.11010_5294_3.tbl
HAT-P-26 b,Transmission,A-thano et al. 2023,,4,ULTRASPEC,2.4 m Thai National Telescope (TNT),0.467,0.94,,,"Fixed LDC - g, r, i, z bands",2023AJ....166..223A,01/95/82/44/HAT_P_26_b_3.11010_5294_5.tbl
HAT-P-26 b,Transmission,A-thano et al. 2023,,32,Wide Field Camera 3,Hubble Space Telescope satellite,0.813,1.624,,,Fixed LDC - Hubble,2023AJ....166..223A,99/45/28/31/HAT_P_26_b_3.11010_5294_8.tbl
HAT-P-26 b,Transmission,A-thano et al. 2023,,2,CCD camera,0.7 m Thai Robotic Telescope (TRT),0.672,0.805,,,"Fixed LDC - R, I bands",2023AJ....166..223A,39/94/57/40/HAT_P_26_b_3.11010_5294_6.tbl
HAT-P-26 b,Transmission,A-thano et al. 2023,,1,TESS CCD Array,Transiting Exoplanet Survey Satellite,0.745,0.745,,,Fixed LDC - TESS,2023AJ....166..223A,87/66/45/61/HAT_P_26_b_3.11010_5294_7.tbl
HAT-P-12 b,Transmission,Panek et al. 2023,,20,Wide Field Camera 3,Hubble Space Telescope satellite,1.0994,1.6616,,,,2023A&A...677A..51P,34/50/02/52/HAT_P_12_b_3.10993_5295_1.tbl
HD 209458 b,Transmission,Panek et al. 2023,,20,Wide Field Camera 3,Hubble Space Telescope satellite,1.0994,1.6616,,,,2023A&A...677A..51P,24/39/78/11/HD_209458_b_3.11218_5295_1.tbl
WASP-6 b,Transmission,Panek et al. 2023,,20,Wide Field Camera 3,Hubble Space Telescope satellite,1.0994,1.6616,,,,2023A&A...677A..51P,56/96/78/61/WASP_6_b_3.11477_5295_1.tbl
WASP-17 b,Transmission,Panek et al. 2023,,20,Wide Field Camera 3,Hubble Space Telescope satellite,1.0994,1.6616,,,,2023A&A...677A..51P,84/17/07/67/WASP_17_b_3.11446_5295_1.tbl
WASP-39 b,Transmission,Panek et al. 2023,,20,Wide Field Camera 3,Hubble Space Telescope satellite,1.0994,1.6616,,,,2023A&A...677A..51P,07/98/49/41/WASP_39_b_3.11466_5295_1.tbl
WASP-96 b,Transmission,Radica et al. 2023,,2605,Near Infrared Imager and Slitless Spectrograph (NIRISS),NASA 6.5m James Webb Space Telescope (JWST) Satellite Mission,0.6,2.8286,,,"SOSS mode, supreme-SPOON pipeline",2023MNRAS.524..835R,78/37/79/50/WASP_96_b_3.11667_5310_1.tbl
CoRoT-1 b,Transmission,Changeat et al. 2022,,18,Wide Field Camera 3,Hubble Space Telescope satellite,1.1262,1.6237,,,Figure 2,2022ApJS..260....3C,99/94/71/13/CoRoT_1_b_3.10951_5219_40.tbl
L 168-9 b,Transmission,Bouwman et al. 2023,,48,Mid-Infrared Instrument (MIRI) - LRS,NASA 6.5m James Webb Space Telescope (JWST) Satellite Mission,4.86,11.86,,,CASCADe Pipeline,2023PASP..135c8002B,10/31/52/73/L_168_9_b_3.12495_5330_1.tbl
L 168-9 b,Transmission,Bouwman et al. 2023,,48,Mid-Infrared Instrument (MIRI) - LRS,NASA 6.5m James Webb Space Telescope (JWST) Satellite Mission,4.86,11.86,,,Eureka! Pipeline,2023PASP..135c8002B,86/83/38/64/L_168_9_b_3.12495_5330_2.tbl
WASP-19 b,Transmission,Changeat et al. 2022,,25,Wide Field Camera 3,Hubble Space Telescope satellite,1.1262,1.6295,,,Figure 2,2022ApJS..260....3C,42/27/14/56/WASP_19_b_3.11448_5219_87.tbl
WASP-43 b,Transmission,Changeat et al. 2022,,25,Wide Field Camera 3,Hubble Space Telescope satellite,1.1262,1.6295,,,Figure 2,2022ApJS..260....3C,79/39/77/15/WASP_43_b_3.11469_5219_88.tbl
WASP-76 b,Transmission,Changeat et al. 2022,,25,Wide Field Camera 3,Hubble Space Telescope satellite,1.1262,1.6295,,,Figure 2,2022ApJS..260....3C,84/78/40/05/WASP_76_b_3.11846_5219_90.tbl
WASP-74 b,Transmission,Changeat et al. 2022,,25,Wide Field Camera 3,Hubble Space Telescope satellite,1.1262,1.6295,,,Figure 2,2022ApJS..260....3C,90/85/74/56/WASP_74_b_3.11772_5219_89.tbl
WASP-79 b,Transmission,Changeat et al. 2022,,25,Wide Field Camera 3,Hubble Space Telescope satellite,1.1262,1.6295,,,Figure 2,2022ApJS..260....3C,69/44/53/73/WASP_79_b_3.11520_5219_91.tbl
CoRoT-1 b,Eclipse,Changeat et al. 2022,,18,Wide Field Camera 3,Hubble Space Telescope satellite,1.1262,1.6237,,,Figure 2,2022ApJS..260....3C,75/84/96/34/CoRoT_1_b_3.10951_5219_100.tbl
CoRoT-1 b,Eclipse,Changeat et al. 2022,,2,Infrared Array Camera (IRAC),Spitzer Space Telescope satellite,3.6,4.5,,,Figure 2,2022ApJS..260....3C,60/97/64/98/CoRoT_1_b_3.10951_5219_101.tbl
HAT-P-2 b,Eclipse,Changeat et al. 2022,,25,Wide Field Camera 3,Hubble Space Telescope satellite,1.1263,1.6295,,,Figure 2,2022ApJS..260....3C,37/67/77/03/HAT_P_2_b_3.11014_5219_102.tbl
HAT-P-2 b,Eclipse,Changeat et al. 2022,,4,Infrared Array Camera (IRAC),Spitzer Space Telescope satellite,3.6,8.0,,,Figure 2,2022ApJS..260....3C,99/70/83/59/HAT_P_2_b_3.11014_5219_103.tbl
HAT-P-32 b,Eclipse,Changeat et al. 2022,,2,Infrared Array Camera (IRAC),Spitzer Space Telescope satellite,3.6,4.5,,,Figure 2,2022ApJS..260....3C,12/47/92/99/HAT_P_32_b_3.11017_5219_105.tbl
HAT-P-32 b,Eclipse,Changeat et al. 2022,,25,Wide Field Camera 3,Hubble Space Telescope satellite,1.1263,1.6295,,,Figure 2,2022ApJS..260....3C,75/27/14/57/HAT_P_32_b_3.11017_5219_104.tbl
HAT-P-7 b,Eclipse,Changeat et al. 2022,,25,Wide Field Camera 3,Hubble Space Telescope satellite,1.1263,1.6295,,,Figure 2,2022ApJS..260....3C,15/84/82/35/HAT_P_7_b_3.8_5219_110.tbl
HD 189733 b,Eclipse,Changeat et al. 2022,,18,Wide Field Camera 3,Hubble Space Telescope satellite,1.1262,1.6237,,,Figure 2,2022ApJS..260....3C,72/72/29/35/HD_189733_b_3.11185_5219_112.tbl
HAT-P-70 b,Eclipse,Changeat et al. 2022,,25,Wide Field Camera 3,Hubble Space Telescope satellite,1.1263,1.6295,,,Figure 2,2022ApJS..260....3C,45/87/00/24/HAT_P_70_b_3.12414_5219_108.tbl
HAT-P-41 b,Eclipse,Changeat et al. 2022,,2,Infrared Array Camera (IRAC),Spitzer Space Telescope satellite,3.6,4.5,,,Figure 2,2022ApJS..260....3C,04/47/39/71/HAT_P_41_b_3.11534_5219_107.tbl
HD 189733 b,Eclipse,Changeat et al. 2022,,6,Infrared Array Camera (IRAC),Spitzer Space Telescope satellite,3.6,24.0,,,Figure 2,2022ApJS..260....3C,87/63/79/50/HD_189733_b_3.11185_5219_113.tbl
KELT-1 b,Eclipse,Changeat et al. 2022,,25,Wide Field Camera 3,Hubble Space Telescope satellite,1.1263,1.6295,,,Figure 2,2022ApJS..260....3C,13/56/57/38/KELT_1_b_3.11521_5219_116.tbl
HD 209458 b,Eclipse,Changeat et al. 2022,,6,Infrared Array Camera (IRAC),Spitzer Space Telescope satellite,3.6,24.0,,,Figure 2,2022ApJS..260....3C,54/87/39/74/HD_209458_b_3.11218_5219_115.tbl
KELT-1 b,Eclipse,Changeat et al. 2022,,2,Infrared Array Camera (IRAC),Spitzer Space Telescope satellite,3.6,4.5,,,Figure 2,2022ApJS..260....3C,30/41/69/30/KELT_1_b_3.11521_5219_117.tbl
KELT-7 b,Eclipse,Changeat et al. 2022,,25,Wide Field Camera 3,Hubble Space Telescope satellite,1.1263,1.6295,,,Figure 2,2022ApJS..260....3C,52/45/46/03/KELT_7_b_3.11769_5219_118.tbl
KELT-7 b,Eclipse,Changeat et al. 2022,,2,Infrared Array Camera (IRAC),Spitzer Space Telescope satellite,3.6,4.5,,,Figure 2,2022ApJS..260....3C,91/56/76/98/KELT_7_b_3.11769_5219_119.tbl
KELT-9 b,Eclipse,Changeat et al. 2022,,25,Wide Field Camera 3,Hubble Space Telescope satellite,1.1263,1.6295,,,Figure 2,2022ApJS..260....3C,57/97/13/62/KELT_9_b_3.12026_5219_120.tbl
KELT-9 b,Eclipse,Changeat et al. 2022,,1,Infrared Array Camera (IRAC),Spitzer Space Telescope satellite,4.5,4.5,,,Figure 2,2022ApJS..260....3C,31/15/08/53/KELT_9_b_3.12026_5219_121.tbl
KOI-13 b,Eclipse,Changeat et al. 2022,,15,Wide Field Camera 3,Hubble Space Telescope satellite,1.142,1.632,,,Figure 2,2022ApJS..260....3C,54/94/27/30/Kepler_13_b_3.155_5219_122.tbl
KOI-13 b,Eclipse,Changeat et al. 2022,,2,Infrared Array Camera (IRAC),Spitzer Space Telescope satellite,3.6,4.5,,,Figure 2,2022ApJS..260....3C,89/75/69/21/Kepler_13_b_3.155_5219_123.tbl
TrES-3 b,Eclipse,Changeat et al. 2022,,18,Wide Field Camera 3,Hubble Space Telescope satellite,1.1262,1.6237,,,Figure 2,2022ApJS..260....3C,81/84/12/72/TrES_3_b_3.11431_5219_124.tbl
WASP-103 b,Eclipse,Changeat et al. 2022,,25,Wide Field Camera 3,Hubble Space Telescope satellite,1.1263,1.6295,,,Figure 2,2022ApJS..260....3C,54/50/39/05/WASP_103_b_3.11649_5219_126.tbl
WASP-103 b,Eclipse,Changeat et al. 2022,,2,Infrared Array Camera (IRAC),Spitzer Space Telescope satellite,3.6,4.5,,,Figure 2,2022ApJS..260....3C,26/36/43/52/WASP_103_b_3.11649_5219_127.tbl
TrES-3 b,Eclipse,Changeat et al. 2022,,4,Infrared Array Camera (IRAC),Spitzer Space Telescope satellite,3.6,8.0,,,Figure 2,2022ApJS..260....3C,61/47/19/78/TrES_3_b_3.11431_5219_125.tbl
WASP-121 b,Eclipse,Changeat et al. 2022,,38,Wide Field Camera 3,Hubble Space Telescope satellite,0.8125,1.6295,,,Figure 2,2022ApJS..260....3C,35/39/97/30/WASP_121_b_3.11900_5219_128.tbl
WASP-12 b,Eclipse,Changeat et al. 2022,,18,Wide Field Camera 3,Hubble Space Telescope satellite,1.1262,1.6237,,,Figure 2,2022ApJS..260....3C,73/01/86/11/WASP_12_b_3.11441_5219_130.tbl
WASP-12 b,Eclipse,Changeat et al. 2022,,4,Infrared Array Camera (IRAC),Spitzer Space Telescope satellite,3.6,8.0,,,Figure 2,2022ApJS..260....3C,19/48/05/91/WASP_12_b_3.11441_5219_131.tbl
WASP-18 b,Eclipse,Changeat et al. 2022,,25,Wide Field Camera 3,Hubble Space Telescope satellite,1.1263,1.6295,,,Figure 2,2022ApJS..260....3C,88/24/92/52/WASP_18_b_3.11447_5219_132.tbl
WASP-18 b,Eclipse,Changeat et al. 2022,,4,Infrared Array Camera (IRAC),Spitzer Space Telescope satellite,3.6,8.0,,,Figure 2,2022ApJS..260....3C,98/07/29/44/WASP_18_b_3.11447_5219_133.tbl
WASP-19 b,Eclipse,Changeat et al. 2022,,25,Wide Field Camera 3,Hubble Space Telescope satellite,1.1263,1.6295,,,Figure 2,2022ApJS..260....3C,31/17/62/13/WASP_19_b_3.11448_5219_134.tbl
WASP-19 b,Eclipse,Changeat et al. 2022,,4,Infrared Array Camera (IRAC),Spitzer Space Telescope satellite,3.6,8.0,,,Figure 2,2022ApJS..260....3C,66/24/88/92/WASP_19_b_3.11448_5219_135.tbl
WASP-33 b,Eclipse,Changeat et al. 2022,,2,Infrared Array Camera (IRAC),Spitzer Space Telescope satellite,3.6,4.5,,,Figure 2,2022ApJS..260....3C,14/85/73/85/WASP_33_b_3.11460_5219_137.tbl
WASP-43 b,Eclipse,Changeat et al. 2022,,25,Wide Field Camera 3,Hubble Space Telescope satellite,1.1263,1.6295,,,Figure 2,2022ApJS..260....3C,52/97/45/23/WASP_43_b_3.11469_5219_138.tbl
WASP-43 b,Eclipse,Changeat et al. 2022,,2,Infrared Array Camera (IRAC),Spitzer Space Telescope satellite,3.6,4.5,,,Figure 2,2022ApJS..260....3C,44/93/08/36/WASP_43_b_3.11469_5219_139.tbl
WASP-4 b,Eclipse,Changeat et al. 2022,,2,Infrared Array Camera (IRAC),Spitzer Space Telescope satellite,3.6,4.5,,,Figure 2,2022ApJS..260....3C,82/74/09/58/WASP_4_b_3.11474_5219_141.tbl
WASP-74 b,Eclipse,Changeat et al. 2022,,25,Wide Field Camera 3,Hubble Space Telescope satellite,1.1263,1.6295,,,Figure 2,2022ApJS..260....3C,30/64/82/73/WASP_74_b_3.11772_5219_142.tbl
WASP-74 b,Eclipse,Changeat et al. 2022,,2,Infrared Array Camera (IRAC),Spitzer Space Telescope satellite,3.6,4.5,,,Figure 2,2022ApJS..260....3C,07/79/87/30/WASP_74_b_3.11772_5219_143.tbl
WASP-77 A b,Eclipse,Changeat et al. 2022,,25,Wide Field Camera 3,Hubble Space Telescope satellite,1.1263,1.6295,,,Figure 2,2022ApJS..260....3C,95/56/71/51/WASP_77_b_3.11569_5219_146.tbl
WASP-25 b,Transmission,McGruder et al. 2023,,31,Multiple Instruments,Multiple Observatories,0.4305,0.895,,,,2023AJ....166..120M,21/88/11/46/WASP_25_b_3.11453_5311_1.tbl
WASP-124 b,Transmission,McGruder et al. 2023,,33,Multiple Instruments,Multiple Observatories,0.465,0.979,,,,2023AJ....166..120M,44/43/95/84/WASP_124_b_3.11881_5311_1.tbl
CoRoT-1 b,Transmission,Jiang et al. 2023,,40,OSIRIS,Gran Telescopio CANARIAS 10.4m telescope,0.53,0.92,,,,2023A&A...675A..62J,92/39/84/15/CoRoT_1_b_3.10951_5312_1.tbl
HAT-P-18 b,Transmission,Jiang et al. 2023,,26,OSIRIS,Gran Telescopio CANARIAS 10.4m telescope,0.53,0.78,,,,2023A&A...675A..62J,07/95/45/37/HAT_P_18_b_3.11001_5312_1.tbl
HAT-P-57 b,Transmission,Jiang et al. 2023,,40,OSIRIS,Gran Telescopio CANARIAS 10.4m telescope,0.53,0.92,,,,2023A&A...675A..62J,90/15/74/52/HAT_P_57_b_3.11818_5312_1.tbl
Qatar-1 b,Transmission,Jiang et al. 2023,,40,OSIRIS,Gran Telescopio CANARIAS 10.4m telescope,0.53,0.92,,,,2023A&A...675A..62J,61/18/80/40/Qatar_1_b_3.11424_5312_1.tbl
TrES-4 b,Transmission,Jiang et al. 2023,,40,OSIRIS,Gran Telescopio CANARIAS 10.4m telescope,0.53,0.92,,,,2023A&A...675A..62J,48/53/08/59/TrES_4_b_3.11432_5312_1.tbl
WASP-2 b,Transmission,Jiang et al. 2023,,40,OSIRIS,Gran Telescopio CANARIAS 10.4m telescope,0.53,0.92,,,,2023A&A...675A..62J,89/64/25/47/WASP_2_b_3.11457_5312_1.tbl
WASP-32 b,Transmission,Jiang et al. 2023,,40,OSIRIS,Gran Telescopio CANARIAS 10.4m telescope,0.53,0.92,,,,2023A&A...675A..62J,48/63/34/36/WASP_32_b_3.11459_5312_1.tbl
WASP-36 b,Transmission,Jiang et al. 2023,,40,OSIRIS,Gran Telescopio CANARIAS 10.4m telescope,0.53,0.92,,,,2023A&A...675A..62J,72/40/57/01/WASP_36_b_3.11463_5312_1.tbl
WASP-49 b,Transmission,Jiang et al. 2023,,40,OSIRIS,Gran Telescopio CANARIAS 10.4m telescope,0.53,0.92,,,,2023A&A...675A..62J,74/66/83/30/WASP_49_b_3.11541_5312_1.tbl
WASP-156 b,Transmission,Jiang et al. 2023,,40,OSIRIS,Gran Telescopio CANARIAS 10.4m telescope,0.53,0.92,,,,2023A&A...675A..62J,77/74/14/51/WASP_156_b_3.12068_5312_1.tbl
WASP-10 b,Transmission,Jiang et al. 2023,,31,OSIRIS,Gran Telescopio CANARIAS 10.4m telescope,0.43,0.78,,,,2023A&A...675A..62J,08/10/88/06/WASP_10_b_3.11439_5312_1.tbl
WASP-39 b,Transmission,Jiang et al. 2023,,31,OSIRIS,Gran Telescopio CANARIAS 10.4m telescope,0.43,0.78,,,,2023A&A...675A..62J,38/78/69/17/WASP_39_b_3.11466_5312_1.tbl
WASP-121 b,Transmission,Wilson et al. 2021,,53,GMOS,Association of Universities for Research in Astronomy (AURA) 8.1m Gemini South Telescope at Cerro Pachon,0.525,0.945,,,,2021MNRAS.503.4787W,43/11/78/66/WASP_121_b_3.11900_5313_1.tbl
HAT-P-12 b,Transmission,Wong et al. 2020,,2,Infrared Array Camera (IRAC),Spitzer Space Telescope satellite,3.6,4.5,,,,2020AJ....159..234W,86/31/94/24/HAT_P_12_b_3.10993_5314_1.tbl
HAT-P-12 b,Transmission,Wong et al. 2020,,4,Space Telescope Imaging Spectrograph,Hubble Space Telescope satellite,0.374,0.54,,,STIS G430L,2020AJ....159..234W,25/81/09/10/HAT_P_12_b_3.10993_5314_2.tbl
HAT-P-12 b,Transmission,Wong et al. 2020,,12,Space Telescope Imaging Spectrograph,Hubble Space Telescope satellite,0.55,0.992,,,STIS G750L,2020AJ....159..234W,05/31/69/69/HAT_P_12_b_3.10993_5314_3.tbl
HAT-P-12 b,Transmission,Wong et al. 2020,,28,Wide Field Camera 3,Hubble Space Telescope satellite,1.11,1.65,,,WFC3 G141,2020AJ....159..234W,33/75/82/38/HAT_P_12_b_3.10993_5314_4.tbl
HAT-P-12 b,Eclipse,Wong et al. 2020,,2,Infrared Array Camera (IRAC),Spitzer Space Telescope satellite,3.6,4.5,,,Simultaneous fit of all four eclipses.,2020AJ....159..234W,74/23/92/87/HAT_P_12_b_3.10993_5314_5.tbl
HAT-P-41 b,Eclipse,Changeat et al. 2022,,25,Wide Field Camera 3,Hubble Space Telescope satellite,1.1263,1.6295,,,Figure 2,2022ApJS..260....3C,32/42/01/32/HAT_P_41_b_3.11534_5219_106.tbl
LTT 9779 b,Transmission,Radica et al. 2024,,227,Near Infrared Imager and Slitless Spectrograph (NIRISS),NASA 6.5m James Webb Space Telescope (JWST) Satellite Mission,0.6064,2.7286,,,SOSS mode,2024ApJ...962L..20R,11/18/58/25/LTT_9779_b_3.12596_5328_1.tbl
WASP-77 A b,Eclipse,August et al. 2023,,150,Near Infrared Spectrograph (NIRSpec) - G395H,NASA 6.5m James Webb Space Telescope (JWST) Satellite Mission,2.811,5.164,,,Table 2,2023ApJ...953L..24A,76/89/90/56/WASP_77_A_b_3.11569_5329_1.tbl
HAT-P-7 b,Eclipse,Changeat et al. 2022,,4,Infrared Array Camera (IRAC),Spitzer Space Telescope satellite,3.6,8.0,,,Figure 2,2022ApJS..260....3C,71/60/35/23/HAT_P_7_b_3.8_5219_111.tbl
HD 209458 b,Eclipse,Changeat et al. 2022,,25,Wide Field Camera 3,Hubble Space Telescope satellite,1.1263,1.6295,,,Figure 2,2022ApJS..260....3C,68/42/38/34/HD_209458_b_3.11218_5219_114.tbl
WASP-33 b,Eclipse,Changeat et al. 2022,,11,Wide Field Camera 3,Hubble Space Telescope satellite,1.155,1.606,,,Figure 2,2022ApJS..260....3C,07/31/68/23/WASP_33_b_3.11460_5219_136.tbl
WASP-121 b,Eclipse,Changeat et al. 2022,,2,Infrared Array Camera (IRAC),Spitzer Space Telescope satellite,3.6,4.5,,,Figure 2,2022ApJS..260....3C,34/36/94/34/WASP_121_b_3.11900_5219_129.tbl
WASP-4 b,Eclipse,Changeat et al. 2022,,18,Wide Field Camera 3,Hubble Space Telescope satellite,1.1262,1.6237,,,Figure 2,2022ApJS..260....3C,60/49/89/28/WASP_4_b_3.11474_5219_140.tbl
WASP-76 b,Eclipse,Changeat et al. 2022,,25,Wide Field Camera 3,Hubble Space Telescope satellite,1.1263,1.6295,,,Figure 2,2022ApJS..260....3C,11/02/04/30/WASP_76_b_3.11846_5219_144.tbl
WASP-76 b,Eclipse,Changeat et al. 2022,,2,Infrared Array Camera (IRAC),Spitzer Space Telescope satellite,3.6,4.5,,,Figure 2,2022ApJS..260....3C,09/99/71/28/WASP_76_b_3.11846_5219_145.tbl
WASP-79 b,Eclipse,Changeat et al. 2022,,18,Wide Field Camera 3,Hubble Space Telescope satellite,1.1262,1.6237,,,Figure 2,2022ApJS..260....3C,96/29/42/34/WASP_79_b_3.11520_5219_148.tbl
WASP-77 A b,Eclipse,Changeat et al. 2022,,2,Infrared Array Camera (IRAC),Spitzer Space Telescope satellite,3.6,4.5,,,Figure 2,2022ApJS..260....3C,71/13/41/99/WASP_77_b_3.11569_5219_147.tbl
WASP-79 b,Eclipse,Changeat et al. 2022,,2,Infrared Array Camera (IRAC),Spitzer Space Telescope satellite,3.6,4.5,,,Figure 2,2022ApJS..260....3C,76/35/83/47/WASP_79_b_3.11520_5219_149.tbl
CoRoT-1 b,Transmission,Edwards et al. 2023,,25,Wide Field Camera 3,Hubble Space Telescope satellite,1.1262,1.6295,,,G141,2023ApJS..269...31E,70/45/91/25/CoRoT_1_b_3.10951_5286_40.tbl
GJ 1214 b,Transmission,Edwards et al. 2023,,25,Wide Field Camera 3,Hubble Space Telescope satellite,1.1262,1.6295,,,G141,2023ApJS..269...31E,54/40/61/54/GJ_1214_b_3.10969_5286_41.tbl
GJ 3470 b,Transmission,Edwards et al. 2023,,25,Wide Field Camera 3,Hubble Space Telescope satellite,1.1262,1.6295,,,G141,2023ApJS..269...31E,52/05/93/12/GJ_3470_b_3.11524_5286_42.tbl
HAT-P-2 b,Transmission,Edwards et al. 2023,,25,Wide Field Camera 3,Hubble Space Telescope satellite,1.1262,1.6295,,,G141,2023ApJS..269...31E,52/15/51/03/HAT_P_2_b_3.11014_5286_43.tbl
HAT-P-7 b,Transmission,Edwards et al. 2023,,25,Wide Field Camera 3,Hubble Space Telescope satellite,1.1262,1.6295,,,G141,2023ApJS..269...31E,17/05/07/90/HAT_P_7_b_3.8_5286_44.tbl
HD 219666 b,Transmission,Edwards et al. 2023,,25,Wide Field Camera 3,Hubble Space Telescope satellite,1.1262,1.6295,,,G141,2023ApJS..269...31E,12/97/27/47/HD_219666_b_3.12304_5286_45.tbl
HD 97658 b,Transmission,Edwards et al. 2023,,25,Wide Field Camera 3,Hubble Space Telescope satellite,1.1262,1.6295,,,G141,2023ApJS..269...31E,09/54/73/45/HD_97658_b_3.11371_5286_46.tbl
HIP 41378 f,Transmission,Edwards et al. 2023,,25,Wide Field Camera 3,Hubble Space Telescope satellite,1.1262,1.6295,,,G141,2023ApJS..269...31E,05/93/18/95/HIP_41378_f_3.11912_5286_48.tbl
HIP 41378 b,Transmission,Edwards et al. 2023,,25,Wide Field Camera 3,Hubble Space Telescope satellite,1.1262,1.6295,,,G141,2023ApJS..269...31E,88/09/12/84/HIP_41378_b_3.11908_5286_47.tbl
K2-24 b,Transmission,Edwards et al. 2023,,25,Wide Field Camera 3,Hubble Space Telescope satellite,1.1262,1.6295,,,G141,2023ApJS..269...31E,37/31/62/35/K2_24_b_3.8918_5286_49.tbl
KELT-1 b,Transmission,Edwards et al. 2023,,25,Wide Field Camera 3,Hubble Space Telescope satellite,1.1262,1.6295,,,G141,2023ApJS..269...31E,01/95/59/83/KELT_1_b_3.11521_5286_50.tbl
Kepler-51 d,Transmission,Edwards et al. 2023,,25,Wide Field Camera 3,Hubble Space Telescope satellite,1.1262,1.6295,,,G141,2023ApJS..269...31E,26/66/16/59/Kepler_51_d_3.2966_5286_51.tbl
Kepler-9 c,Transmission,Edwards et al. 2023,,25,Wide Field Camera 3,Hubble Space Telescope satellite,1.1262,1.6295,,,G141,2023ApJS..269...31E,24/65/78/81/Kepler_9_c_3.964_5286_53.tbl
TOI-270 c,Transmission,Edwards et al. 2023,,25,Wide Field Camera 3,Hubble Space Telescope satellite,1.1262,1.6295,,,G141,2023ApJS..269...31E,38/01/42/03/TOI_270_c_3.12405_5286_54.tbl
TOI-270 d,Transmission,Edwards et al. 2023,,25,Wide Field Camera 3,Hubble Space Telescope satellite,1.1262,1.6295,,,G141,2023ApJS..269...31E,25/90/64/46/TOI_270_d_3.12406_5286_55.tbl
TOI-674 b,Transmission,Edwards et al. 2023,,25,Wide Field Camera 3,Hubble Space Telescope satellite,1.1262,1.6295,,,G141,2023ApJS..269...31E,39/35/10/18/TOI_674_b_3.12737_5286_56.tbl
V1298 Tau b,Transmission,Edwards et al. 2023,,25,Wide Field Camera 3,Hubble Space Telescope satellite,1.1262,1.6295,,,G141,2023ApJS..269...31E,22/70/33/53/V1298_Tau_b_3.12385_5286_59.tbl
TrES-4 b,Transmission,Edwards et al. 2023,,25,Wide Field Camera 3,Hubble Space Telescope satellite,1.1262,1.6295,,,G141,2023ApJS..269...31E,33/19/18/62/TrES_4_b_3.11432_5286_58.tbl
TrES-2 b,Transmission,Edwards et al. 2023,,25,Wide Field Camera 3,Hubble Space Telescope satellite,1.1262,1.6295,,,G141,2023ApJS..269...31E,23/87/24/41/TrES_2_b_3.237_5286_57.tbl
V1298 Tau c,Transmission,Edwards et al. 2023,,25,Wide Field Camera 3,Hubble Space Telescope satellite,1.1262,1.6295,,,G141,2023ApJS..269...31E,79/43/94/88/V1298_Tau_c_3.12450_5286_60.tbl
WASP-107 b,Transmission,Edwards et al. 2023,,25,Wide Field Camera 3,Hubble Space Telescope satellite,1.1262,1.6295,,,G141,2023ApJS..269...31E,94/19/58/76/WASP_107_b_3.12045_5286_62.tbl
WASP-121 b,Transmission,Edwards et al. 2023,,25,Wide Field Camera 3,Hubble Space Telescope satellite,1.1262,1.6295,,,G141,2023ApJS..269...31E,44/61/69/14/WASP_121_b_3.11900_5286_63.tbl
WASP-178 b,Transmission,Edwards et al. 2023,,25,Wide Field Camera 3,Hubble Space Telescope satellite,1.1262,1.6295,,,G141,2023ApJS..269...31E,11/22/27/48/WASP_178_b_3.12435_5286_64.tbl
WASP-103 b,Transmission,Edwards et al. 2023,,25,Wide Field Camera 3,Hubble Space Telescope satellite,1.1262,1.6295,,,G141,2023ApJS..269...31E,40/82/02/84/WASP_103_b_3.11649_5286_61.tbl
WASP-18 b,Transmission,Edwards et al. 2023,,25,Wide Field Camera 3,Hubble Space Telescope satellite,1.1262,1.6295,,,G141,2023ApJS..269...31E,07/44/64/41/WASP_18_b_3.11447_5286_65.tbl
WASP-6 b,Transmission,Edwards et al. 2023,,25,Wide Field Camera 3,Hubble Space Telescope satellite,1.1262,1.6295,,,G141,2023ApJS..269...31E,24/18/54/93/WASP_6_b_3.11477_5286_67.tbl
WASP-19 b,Transmission,Edwards et al. 2023,,25,Wide Field Camera 3,Hubble Space Telescope satellite,1.1262,1.6295,,,G141,2023ApJS..269...31E,68/58/57/03/WASP_19_b_3.11448_5286_66.tbl
Kepler-9 b,Transmission,Edwards et al. 2023,,25,Wide Field Camera 3,Hubble Space Telescope satellite,1.1262,1.6295,,,G141,2023ApJS..269...31E,44/10/95/51/Kepler_9_b_3.388_5286_52.tbl
WASP-39 b,Transmission,Powell et al. 2024,,28,Mid-Infrared Instrument (MIRI) - LRS,NASA 6.5m James Webb Space Telescope (JWST) Satellite Mission,5.125,11.875,,,SPARTA Pipeline,2024Natur.626..979P,39/42/53/41/WASP_39_b_3.11466_5352_1.tbl
WASP-39 b,Transmission,Powell et al. 2024,,26,Mid-Infrared Instrument (MIRI) - LRS,NASA 6.5m James Webb Space Telescope (JWST) Satellite Mission,5.125,11.375,,,Tiberius Pipeline,2024Natur.626..979P,23/13/78/90/WASP_39_b_3.11466_5352_2.tbl
WASP-39 b,Transmission,Powell et al. 2024,,28,Mid-Infrared Instrument (MIRI) - LRS,NASA 6.5m James Webb Space Telescope (JWST) Satellite Mission,5.125,11.875,,,Eureka Pipeline,2024Natur.626..979P,92/32/34/11/WASP_39_b_3.11466_5352_3.tbl
TOI-4860 b,Transmission,Almenara et al. 2024,,5,ExTrA,"60 cm telescopes, La Silla Observatory",0.8898,1.5264,,,Table 2,2024A&A...683A.166A,93/24/24/73/TOI_4860_b_3.17486_5320_4.tbl
TOI-4860 b,Transmission,Almenara et al. 2024,,1,TESS CCD Array,Transiting Exoplanet Survey Satellite,0.7698,0.7698,,,Table 2,2024A&A...683A.166A,61/34/87/73/TOI_4860_b_3.17486_5320_3.tbl
TOI-4438 b,Transmission,Goffo et al. 2024,,1,TESS CCD Array,Transiting Exoplanet Survey Satellite,0.787,0.787,,,Table 2,2024A&A...685A.147G,74/27/83/45/TOI_4438_b_3.17143_5334_1.tbl
TOI-4438 b,Transmission,Goffo et al. 2024,,4,MuSCAT2,"1.52 m Telescopio Carlos Sanchez, Teide Observatory",0.475,0.87,,,Table 2,2024A&A...685A.147G,20/19/20/12/TOI_4438_b_3.17143_5334_2.tbl
HATS-2 b,Transmission,Biagiotti et al. 2024,,4,GROND,Max Planck Gesellschaft 2.2 meter Telescope at European Southern Observatory,0.477,0.9134,,,"from text, Section 6",2024A&A...685A.131B,76/52/05/37/HATS_2_b_3.11618_5348_1.tbl
HATS-2 b,Transmission,Biagiotti et al. 2024,,2,DFOSC,Danish 1.54m telescope at European Southern Observatory,0.6489,0.82,,,"from text, Section 6",2024A&A...685A.131B,35/96/12/75/HATS_2_b_3.11618_5348_2.tbl
HD 106315 c,Transmission,Guilluy et al. 2021,,25,Wide Field Camera 3,Hubble Space Telescope satellite,1.1262,1.6295,,,Table 5,2021AJ....161...19G,89/23/46/36/HD_106315_c_3.11995_5360_1.tbl
HD 3167 c,Transmission,Guilluy et al. 2021,,25,Wide Field Camera 3,Hubble Space Telescope satellite,1.1262,1.6295,,,Table 5,2021AJ....161...19G,37/22/60/26/HD_3167_c_3.11925_5360_2.tbl
WASP-43 b,Eclipse,Bell et al. 2024,,14,Mid-Infrared Instrument (MIRI),NASA 6.5m James Webb Space Telescope (JWST) Satellite Mission,5.25,11.75,,,Eureka Pipeline v2,2024NatAs...8..879B,79/67/49/18/WASP_43_b_3.11469_5377_3.tbl
WASP-43 b,Transmission,Bell et al. 2024,,14,Mid-Infrared Instrument (MIRI),NASA 6.5m James Webb Space Telescope (JWST) Satellite Mission,5.25,11.75,,,Eureka Pipeline v2,2024NatAs...8..879B,20/26/29/79/WASP_43_b_3.11469_5377_4.tbl
WASP-43 b,Eclipse,Bell et al. 2024,,14,Mid-Infrared Instrument (MIRI),NASA 6.5m James Webb Space Telescope (JWST) Satellite Mission,5.25,11.75,,,Teatro Pipeline,2024NatAs...8..879B,92/06/05/03/WASP_43_b_3.11469_5377_7.tbl
TOI-1268 b,Transmission,P&eacute;rez-Gonz&aacute;lez et al. 2024,,1,Wide-field InfraRed Camera (WIRC),California Institute of Technology 5.1m (200inch) Hale Telescope at Palomar Observatory,1.083,1.083,,,,2024AJ....167..214P,06/23/24/84/TOI_1268_b_3.13058_5365_1.tbl
TOI-1268 b,Transmission,P&eacute;rez-Gonz&aacute;lez et al. 2024,,1,TESS CCD Array,Transiting Exoplanet Survey Satellite,0.787,0.787,,,,2024AJ....167..214P,11/32/82/76/TOI_1268_b_3.13058_5365_2.tbl
WASP-43 b,Eclipse,Bell et al. 2024,,14,Mid-Infrared Instrument (MIRI),NASA 6.5m James Webb Space Telescope (JWST) Satellite Mission,5.25,11.75,,,Eureka Pipeline v1,2024NatAs...8..879B,61/30/15/84/WASP_43_b_3.11469_5377_1.tbl
WASP-43 b,Transmission,Bell et al. 2024,,14,Mid-Infrared Instrument (MIRI),NASA 6.5m James Webb Space Telescope (JWST) Satellite Mission,5.25,11.75,,,Eureka Pipeline v1,2024NatAs...8..879B,12/11/95/09/WASP_43_b_3.11469_5377_2.tbl
WASP-43 b,Eclipse,Bell et al. 2024,,14,Mid-Infrared Instrument (MIRI),NASA 6.5m James Webb Space Telescope (JWST) Satellite Mission,5.25,11.75,,,Sparta Pipeline,2024NatAs...8..879B,13/76/23/74/WASP_43_b_3.11469_5377_5.tbl
WASP-43 b,Transmission,Bell et al. 2024,,14,Mid-Infrared Instrument (MIRI),NASA 6.5m James Webb Space Telescope (JWST) Satellite Mission,5.25,11.75,,,Sparta Pipeline,2024NatAs...8..879B,16/20/81/99/WASP_43_b_3.11469_5377_6.tbl
WASP-43 b,Transmission,Bell et al. 2024,,14,Mid-Infrared Instrument (MIRI),NASA 6.5m James Webb Space Telescope (JWST) Satellite Mission,5.25,11.75,,,Teatro Pipeline,2024NatAs...8..879B,99/13/57/06/WASP_43_b_3.11469_5377_8.tbl
WASP-43 b,Eclipse,Bell et al. 2024,,14,Mid-Infrared Instrument (MIRI),NASA 6.5m James Webb Space Telescope (JWST) Satellite Mission,5.25,11.75,,,Fiducial Combined,2024NatAs...8..879B,97/66/17/03/WASP_43_b_3.11469_5377_9.tbl
55 Cnc e,Eclipse,Hu et al. 2024,,9,Mid-Infrared Instrument (MIRI),NASA 6.5m James Webb Space Telescope (JWST) Satellite Mission,6.5825,11.4545,2460027.5,2460027.5,Fig. 3,2024Natur.630..609H,03/10/03/15/55_Cnc_e_3.10924_5378_1.tbl
55 Cnc e,Eclipse,Hu et al. 2024,,21,Near Infrared Camera (NIRCam),NASA 6.5m James Webb Space Telescope (JWST) Satellite Mission,3.965,4.965,2459907.5,2459907.5,Relative eclipse depths offset by 60 ppm (Fig 3),2024Natur.630..609H,48/20/90/63/55_Cnc_e_3.10924_5378_2.tbl
KELT-7 b,Transmission,Pluriel et al. 2020,,25,Wide Field Camera 3,Hubble Space Telescope satellite,1.1262,1.6295,,,Table 4,2020AJ....160..112P,34/92/82/14/KELT_7_b_3.11769_5376_1.tbl
KELT-7 b,Eclipse,Pluriel et al. 2020,,25,Wide Field Camera 3,Hubble Space Telescope satellite,1.1262,1.6295,,,Table 4,2020AJ....160..112P,25/67/86/40/KELT_7_b_3.11769_5376_2.tbl
KELT-7 b,Transmission,Pluriel et al. 2020,,1,TESS CCD Array,Transiting Exoplanet Survey Satellite,0.8,0.8,,,Table 4,2020AJ....160..112P,94/19/12/46/KELT_7_b_3.11769_5376_3.tbl
WASP-6 b,Transmission,Jord&aacute;n et al. 2013,,20,IMACS spectrograph,Magellan I Walter Baade Telescope,0.4823,0.8518,,,Table 5,2013ApJ...778..184J,97/25/19/42/WASP_6_b_3.11477_3418_1.tbl
KELT-3 b,Eclipse,Garhart et al. 2020,,2,Infrared Array Camera (IRAC),Spitzer Space Telescope satellite,3.6,4.5,,,Table 1 & 6,2020AJ....159..137G,25/72/73/40/KELT_3_b_3.11599_5410_7.tbl
KELT-2 A b,Eclipse,Garhart et al. 2020,,2,Infrared Array Camera (IRAC),Spitzer Space Telescope satellite,3.6,4.5,,,Table 1 & 6,2020AJ....159..137G,47/91/23/02/KELT_2_A_b_3.11522_5410_6.tbl
HAT-P-41 b,Eclipse,Garhart et al. 2020,,2,Infrared Array Camera (IRAC),Spitzer Space Telescope satellite,3.6,4.5,,,Table 1 & 6,2020AJ....159..137G,90/85/53/40/HAT_P_41_b_3.11534_5410_5.tbl
HAT-P-40 b,Eclipse,Garhart et al. 2020,,2,Infrared Array Camera (IRAC),Spitzer Space Telescope satellite,3.6,4.5,,,Table 1 & 6,2020AJ....159..137G,77/55/58/62/HAT_P_40_b_3.11533_5410_4.tbl
HAT-P-33 b,Eclipse,Garhart et al. 2020,,2,Infrared Array Camera (IRAC),Spitzer Space Telescope satellite,3.6,4.5,,,Table 1 & 6,2020AJ....159..137G,24/17/25/97/HAT_P_33_b_3.11018_5410_3.tbl
HAT-P-30 b,Eclipse,Garhart et al. 2020,,2,Infrared Array Camera (IRAC),Spitzer Space Telescope satellite,3.6,4.5,,,Table 1 & 6,2020AJ....159..137G,58/71/57/58/HAT_P_30_b_3.11015_5410_2.tbl
HAT-P-13 b,Eclipse,Garhart et al. 2020,,2,Infrared Array Camera (IRAC),Spitzer Space Telescope satellite,3.6,4.5,,,Table 1 & 6,2020AJ....159..137G,71/34/49/59/HAT_P_13_b_3.10994_5410_1.tbl
WASP-76 b,Transmission,von Essen et al. 2020,,8,Space Telescope Imaging Spectrograph,Hubble Space Telescope satellite,0.3483,0.5583,,,"Table 4, G430L",2020A&A...637A..76V,44/47/51/88/WASP_76_b_3.11846_5412_48.tbl
WASP-76 b,Transmission,von Essen et al. 2020,,16,Space Telescope Imaging Spectrograph,Hubble Space Telescope satellite,0.5455,0.9173,,,"Table 4, G750L",2020A&A...637A..76V,61/33/04/46/WASP_76_b_3.11846_5412_49.tbl
WASP-76 b,Transmission,Fu et al. 2021,,38,Space Telescope Imaging Spectrograph,Hubble Space Telescope satellite,0.33,0.9643,,,Table 8,2021AJ....162..108F,36/10/21/67/WASP_76_b_3.11846_5411_43.tbl
WASP-76 b,Transmission,Fu et al. 2021,,26,Wide Field Camera 3,Hubble Space Telescope satellite,1.1425,1.6075,,,Table 8,2021AJ....162..108F,07/23/37/19/WASP_76_b_3.11846_5411_44.tbl
WASP-76 b,Transmission,Fu et al. 2021,,3,Infrared Array Camera (IRAC),Spitzer Space Telescope satellite,3.55,4.493,,,Table 8,2021AJ....162..108F,69/76/51/74/WASP_76_b_3.11846_5411_45.tbl
WASP-76 b,Eclipse,Fu et al. 2021,,26,Wide Field Camera 3,Hubble Space Telescope satellite,1.1518,1.6168,,,Table 9,2021AJ....162..108F,31/61/22/37/WASP_76_b_3.11846_5411_46.tbl
WASP-76 b,Eclipse,Fu et al. 2021,,4,Infrared Array Camera (IRAC),Spitzer Space Telescope satellite,3.55,4.493,,,Table 9,2021AJ....162..108F,18/37/35/02/WASP_76_b_3.11846_5411_47.tbl
HD 209458 b,Transmission,Xue et al. 2024,,69,Near Infrared Camera (NIRCam),NASA 6.5m James Webb Space Telescope (JWST) Satellite Mission,2.38,4.98,,,"Figure 6, Eureka! pipeline",2024ApJ...963L...5X,06/77/10/29/HD_209458_b_3.11218_5413_50.tbl
HD 209458 b,Transmission,Xue et al. 2024,,69,Near Infrared Camera (NIRCam),NASA 6.5m James Webb Space Telescope (JWST) Satellite Mission,2.38,4.98,,,"Figure 6, Sparta pipeline",2024ApJ...963L...5X,32/91/31/49/HD_209458_b_3.11218_5413_51.tbl
WASP-74 b,Transmission,Garhart et al. 2020,,2,Infrared Array Camera (IRAC),Spitzer Space Telescope satellite,3.6,4.5,,,Table 3,2020AJ....159..137G,08/85/22/46/WASP_74_b_3.11772_5410_42.tbl
WASP-62 b,Transmission,Garhart et al. 2020,,2,Infrared Array Camera (IRAC),Spitzer Space Telescope satellite,3.6,4.5,,,Table 3,2020AJ....159..137G,01/82/42/35/WASP_62_b_3.11544_5410_41.tbl
KELT-7 b,Transmission,Garhart et al. 2020,,2,Infrared Array Camera (IRAC),Spitzer Space Telescope satellite,3.6,4.5,,,Table 3,2020AJ....159..137G,48/71/42/85/KELT_7_b_3.11769_5410_40.tbl
WASP-131 b,Eclipse,Garhart et al. 2020,,2,Infrared Array Camera (IRAC),Spitzer Space Telescope satellite,3.6,4.5,,,Table 1 & 6,2020AJ....159..137G,53/14/30/09/WASP_131_b_3.11960_5410_39.tbl
WASP-121 b,Eclipse,Garhart et al. 2020,,2,Infrared Array Camera (IRAC),Spitzer Space Telescope satellite,3.6,4.5,,,Table 1 & 6,2020AJ....159..137G,13/05/25/40/WASP_121_b_3.11900_5410_38.tbl
WASP-104 b,Eclipse,Garhart et al. 2020,,2,Infrared Array Camera (IRAC),Spitzer Space Telescope satellite,3.6,4.5,,,Table 1 & 6,2020AJ....159..137G,26/30/62/47/WASP_104_b_3.11702_5410_37.tbl
WASP-103 b,Eclipse,Garhart et al. 2020,,2,Infrared Array Camera (IRAC),Spitzer Space Telescope satellite,3.6,4.5,,,Table 1 & 6,2020AJ....159..137G,04/81/18/90/WASP_103_b_3.11649_5410_36.tbl
WASP-103 b,Eclipse,Garhart et al. 2020,,2,Infrared Array Camera (IRAC),Spitzer Space Telescope satellite,3.6,4.5,,,Table 1 & 6,2020AJ....159..137G,80/72/76/23/WASP_103_b_3.11649_5410_35.tbl
WASP-101 b,Eclipse,Garhart et al. 2020,,2,Infrared Array Camera (IRAC),Spitzer Space Telescope satellite,3.6,4.5,,,Table 1 & 6,2020AJ....159..137G,11/50/02/06/WASP_101_b_3.11672_5410_34.tbl
WASP-100 b,Eclipse,Garhart et al. 2020,,2,Infrared Array Camera (IRAC),Spitzer Space Telescope satellite,3.6,4.5,,,Table 1 & 6,2020AJ....159..137G,04/20/89/25/WASP_100_b_3.11671_5410_33.tbl
WASP-97 b,Eclipse,Garhart et al. 2020,,2,Infrared Array Camera (IRAC),Spitzer Space Telescope satellite,3.6,4.5,,,Table 1 & 6,2020AJ....159..137G,62/11/68/13/WASP_97_b_3.11668_5410_32.tbl
WASP-94 A b,Eclipse,Garhart et al. 2020,,2,Infrared Array Camera (IRAC),Spitzer Space Telescope satellite,3.6,4.5,,,Table 1 & 6,2020AJ....159..137G,67/80/63/28/WASP_94A_b_3.11708_5410_31.tbl
WASP-87 b,Eclipse,Garhart et al. 2020,,2,Infrared Array Camera (IRAC),Spitzer Space Telescope satellite,3.6,4.5,,,Table 1 & 6,2020AJ....159..137G,11/85/06/76/WASP_87_b_3.12389_5410_30.tbl
WASP-79 b,Eclipse,Garhart et al. 2020,,2,Infrared Array Camera (IRAC),Spitzer Space Telescope satellite,3.6,4.5,,,Table 1 & 6,2020AJ....159..137G,64/92/53/31/WASP_79_b_3.11520_5410_29.tbl
WASP-78 b,Eclipse,Garhart et al. 2020,,2,Infrared Array Camera (IRAC),Spitzer Space Telescope satellite,3.6,4.5,,,Table 1 & 6,2020AJ....159..137G,11/79/38/06/WASP_78_b_3.11519_5410_28.tbl
WASP-77 A b,Eclipse,Garhart et al. 2020,,2,Infrared Array Camera (IRAC),Spitzer Space Telescope satellite,3.6,4.5,,,Table 1 & 6,2020AJ....159..137G,20/55/19/39/WASP_77_b_3.11569_5410_27.tbl
WASP-76 b,Eclipse,Garhart et al. 2020,,2,Infrared Array Camera (IRAC),Spitzer Space Telescope satellite,3.6,4.5,,,Table 1 & 6,2020AJ....159..137G,99/79/67/65/WASP_76_b_3.11846_5410_26.tbl
WASP-74 b,Eclipse,Garhart et al. 2020,,2,Infrared Array Camera (IRAC),Spitzer Space Telescope satellite,3.6,4.5,,,Table 1 & 6,2020AJ....159..137G,63/25/25/53/WASP_74_b_3.11772_5410_24.tbl
WASP-65 b,Eclipse,Garhart et al. 2020,,2,Infrared Array Camera (IRAC),Spitzer Space Telescope satellite,3.6,4.5,,,Table 1 & 6,2020AJ....159..137G,97/24/53/26/WASP_65_b_3.11622_5410_23.tbl
WASP-64 b,Eclipse,Garhart et al. 2020,,2,Infrared Array Camera (IRAC),Spitzer Space Telescope satellite,3.6,4.5,,,Table 1 & 6,2020AJ....159..137G,51/87/95/23/WASP_64_b_3.11583_5410_22.tbl
WASP-63 b,Eclipse,Garhart et al. 2020,,2,Infrared Array Camera (IRAC),Spitzer Space Telescope satellite,3.6,4.5,,,Table 1 & 6,2020AJ....159..137G,18/25/92/42/WASP_63_b_3.11545_5410_21.tbl
WASP-62 b,Eclipse,Garhart et al. 2020,,2,Infrared Array Camera (IRAC),Spitzer Space Telescope satellite,3.6,4.5,,,Table 1 & 6,2020AJ....159..137G,59/70/18/13/WASP_62_b_3.11544_5410_20.tbl
WASP-46 b,Eclipse,Garhart et al. 2020,,2,Infrared Array Camera (IRAC),Spitzer Space Telescope satellite,3.6,4.5,,,Table 1 & 6,2020AJ....159..137G,16/94/52/68/WASP_46_b_3.11472_5410_18.tbl
WASP-43 b,Eclipse,Garhart et al. 2020,,2,Infrared Array Camera (IRAC),Spitzer Space Telescope satellite,3.6,4.5,,,Table 1 & 6,2020AJ....159..137G,62/35/31/59/WASP_43_b_3.11469_5410_17.tbl
WASP-36 b,Eclipse,Garhart et al. 2020,,2,Infrared Array Camera (IRAC),Spitzer Space Telescope satellite,3.6,4.5,,,Table 1 & 6,2020AJ....159..137G,03/76/30/41/WASP_36_b_3.11463_5410_16.tbl
WASP-19 b,Eclipse,Garhart et al. 2020,,2,Infrared Array Camera (IRAC),Spitzer Space Telescope satellite,3.6,4.5,,,Table 1 & 6,2020AJ....159..137G,99/84/68/60/WASP_19_b_3.11448_5410_15.tbl
WASP-19 b,Eclipse,Garhart et al. 2020,,2,Infrared Array Camera (IRAC),Spitzer Space Telescope satellite,3.6,4.5,,,Table 1 & 6,2020AJ....159..137G,31/30/16/07/WASP_19_b_3.11448_5410_14.tbl
WASP-18 b,Eclipse,Garhart et al. 2020,,2,Infrared Array Camera (IRAC),Spitzer Space Telescope satellite,3.6,4.5,,,Table 1 & 6,2020AJ....159..137G,85/80/63/10/WASP_18_b_3.11447_5410_13.tbl
WASP-14 b,Eclipse,Garhart et al. 2020,,2,Infrared Array Camera (IRAC),Spitzer Space Telescope satellite,3.6,4.5,,,Table 1 & 6,2020AJ....159..137G,19/88/79/21/WASP_14_b_3.11443_5410_12.tbl
WASP-14 b,Eclipse,Garhart et al. 2020,,2,Infrared Array Camera (IRAC),Spitzer Space Telescope satellite,3.6,4.5,,,Table 1 & 6,2020AJ....159..137G,98/95/13/75/WASP_14_b_3.11443_5410_11.tbl
WASP-12 b,Eclipse,Garhart et al. 2020,,2,Infrared Array Camera (IRAC),Spitzer Space Telescope satellite,3.6,4.5,,,Table 1 & 6,2020AJ....159..137G,64/60/81/98/WASP_12_b_3.11441_5410_10.tbl
Qatar-1 b,Eclipse,Garhart et al. 2020,,2,Infrared Array Camera (IRAC),Spitzer Space Telescope satellite,3.6,4.5,,,Table 1 & 6,2020AJ....159..137G,15/25/49/50/Qatar_1_b_3.11424_5410_9.tbl
KELT-7 b,Eclipse,Garhart et al. 2020,,2,Infrared Array Camera (IRAC),Spitzer Space Telescope satellite,3.6,4.5,,,Table 1 & 6,2020AJ....159..137G,98/61/76/52/KELT_7_b_3.11769_5410_8.tbl
LHS 1140 b,Transmission,Cadieux et al. 2024,,142,Near Infrared Imager and Slitless Spectrograph (NIRISS),NASA 6.5m James Webb Space Telescope (JWST) Satellite Mission,0.6534,2.6515,,,Table B1,2024ApJ...970L...2C,99/51/35/59/LHS_1140_b_3.12019_5422_1.tbl
LHS 1140 c,Transmission,Cadieux et al. 2024,,142,Near Infrared Imager and Slitless Spectrograph (NIRISS),NASA 6.5m James Webb Space Telescope (JWST) Satellite Mission,0.6534,2.6515,,,Table B1,2024ApJ...970L...2C,14/51/19/15/LHS_1140_c_3.12258_5422_2.tbl
WASP-107 b,Transmission,Sing et al. 2024,,576,Near Infrared Spectrograph (NIRSpec),NASA 6.5m James Webb Space Telescope (JWST) Satellite Mission,2.7355,5.1637,,,,2024Natur.630..831S,92/71/18/15/WASP_107_b_3.12045_5452_1.tbl
WASP-107 b,Transmission,Welbanks et al. 2024,,58,Mid-Infrared Instrument (MIRI) - LRS,NASA 6.5m James Webb Space Telescope (JWST) Satellite Mission,5.064,13.628,,,Fiducial Eureka,2024Natur.630..836W,09/70/61/26/WASP_107_b_3.12045_5453_1.tbl
WASP-107 b,Transmission,Welbanks et al. 2024,,100,Near Infrared Camera (NIRCam),NASA 6.5m James Webb Space Telescope (JWST) Satellite Mission,2.4575,3.9425,,,F322W2 Fiducial Eureka,2024Natur.630..836W,72/16/68/12/WASP_107_b_3.12045_5453_2.tbl
WASP-107 b,Transmission,Welbanks et al. 2024,,77,Near Infrared Camera (NIRCam),NASA 6.5m James Webb Space Telescope (JWST) Satellite Mission,3.8975,5.0375,,,F444W Fiducial Eureka,2024Natur.630..836W,88/08/66/62/WASP_107_b_3.12045_5453_3.tbl
WASP-107 b,Transmission,Welbanks et al. 2024,,9,Wide Field Camera 3,Hubble Space Telescope satellite,0.8916,1.1264,,,G102 Fiducial Pegasus,2024Natur.630..836W,55/82/50/01/WASP_107_b_3.12045_5453_4.tbl
WASP-107 b,Transmission,Welbanks et al. 2024,,21,Wide Field Camera 3,Hubble Space Telescope satellite,1.1327,1.6418,,,G141 Fiducial Pegasus,2024Natur.630..836W,28/20/46/78/WASP_107_b_3.12045_5453_5.tbl
WASP-107 b,Transmission,Welbanks et al. 2024,,100,Near Infrared Camera (NIRCam),NASA 6.5m James Webb Space Telescope (JWST) Satellite Mission,2.4575,3.9425,,,F322W2 Pegasus,2024Natur.630..836W,99/18/95/56/WASP_107_b_3.12045_5453_6.tbl
WASP-107 b,Transmission,Welbanks et al. 2024,,72,Near Infrared Camera (NIRCam),NASA 6.5m James Webb Space Telescope (JWST) Satellite Mission,3.8975,4.9625,,,F444W Pegasus,2024Natur.630..836W,61/60/21/64/WASP_107_b_3.12045_5453_7.tbl
WASP-107 b,Transmission,Welbanks et al. 2024,,100,Near Infrared Camera (NIRCam),NASA 6.5m James Webb Space Telescope (JWST) Satellite Mission,2.4572,3.9421,,,F322W2 tshirt,2024Natur.630..836W,25/10/66/80/WASP_107_b_3.12045_5453_8.tbl
WASP-107 b,Transmission,Welbanks et al. 2024,,72,Near Infrared Camera (NIRCam),NASA 6.5m James Webb Space Telescope (JWST) Satellite Mission,3.8971,4.962,,,F444W tshirt,2024Natur.630..836W,89/54/84/42/WASP_107_b_3.12045_5453_9.tbl
TOI-836 b,Transmission,Alderson et al. 2024,,106,Near Infrared Spectrograph (NIRSpec),NASA 6.5m James Webb Space Telescope (JWST) Satellite Mission,2.873,5.0725,,,Eureka! pipline visit 1,2024AJ....167..216A,54/18/61/76/TOI_836_b_3.13742_5454_1.tbl
TOI-836 b,Transmission,Alderson et al. 2024,,106,Near Infrared Spectrograph (NIRSpec),NASA 6.5m James Webb Space Telescope (JWST) Satellite Mission,2.873,5.0725,,,Eureka! pipline visit 2,2024AJ....167..216A,06/61/34/10/TOI_836_b_3.13742_5454_2.tbl
TOI-836 b,Transmission,Alderson et al. 2024,,106,Near Infrared Spectrograph (NIRSpec),NASA 6.5m James Webb Space Telescope (JWST) Satellite Mission,2.8728,5.0725,,,exotic-jedi pipeline visit 1,2024AJ....167..216A,83/82/92/19/TOI_836_b_3.13742_5454_3.tbl
TOI-836 b,Transmission,Alderson et al. 2024,,106,Near Infrared Spectrograph (NIRSpec),NASA 6.5m James Webb Space Telescope (JWST) Satellite Mission,2.873,5.0726,,,exotic-jedi pipeline visit 2,2024AJ....167..216A,87/83/44/96/TOI_836_b_3.13742_5454_4.tbl
TOI-836 b,Transmission,Alderson et al. 2024,,106,Near Infrared Spectrograph (NIRSpec),NASA 6.5m James Webb Space Telescope (JWST) Satellite Mission,2.873,5.0725,,,Eureka! pipeline combined visit 1 and visit 2,2024AJ....167..216A,35/53/58/83/TOI_836_b_3.13742_5454_5.tbl
2MASS J12073346-3932539 b,Direct Imaging,Luhman et al. 2023,,17434,Near Infrared Spectrograph (NIRSpec),NASA 6.5m James Webb Space Telescope (JWST) Satellite Mission,0.9701,5.269,2459982.5,2459982.5,,2023ApJ...949L..36L,94/69/37/09/2MASS_J12073346_3932539_b_3.10912_5457_1.tbl
51 Eri b,Direct Imaging,Macintosh et al. 2015,,74,Gemini Planet Imager (GPI),Association of Universities for Research in Astronomy (AURA) 8.1m Gemini South Telescope at Cerro Pachon,1.1141,1.7974,2457006.5,2457037.5,,2015Sci...350...64M,72/22/26/09/51_Eri_b_3.11801_3607_3.tbl
51 Eri b,Direct Imaging,Rajan et al. 2017,,74,Gemini Planet Imager (GPI),Association of Universities for Research in Astronomy (AURA) 8.1m Gemini South Telescope at Cerro Pachon,1.8861,2.3964,2457332.5,2457332.5,Spectrum from multiple epochs.,2017AJ....154...10R,61/36/76/44/51_Eri_b_3.11801_5469_1.tbl
51 Eri b,Direct Imaging,Rajan et al. 2017,,2,NIRC2 Camera,W. M. Keck Observatory,3.776,4.67,2457322.5,2457389.5,Spectrum from multiple epochs.,2017AJ....154...10R,08/37/70/26/51_Eri_b_3.11801_5469_2.tbl
51 Eri b,Direct Imaging,Samland et al. 2017,,5,SPHERE - IRDIS,European Southern Observatory (ESO) 8.2m Very Large Telescope (VLT) Melipal (UT3) at Paranal Observatory,1.589,2.255,2457290.5,2457290.5,"Table 2, ADI. Spectrum from multiple epochs.",2017A&A...603A..57S,33/57/16/02/51_Eri_b_3.11801_5468_1.tbl
51 Eri b,Direct Imaging,Samland et al. 2017,,33,SPHERE - IFS,European Southern Observatory (ESO) 8.2m Very Large Telescope (VLT) Melipal (UT3) at Paranal Observatory,1.0093,1.6407,2457290.5,2457290.5,YH. Spectrum from multiple epochs.,2017A&A...603A..57S,50/30/28/82/51_Eri_b_3.11801_5468_2.tbl
51 Eri b,Direct Imaging,Samland et al. 2017,,29,SPHERE - IFS,European Southern Observatory (ESO) 8.2m Very Large Telescope (VLT) Melipal (UT3) at Paranal Observatory,0.9814,1.3292,2457290.5,2457290.5,YJ. Spectrum from multiple epochs.,2017A&A...603A..57S,36/05/03/42/51_Eri_b_3.11801_5468_3.tbl
bet Pic b,Direct Imaging,Worthen et al. 2024,,27,Mid-Infrared Instrument (MIRI) - MRS,NASA 6.5m James Webb Space Telescope (JWST) Satellite Mission,4.9,6.83,2459955.5,2459955.5,Scaling factor (typically 5%) applied to absolute flux calibration (see ref.),2024ApJ...964..168W,95/71/08/68/bet_Pic_b_3.10942_5467_1.tbl
bet Pic b,Direct Imaging,GRAVITY Collaboration et al. 2020,,237,GRAVITY,Very Large Telescope Interferometer (VLTI),1.97,2.49,2458383.5,2458383.5,,2020A&A...633A.110G,20/18/55/73/bet_Pic_b_3.10942_5463_1.tbl
bet Pic b,Direct Imaging,Kammerer et al. 2024,,6,Near Infrared Camera (NIRCam),NASA 6.5m James Webb Space Telescope (JWST) Satellite Mission,1.845,4.401,2460021.5,2460021.5,KLIP,2024AJ....168...51K,35/70/95/54/bet_Pic_b_3.10942_5460_1.tbl
bet Pic b,Direct Imaging,Kammerer et al. 2024,,6,Near Infrared Camera (NIRCam),NASA 6.5m James Webb Space Telescope (JWST) Satellite Mission,1.845,4.401,2460021.5,2460021.5,MCRDI,2024AJ....168...51K,78/39/22/98/bet_Pic_b_3.10942_5460_2.tbl
GQ Lup b,Direct Imaging,Cugno et al. 2024,,64,Mid-Infrared Instrument (MIRI) - MRS,NASA 6.5m James Webb Space Telescope (JWST) Satellite Mission,4.94,11.53,2460169.5,2460169.5,,2024ApJ...966L..21C,93/33/03/58/GQ_Lup_b_3.10991_5464_1.tbl
HIP 65426 b,Direct Imaging,Carter et al. 2023,,2,Mid-Infrared Instrument (MIRI),NASA 6.5m James Webb Space Telescope (JWST) Satellite Mission,11.307,15.514,2459778.27083,2459778.27083,,2023ApJ...951L..20C,43/60/20/27/HIP_65426_b_3.12035_5465_2.tbl
HR 8799 b,Direct Imaging,Boccaletti et al. 2024,,3,Mid-Infrared Instrument (MIRI),NASA 6.5m James Webb Space Telescope (JWST) Satellite Mission,10.575,15.5,2459891.38819,2459891.87292,cal,2024A&A...686A..33B,30/53/60/59/HR_8799_b_3.11390_5466_2.tbl
HR 8799 b,Direct Imaging,Boccaletti et al. 2024,,3,Mid-Infrared Instrument (MIRI),NASA 6.5m James Webb Space Telescope (JWST) Satellite Mission,10.575,15.5,2459891.38819,2459891.87292,rate,2024A&A...686A..33B,58/61/63/58/HR_8799_b_3.11390_5466_1.tbl
HD 189733 b,Transmission,Fu et al. 2024,,139,Near Infrared Camera (NIRCam),NASA 6.5m James Webb Space Telescope (JWST) Satellite Mission,2.4046,4.9737,,,Figure 2,2024Natur.632..752F,43/64/93/47/HD_189733_b_3.11185_5430_1.tbl
HAT-P-18 b,Transmission,Fournier-Tondreau et al. 2024,,139,Near Infrared Imager and Slitless Spectrograph (NIRISS),NASA 6.5m James Webb Space Telescope (JWST) Satellite Mission,0.6064,2.7996,,,"Figure 3, NIRISS/SOSS R=100",2024MNRAS.528.3354F,87/11/67/37/HAT_P_18_b_3.11001_5431_1.tbl
WASP-80 b,Eclipse,Jacobs et al. 2023,,3,Wide Field Camera 3,Hubble Space Telescope satellite,1.209,1.568,,,Figure 1,2023ApJ...956L..43J,23/22/80/69/WASP_80_b_3.11585_5433_1.tbl
WASP-80 b,Transmission,Bell et al. 2023,,113,Near Infrared Camera (NIRCam),NASA 6.5m James Webb Space Telescope (JWST) Satellite Mission,2.4218,4.0555,,,"Figure 3, Fiducial spectrum",2023Natur.623..709B,71/63/29/25/WASP_80_b_3.11585_5432_1.tbl
WASP-80 b,Eclipse,Bell et al. 2023,,113,Near Infrared Camera (NIRCam),NASA 6.5m James Webb Space Telescope (JWST) Satellite Mission,2.4218,4.0555,,,"Figure 3, Fiducial spectrum",2023Natur.623..709B,05/20/18/54/WASP_80_b_3.11585_5432_2.tbl
KELT-9 b,Eclipse,Jacobs et al. 2022,,23,Wide Field Camera 3,Hubble Space Telescope satellite,1.1302,1.6425,,,Figure 2,2022A&A...668L...1J,14/49/41/42/KELT_9_b_3.12026_5434_1.tbl
LHS 1140 b,Transmission,Damiano et al. 2024,,39,Near Infrared Spectrograph (NIRSpec),NASA 6.5m James Webb Space Telescope (JWST) Satellite Mission,1.678,3.0522,,,"Table 8, G235H grating",2024ApJ...968L..22D,02/33/10/72/LHS_1140_b_3.12019_5435_1.tbl
LHS 1140 b,Transmission,Damiano et al. 2024,,37,Near Infrared Spectrograph (NIRSpec),NASA 6.5m James Webb Space Telescope (JWST) Satellite Mission,2.9021,5.1503,,,"Table 9, G395H grating",2024ApJ...968L..22D,59/93/04/78/LHS_1140_b_3.12019_5435_2.tbl
HAT-P-18 b,Transmission,Fournier-Tondreau et al. 2024,,2472,Near Infrared Imager and Slitless Spectrograph (NIRISS),NASA 6.5m James Webb Space Telescope (JWST) Satellite Mission,0.6,2.8286,,,"Figure 3, NIRISS/SOSS pixel",2024MNRAS.528.3354F,30/92/25/17/HAT_P_18_b_3.11001_5431_2.tbl
V1298 Tau b,Transmission,Barat et al. 2024,,17,Wide Field Camera 3,Hubble Space Telescope satellite,1.13,1.64,,,,2024NatAs...8..899B,54/59/29/76/V1298_Tau_b_3.12385_5455_1.tbl
HR 8799 c,Direct Imaging,Wang et al. 2022,,22,CHARIS integral field spectrograph,Subaru Telescope,1.16,2.369,2458362.969,2458362.969,Night 1,2022AJ....164..143W,82/77/90/84/HR_8799_c_3.11391_5461_1.tbl
HR 8799 c,Direct Imaging,Wang et al. 2022,,22,CHARIS integral field spectrograph,Subaru Telescope,1.16,2.369,2458363.969,2458363.969,Night 2,2022AJ....164..143W,17/92/05/27/HR_8799_c_3.11391_5461_2.tbl
HR 8799 c,Direct Imaging,Boccaletti et al. 2024,,2,Mid-Infrared Instrument (MIRI),NASA 6.5m James Webb Space Telescope (JWST) Satellite Mission,10.575,11.3,2459891.38819,2459891.85,cal,2024A&A...686A..33B,56/40/09/01/HR_8799_c_3.11391_5466_2.tbl
HR 8799 c,Direct Imaging,Doelman et al. 2022,,51,LMIRCam/ALES,Large Binocular Telescope Observatory,3.081,4.144,2458744.5,2458744.5,,2022AJ....163..217D,89/03/41/38/HR_8799_c_3.11391_5462_1.tbl
HR 8799 d,Direct Imaging,Boccaletti et al. 2024,,2,Mid-Infrared Instrument (MIRI),NASA 6.5m James Webb Space Telescope (JWST) Satellite Mission,10.575,11.3,2459891.38819,2459891.85,rate,2024A&A...686A..33B,62/02/10/29/HR_8799_d_3.11392_5466_1.tbl
HR 8799 d,Direct Imaging,Wang et al. 2022,,22,CHARIS integral field spectrograph,Subaru Telescope,1.16,2.369,2458362.969,2458362.969,Night 1,2022AJ....164..143W,69/28/79/19/HR_8799_d_3.11392_5461_1.tbl
HR 8799 d,Direct Imaging,Wang et al. 2022,,22,CHARIS integral field spectrograph,Subaru Telescope,1.16,2.369,2458363.969,2458363.969,Night 2,2022AJ....164..143W,71/20/52/63/HR_8799_d_3.11392_5461_2.tbl
HR 8799 d,Direct Imaging,Boccaletti et al. 2024,,2,Mid-Infrared Instrument (MIRI),NASA 6.5m James Webb Space Telescope (JWST) Satellite Mission,10.575,11.3,2459891.38819,2459891.85,cal,2024A&A...686A..33B,87/86/84/67/HR_8799_d_3.11392_5466_2.tbl
HR 8799 d,Direct Imaging,Doelman et al. 2022,,51,LMIRCam/ALES,Large Binocular Telescope Observatory,3.081,4.144,2458744.5,2458744.5,,2022AJ....163..217D,02/03/00/07/HR_8799_d_3.11392_5462_1.tbl
HR 8799 e,Direct Imaging,Boccaletti et al. 2024,,2,Mid-Infrared Instrument (MIRI),NASA 6.5m James Webb Space Telescope (JWST) Satellite Mission,10.575,11.3,2459891.38819,2459891.85,rate,2024A&A...686A..33B,41/05/53/94/HR_8799_e_3.11393_5466_1.tbl
HR 8799 e,Direct Imaging,Wang et al. 2022,,22,CHARIS integral field spectrograph,Subaru Telescope,1.16,2.369,2458362.969,2458362.969,Night 1,2022AJ....164..143W,56/44/62/75/HR_8799_e_3.11393_5461_1.tbl
HR 8799 e,Direct Imaging,Wang et al. 2022,,22,CHARIS integral field spectrograph,Subaru Telescope,1.16,2.369,2458363.969,2458363.969,Night 2,2022AJ....164..143W,98/32/81/77/HR_8799_e_3.11393_5461_2.tbl
HR 8799 e,Direct Imaging,Boccaletti et al. 2024,,2,Mid-Infrared Instrument (MIRI),NASA 6.5m James Webb Space Telescope (JWST) Satellite Mission,10.575,11.3,2459891.38819,2459891.85,cal,2024A&A...686A..33B,50/10/91/64/HR_8799_e_3.11393_5466_2.tbl
HR 8799 e,Direct Imaging,Doelman et al. 2022,,51,LMIRCam/ALES,Large Binocular Telescope Observatory,3.081,4.144,2458744.5,2458744.5,,2022AJ....163..217D,11/86/19/23/HR_8799_e_3.11393_5462_1.tbl
HIP 65426 b,Direct Imaging,Carter et al. 2023,,5,Near Infrared Camera (NIRCam),NASA 6.5m James Webb Space Telescope (JWST) Satellite Mission,2.523,4.397,2459782.5833,2459782.5833,,2023ApJ...951L..20C,11/40/37/26/HIP_65426_b_3.12035_5465_1.tbl
PDS 70 b,Direct Imaging,Christiaens et al. 2024,,2,Near Infrared Camera (NIRCam),NASA 6.5m James Webb Space Telescope (JWST) Satellite Mission,1.874,4.834,2460011.5,2460011.5,,2024A&A...685L...1C,08/77/43/85/PDS_70_b_3.12309_5459_1.tbl
PDS 70 c,Direct Imaging,Christiaens et al. 2024,,2,Near Infrared Camera (NIRCam),NASA 6.5m James Webb Space Telescope (JWST) Satellite Mission,1.874,4.834,2460011.5,2460011.5,,2024A&A...685L...1C,04/94/66/38/PDS_70_c_3.12375_5459_1.tbl
VHS J125601.92-125723.9 b,Direct Imaging,Miles et al. 2023,,7373,Mid-Infrared Instrument (MIRI) - MRS,NASA 6.5m James Webb Space Telescope (JWST) Satellite Mission,4.9005,19.8,2459765.5,2459765.5,,2023ApJ...946L...6M,25/14/15/50/VHS_1256_1257_b_3.11759_5456_1.tbl
VHS J125601.92-125723.9 b,Direct Imaging,Miles et al. 2023,,3841,Near Infrared Spectrograph (NIRSpec) - G140H,NASA 6.5m James Webb Space Telescope (JWST) Satellite Mission,0.97,1.8897,2459765.5,2459765.5,,2023ApJ...946L...6M,18/16/71/45/VHS_1256_1257_b_3.11759_5456_2.tbl
VHS J125601.92-125723.9 b,Direct Imaging,Miles et al. 2023,,3736,Near Infrared Spectrograph (NIRSpec) - G235H,NASA 6.5m James Webb Space Telescope (JWST) Satellite Mission,1.66,3.1701,2459765.5,2459765.5,,2023ApJ...946L...6M,74/16/68/68/VHS_1256_1257_b_3.11759_5456_3.tbl
VHS J125601.92-125723.9 b,Direct Imaging,Miles et al. 2023,,3537,Near Infrared Spectrograph (NIRSpec) - G395H,NASA 6.5m James Webb Space Telescope (JWST) Satellite Mission,2.8708,5.2696,2459765.5,2459765.5,,2023ApJ...946L...6M,06/77/91/54/VHS_1256_1257_b_3.11759_5456_4.tbl
HR 8799 c,Direct Imaging,Boccaletti et al. 2024,,2,Mid-Infrared Instrument (MIRI),NASA 6.5m James Webb Space Telescope (JWST) Satellite Mission,10.575,11.3,2459891.38819,2459891.85,rate,2024A&A...686A..33B,10/07/37/70/HR_8799_c_3.11391_5466_1.tbl
WASP-69 b,Eclipse,Schlawin et al. 2024,,252,Near Infrared Camera (NIRCam),NASA 6.5m James Webb Space Telescope (JWST) Satellite Mission,2.4548,4.9644,,,"Figure 3, unbinned, F322W2 and F444W",2024AJ....168..104S,19/72/84/74/WASP_69_b_3.11714_5471_1.tbl
WASP-39 b,Transmission,Carter et al. 2024,,108,Near Infrared Imager and Slitless Spectrograph (NIRISS),NASA 6.5m James Webb Space Telescope (JWST) Satellite Mission,0.8771,2.8048,,,"SOSS Order 1, R=100, limb darkening parameters fixed",2024NatAs...8.1008C,84/82/56/56/WASP_39_b_3.11466_5502_2.tbl
WASP-69 b,Eclipse,Schlawin et al. 2024,,51,Near Infrared Camera (NIRCam),NASA 6.5m James Webb Space Telescope (JWST) Satellite Mission,2.095,4.9377,,,"Figure 5, binned",2024AJ....168..104S,96/44/45/87/WASP_69_b_3.11714_5471_3.tbl
WASP-69 b,Eclipse,Schlawin et al. 2024,,28,Mid-Infrared Instrument (MIRI) - LRS,NASA 6.5m James Webb Space Telescope (JWST) Satellite Mission,5.125,11.875,,,"Figure 3, binned, LRS",2024AJ....168..104S,20/61/12/66/WASP_69_b_3.11714_5471_4.tbl
GJ 486 b,Eclipse,Weiner Mansfield et al. 2024,,22,Mid-Infrared Instrument (MIRI),NASA 6.5m James Webb Space Telescope (JWST) Satellite Mission,5.21,11.618,,,SPARTA Reduction,2024arXiv240815123W,94/09/56/41/GJ_486_b_3.12681_5500_1.tbl
GJ 486 b,Eclipse,Weiner Mansfield et al. 2024,,22,Mid-Infrared Instrument (MIRI),NASA 6.5m James Webb Space Telescope (JWST) Satellite Mission,5.21,11.618,,,Eureka! Reduction,2024arXiv240815123W,45/84/76/45/GJ_486_b_3.12681_5500_2.tbl
WASP-39 b,Transmission,Carter et al. 2024,,49,Near Infrared Camera (NIRCam),NASA 6.5m James Webb Space Telescope (JWST) Satellite Mission,2.4328,3.9883,,,"F322W2, R=100, limb darkening parameters fixed",2024NatAs...8.1008C,44/51/89/99/WASP_39_b_3.11466_5502_1.tbl
WASP-39 b,Transmission,Carter et al. 2024,,27,Near Infrared Imager and Slitless Spectrograph (NIRISS),NASA 6.5m James Webb Space Telescope (JWST) Satellite Mission,0.633,0.8484,,,"SOSS Order 2, R=100, limb darkening parameters fixed",2024NatAs...8.1008C,79/08/90/61/WASP_39_b_3.11466_5502_3.tbl
WASP-39 b,Transmission,Carter et al. 2024,,30,Near Infrared Spectrograph (NIRSpec),NASA 6.5m James Webb Space Telescope (JWST) Satellite Mission,2.7388,3.6865,,,"G395H NRS1, R=100, limb darkening parameters fixed",2024NatAs...8.1008C,80/33/90/66/WASP_39_b_3.11466_5502_4.tbl
WASP-39 b,Transmission,Carter et al. 2024,,29,Near Infrared Spectrograph (NIRSpec),NASA 6.5m James Webb Space Telescope (JWST) Satellite Mission,3.8486,5.1279,,,"G395H NRS2, R=100, limb darkening parameters fixed",2024NatAs...8.1008C,24/13/86/82/WASP_39_b_3.11466_5502_5.tbl
WASP-39 b,Transmission,Carter et al. 2024,,147,Near Infrared Spectrograph (NIRSpec),NASA 6.5m James Webb Space Telescope (JWST) Satellite Mission,0.5213,5.3441,,,"PRISM, Native resolution, limb darkening parameters fixed, with dilution correction",2024NatAs...8.1008C,40/24/96/78/WASP_39_b_3.11466_5502_6.tbl
TOI-836 c,Transmission,Wallack et al. 2024,,106,Near Infrared Spectrograph (NIRSpec),NASA 6.5m James Webb Space Telescope (JWST) Satellite Mission,2.873,5.073,,,Aesop,2024AJ....168...77W,44/18/99/89/TOI_836_c_3.13741_5501_1.tbl
TOI-836 c,Transmission,Wallack et al. 2024,,106,Near Infrared Spectrograph (NIRSpec),NASA 6.5m James Webb Space Telescope (JWST) Satellite Mission,2.873,5.072,,,Eureka,2024AJ....168...77W,13/96/20/76/TOI_836_c_3.13741_5501_2.tbl
TOI-836 c,Transmission,Wallack et al. 2024,,106,Near Infrared Spectrograph (NIRSpec),NASA 6.5m James Webb Space Telescope (JWST) Satellite Mission,2.873,5.073,,,ExoTiC-JEDI,2024AJ....168...77W,02/32/45/73/TOI_836_c_3.13741_5501_3.tbl
GJ 9827 d,Transmission,Piaulet-Ghorayeb et al. 2024,,156,Near Infrared Imager and Slitless Spectrograph (NIRISS),NASA 6.5m James Webb Space Telescope (JWST) Satellite Mission,0.6035,2.8135,,,"Table A2, SOSS mode, R=100, supreme-SPOON pipeline",2024ApJ...974L..10P,65/00/61/00/GJ_9827_d_3.12079_5513_1.tbl
HIP 67522 b,Transmission,Thao et al. 2024,,230,Near Infrared Spectrograph (NIRSpec),NASA 6.5m James Webb Space Telescope (JWST) Satellite Mission,2.7501,5.1719,,,JWST Science Calibration Pipeline + ExoTiC-JEDI (Section 5.2),2024AJ....168..297T,99/90/46/44/HIP_67522_b_3.12561_5512_1.tbl
HIP 67522 b,Transmission,Thao et al. 2024,,141,Near Infrared Spectrograph (NIRSpec),NASA 6.5m James Webb Space Telescope (JWST) Satellite Mission,2.7431,5.1596,,,ExoTiC + Chromatic (Section 5.3),2024AJ....168..297T,06/51/91/10/HIP_67522_b_3.12561_5512_2.tbl
HIP 67522 b,Transmission,Thao et al. 2024,,346,Near Infrared Spectrograph (NIRSpec),NASA 6.5m James Webb Space Telescope (JWST) Satellite Mission,2.7522,5.171,,,ExoTiC+ custom (Section 5.4),2024AJ....168..297T,73/46/35/77/HIP_67522_b_3.12561_5512_3.tbl
GJ 1132 b,Eclipse,Xue et al. 2024,,14,Mid-Infrared Instrument (MIRI) - LRS,NASA 6.5m James Webb Space Telescope (JWST) Satellite Mission,5.25,11.75,2460126.5,2460126.5,Figure 2,2024ApJ...973L...8X,73/98/64/29/GJ_1132_b_3.11819_5472_1.tbl
GJ 3470 b,Transmission,Beatty et al. 2024,,100,Near Infrared Camera (NIRCam),NASA 6.5m James Webb Space Telescope (JWST) Satellite Mission,2.458,3.942,,,Table 3; F322W2 filter; Pegasus reduction,2024ApJ...970L..10B,12/84/76/82/GJ_3470_b_3.11524_5498_1.tbl
GJ 3470 b,Transmission,Beatty et al. 2024,,72,Near Infrared Camera (NIRCam),NASA 6.5m James Webb Space Telescope (JWST) Satellite Mission,3.897,4.963,,,Table 4; F444W filter; Pegasus reduction,2024ApJ...970L..10B,16/84/84/90/GJ_3470_b_3.11524_5498_2.tbl
GJ 3470 b,Transmission,Beatty et al. 2024,,15,Wide Field Camera 3,Hubble Space Telescope satellite,1.138,1.642,,,Table 5,2024ApJ...970L..10B,65/42/69/13/GJ_3470_b_3.11524_5498_3.tbl
GJ 3470 b,Transmission,Beatty et al. 2024,,1,Near Infrared Camera (NIRCam),NASA 6.5m James Webb Space Telescope (JWST) Satellite Mission,2.096,2.096,,,Table 2; F210M filter,2024ApJ...970L..10B,08/76/22/66/GJ_3470_b_3.11524_5498_4.tbl
L 98-59 d,Transmission,Gressier et al. 2024,,55,Near Infrared Spectrograph (NIRSpec),NASA 6.5m James Webb Space Telescope (JWST) Satellite Mission,2.8768,5.1467,2460121.1125,2460121.1125,"transitspectroscopy reduction, R~100; G395H",2024ApJ...975L..10G,67/02/31/50/L_98_59_d_3.12374_5499_1.tbl
55 Cnc e,Eclipse,Patel et al. 2024,,30,Near Infrared Camera (NIRCam),NASA 6.5m James Webb Space Telescope (JWST) Satellite Mission,3.9529,4.9186,2459902.111308,2459902.111308,"Figure A.1, HANSOLO Method, Obs. Date corresponds to Start date, Visit 1",2024A&A...690A.159P,95/23/06/90/55_Cnc_e_3.10924_5518_1.tbl
55 Cnc e,Eclipse,Patel et al. 2024,,30,Near Infrared Camera (NIRCam),NASA 6.5m James Webb Space Telescope (JWST) Satellite Mission,3.9536,4.9102,2459902.111308,2459902.111308,"Figure A.1, stark Method, Obs. Date corresponds to Start date, Visit 1",2024A&A...690A.159P,72/20/01/75/55_Cnc_e_3.10924_5518_2.tbl
55 Cnc e,Eclipse,Patel et al. 2024,,30,Near Infrared Camera (NIRCam),NASA 6.5m James Webb Space Telescope (JWST) Satellite Mission,3.9529,4.9186,2459904.32162,2459904.32162,"Figure A.1, HANSOLO Method, Obs. Date corresponds to Start date, Visit 2",2024A&A...690A.159P,57/50/14/73/55_Cnc_e_3.10924_5518_3.tbl
55 Cnc e,Eclipse,Patel et al. 2024,,30,Near Infrared Camera (NIRCam),NASA 6.5m James Webb Space Telescope (JWST) Satellite Mission,3.9536,4.9102,2459904.32162,2459904.32162,"Figure A.1, stark Method, Obs. Date corresponds to Start date, Visit 2",2024A&A...690A.159P,28/36/47/75/55_Cnc_e_3.10924_5518_4.tbl
55 Cnc e,Eclipse,Patel et al. 2024,,30,Near Infrared Camera (NIRCam),NASA 6.5m James Webb Space Telescope (JWST) Satellite Mission,3.9529,4.9186,2459906.530521,2459906.530521,"Figure A.1, HANSOLO Method, Obs. Date corresponds to Start date, Visit 3",2024A&A...690A.159P,09/06/38/72/55_Cnc_e_3.10924_5518_5.tbl
55 Cnc e,Eclipse,Patel et al. 2024,,30,Near Infrared Camera (NIRCam),NASA 6.5m James Webb Space Telescope (JWST) Satellite Mission,3.9536,4.9102,2459906.530521,2459906.530521,"Figure A.1, stark Method, Obs. Date corresponds to Start date, Visit 3",2024A&A...690A.159P,02/33/62/04/55_Cnc_e_3.10924_5518_6.tbl
55 Cnc e,Eclipse,Patel et al. 2024,,30,Near Infrared Camera (NIRCam),NASA 6.5m James Webb Space Telescope (JWST) Satellite Mission,3.9529,4.9186,2459907.984896,2459907.984896,"Figure A.1, HANSOLO Method, Obs. Date corresponds to Start date, Visit 4",2024A&A...690A.159P,63/40/60/27/55_Cnc_e_3.10924_5518_7.tbl
55 Cnc e,Eclipse,Patel et al. 2024,,30,Near Infrared Camera (NIRCam),NASA 6.5m James Webb Space Telescope (JWST) Satellite Mission,3.9536,4.9102,2459907.984896,2459907.984896,"Figure A.1, stark Method, Obs. Date corresponds to Start date, Visit 4",2024A&A...690A.159P,20/68/57/63/55_Cnc_e_3.10924_5518_8.tbl
55 Cnc e,Eclipse,Patel et al. 2024,,30,Near Infrared Camera (NIRCam),NASA 6.5m James Webb Space Telescope (JWST) Satellite Mission,3.9529,4.9186,2460058.997951,2460058.997951,"Figure A.1, HANSOLO Method, Obs. Date corresponds to Start date, Visit 5",2024A&A...690A.159P,75/98/87/03/55_Cnc_e_3.10924_5518_9.tbl
55 Cnc e,Eclipse,Patel et al. 2024,,30,Near Infrared Camera (NIRCam),NASA 6.5m James Webb Space Telescope (JWST) Satellite Mission,3.9536,4.9102,2460058.997951,2460058.997951,"Figure A.1, stark Method, Obs. Date corresponds to Start date, Visit 5",2024A&A...690A.159P,24/05/07/90/55_Cnc_e_3.10924_5518_10.tbl
COCONUTS-2 b,Direct Imaging,Zhang et al. 2025,,2001,FLAMINGOS-2 Spectrograph,Association of Universities for Research in Astronomy (AURA) 8.1m Gemini South Telescope at Cerro Pachon,1.0104,2.4977,,,,2025AJ....169....9Z,21/45/82/44/COCONUTS_2_b_3.12783_5519_1.tbl
GJ 1214 b,Transmission,Schlawin et al. 2024,,59,Near Infrared Spectrograph (NIRSpec),NASA 6.5m James Webb Space Telescope (JWST) Satellite Mission,2.7738,5.1269,,,"Eureka! reduction, NRS1+NRS2 Averaged",2024ApJ...974L..33S,95/27/13/32/GJ_1214_b_3.10969_5520_1.tbl
GJ 1214 b,Transmission,Schlawin et al. 2024,,59,Near Infrared Spectrograph (NIRSpec),NASA 6.5m James Webb Space Telescope (JWST) Satellite Mission,2.7738,5.1269,2460143.930295,2460143.930295,"Eureka! reduction, NRS1+NRS2 Visit 1",2024ApJ...974L..33S,58/25/27/76/GJ_1214_b_3.10969_5520_2.tbl
GJ 1214 b,Transmission,Schlawin et al. 2024,,59,Near Infrared Spectrograph (NIRSpec),NASA 6.5m James Webb Space Telescope (JWST) Satellite Mission,2.7738,5.1269,2460145.510699,2460145.510699,"Eureka! reduction, NRS1+NRS2 Visit 2",2024ApJ...974L..33S,34/89/47/22/GJ_1214_b_3.10969_5520_3.tbl
55 Cnc e,Eclipse,Patel et al. 2024,,2,Near Infrared Camera (NIRCam),NASA 6.5m James Webb Space Telescope (JWST) Satellite Mission,2.12,4.5,2459902.111308,2459902.111308,"Table 1, Obs. Date corresponds to Start date, stark pipeline",2024A&A...690A.159P,37/45/30/30/55_Cnc_e_3.10924_5518_11.tbl
55 Cnc e,Eclipse,Patel et al. 2024,,2,Near Infrared Camera (NIRCam),NASA 6.5m James Webb Space Telescope (JWST) Satellite Mission,2.12,4.5,2459904.32162,2459904.32162,"Table 1, Obs. Date corresponds to Start date, stark pipeline",2024A&A...690A.159P,92/19/36/89/55_Cnc_e_3.10924_5518_12.tbl
55 Cnc e,Eclipse,Patel et al. 2024,,2,Near Infrared Camera (NIRCam),NASA 6.5m James Webb Space Telescope (JWST) Satellite Mission,2.12,4.5,2459906.530521,2459906.530521,"Table 1, Obs. Date corresponds to Start date, stark pipeline",2024A&A...690A.159P,96/61/71/89/55_Cnc_e_3.10924_5518_13.tbl
55 Cnc e,Eclipse,Patel et al. 2024,,2,Near Infrared Camera (NIRCam),NASA 6.5m James Webb Space Telescope (JWST) Satellite Mission,2.12,4.5,2459907.984896,2459907.984896,"Table 1, Obs. Date corresponds to Start date, stark pipeline",2024A&A...690A.159P,17/46/80/80/55_Cnc_e_3.10924_5518_14.tbl
55 Cnc e,Eclipse,Patel et al. 2024,,2,Near Infrared Camera (NIRCam),NASA 6.5m James Webb Space Telescope (JWST) Satellite Mission,2.12,4.5,2460058.997951,2460058.997951,"Table 1, Obs. Date corresponds to Start date, stark pipeline",2024A&A...690A.159P,75/80/20/09/55_Cnc_e_3.10924_5518_15.tbl
V1298 Tau c,Transmission,Barat et al. 2024,,17,Wide Field Camera 3,Hubble Space Telescope satellite,1.1348,1.6448,,,G141,2024A&A...692A.198B,12/24/29/59/V1298_Tau_c_3.12450_5522_1.tbl
WASP-39 b,Transmission,Rustamkulov et al. 2023,,207,Near Infrared Spectrograph (NIRSpec) - PRISM,NASA 6.5m James Webb Space Telescope (JWST) Satellite Mission,0.5315,5.3441,,,,2023Natur.614..659R,48/21/79/45/WASP_39_b_3.11466_5087_1.tbl
HD 202772 A b,Eclipse,Adams et al. 2024,,2,Infrared Array Camera (IRAC),Spitzer Space Telescope satellite,3.6,4.5,,,,2024AJ....168..248A,23/92/57/98/HD_202772_A_b_3.12294_5544_1.tbl
L 98-59 b,Transmission,Damiano et al. 2022,,18,Wide Field Camera 3,Hubble Space Telescope satellite,1.1262,1.6237,2458888.89348,2458888.89348,"Table 3, Visit 1",2022AJ....164..225D,60/38/82/46/L98_59_b_3.12372_5545_1.tbl
L 98-59 b,Transmission,Damiano et al. 2022,,18,Wide Field Camera 3,Hubble Space Telescope satellite,1.1262,1.6237,2458947.47386,2458947.47386,"Table 3, Visit 2",2022AJ....164..225D,89/29/15/64/L98_59_b_3.12372_5545_2.tbl
L 98-59 b,Transmission,Damiano et al. 2022,,18,Wide Field Camera 3,Hubble Space Telescope satellite,1.1262,1.6237,2459120.9646,2459120.9646,"Table 3, Visit 3",2022AJ....164..225D,07/89/80/60/L98_59_b_3.12372_5545_3.tbl
KELT-9 b,Transmission,Egan et al. 2024,,33,CUTE NUV Spectrograph,Colorado Ultraviolet Transit Experiment (CUTE) CubeSat,0.2495,0.3295,2459850.566667,2459850.566667,"25 A bin widths, Visit 1 (Table 4)",2024AJ....168..108E,48/43/30/14/KELT_9_b_3.12026_5543_3.tbl
KELT-9 b,Transmission,Egan et al. 2024,,33,CUTE NUV Spectrograph,Colorado Ultraviolet Transit Experiment (CUTE) CubeSat,0.2495,0.3295,2459852.047917,2459852.047917,"25 A bin widths, Visit 2 (Table 4)",2024AJ....168..108E,25/09/33/82/KELT_9_b_3.12026_5543_4.tbl
KELT-9 b,Transmission,Egan et al. 2024,,8,CUTE NUV Spectrograph,Colorado Ultraviolet Transit Experiment (CUTE) CubeSat,0.2533,0.3233,2459850.566667,2459850.566667,"100 A bin widths, Visit 1 (Table 3)",2024AJ....168..108E,38/04/84/25/KELT_9_b_3.12026_5543_1.tbl
KELT-9 b,Transmission,Egan et al. 2024,,8,CUTE NUV Spectrograph,Colorado Ultraviolet Transit Experiment (CUTE) CubeSat,0.2533,0.3233,2459852.047917,2459852.047917,"100 A bin widths, Visit 2 (Table 3)",2024AJ....168..108E,07/48/66/98/KELT_9_b_3.12026_5543_2.tbl
L 98-59 b,Transmission,Damiano et al. 2022,,18,Wide Field Camera 3,Hubble Space Telescope satellite,1.1262,1.6237,2459179.542,2459179.542,"Table 3, Visit 4",2022AJ....164..225D,09/60/10/84/L98_59_b_3.12372_5545_4.tbl
L 98-59 b,Transmission,Damiano et al. 2022,,18,Wide Field Camera 3,Hubble Space Telescope satellite,1.1262,1.6237,2459269.66962,2459269.66962,"Table 3, Visit 5",2022AJ....164..225D,74/01/51/96/L98_59_b_3.12372_5545_5.tbl
L 98-59 b,Transmission,Damiano et al. 2022,,18,Wide Field Camera 3,Hubble Space Telescope satellite,1.1262,1.6237,,,"Table 3, weighted average",2022AJ....164..225D,24/52/90/76/L98_59_b_3.12372_5545_6.tbl
CoRoT-1 b,Eclipse,Glidic et al. 2022,,10,Wide Field Camera 3,Hubble Space Telescope satellite,1.14,1.596,,,,2022AJ....164...19G,04/73/28/59/CoRoT_1_b_3.10951_5546_1.tbl
CoRoT-1 b,Transmission,Glidic et al. 2022,,10,Wide Field Camera 3,Hubble Space Telescope satellite,1.14,1.596,,,,2022AJ....164...19G,18/94/22/47/CoRoT_1_b_3.10951_5546_2.tbl
WASP-29 b,Transmission,Wong et al. 2022,,2,Infrared Array Camera (IRAC),Spitzer Space Telescope satellite,3.6,4.5,,,Table 4,2022AJ....164...30W,96/78/73/58/WASP_29_b_3.11456_5547_1.tbl
WASP-80 b,Transmission,Wong et al. 2022,,2,Infrared Array Camera (IRAC),Spitzer Space Telescope satellite,3.6,4.5,,,Table 4,2022AJ....164...30W,29/45/98/81/WASP_80_b_3.11585_5547_1.tbl
WASP-29 b,Transmission,Wong et al. 2022,,6,Space Telescope Imaging Spectrograph,Hubble Space Telescope satellite,0.414,0.55,,,"Table 5, G430L",2022AJ....164...30W,25/25/34/84/WASP_29_b_3.11456_5547_2.tbl
WASP-80 b,Transmission,Wong et al. 2022,,5,Space Telescope Imaging Spectrograph,Hubble Space Telescope satellite,0.442,0.55,,,"Table 5, G430L",2022AJ....164...30W,90/41/72/16/WASP_80_b_3.11585_5547_2.tbl
WASP-29 b,Transmission,Wong et al. 2022,,8,Space Telescope Imaging Spectrograph,Hubble Space Telescope satellite,0.55,0.795,,,"Table 5, G750L",2022AJ....164...30W,14/51/51/74/WASP_29_b_3.11456_5547_3.tbl
WASP-80 b,Transmission,Wong et al. 2022,,11,Space Telescope Imaging Spectrograph,Hubble Space Telescope satellite,0.55,0.945,,,"Table 5, G750L",2022AJ....164...30W,44/70/30/71/WASP_80_b_3.11585_5547_3.tbl
WASP-29 b,Transmission,Wong et al. 2022,,17,Wide Field Camera 3,Hubble Space Telescope satellite,1.145,1.625,,,"Table 5, G141",2022AJ....164...30W,84/42/40/87/WASP_29_b_3.11456_5547_4.tbl
WASP-80 b,Transmission,Wong et al. 2022,,17,Wide Field Camera 3,Hubble Space Telescope satellite,1.145,1.625,,,"Table 5, G141",2022AJ....164...30W,01/51/21/98/WASP_80_b_3.11585_5547_4.tbl
WASP-29 b,Eclipse,Wong et al. 2022,,2,Infrared Array Camera (IRAC),Spitzer Space Telescope satellite,3.6,4.5,,,"Table 6, Global Fit",2022AJ....164...30W,95/96/16/69/WASP_29_b_3.11456_5547_5.tbl
WASP-80 b,Eclipse,Wong et al. 2022,,2,Infrared Array Camera (IRAC),Spitzer Space Telescope satellite,3.6,4.5,,,"Table 6, Global Fit",2022AJ....164...30W,39/03/10/07/WASP_80_b_3.11585_5547_5.tbl
WASP-17 b,Eclipse,Gressier et al. 2025,,155,Near Infrared Imager and Slitless Spectrograph (NIRISS),NASA 6.5m James Webb Space Telescope (JWST) Satellite Mission,0.604,2.8154,2460026.06695,2460026.06695,"Figure 5, transitspectroscopy pipeline, only positive eclipse depths",2025AJ....169...57G,92/40/65/17/WASP_17_b_3.11446_5536_1.tbl
WASP-17 b,Eclipse,Gressier et al. 2025,,155,Near Infrared Imager and Slitless Spectrograph (NIRISS),NASA 6.5m James Webb Space Telescope (JWST) Satellite Mission,0.604,2.8154,2460026.06693,2460026.06693,"Figure 5, transitspectroscopy pipeline, negative eclipse depths allowed",2025AJ....169...57G,97/24/08/26/WASP_17_b_3.11446_5536_2.tbl
HD 189733 b,Transmission,Zhang et al. 2025,,53,Near Infrared Camera (NIRCam),NASA 6.5m James Webb Space Telescope (JWST) Satellite Mission,2.425,4.975,,,,2025AJ....169...38Z,20/20/10/96/HD_189733_b_3.11185_5532_1.tbl
HD 189733 b,Eclipse,Zhang et al. 2025,,53,Near Infrared Camera (NIRCam),NASA 6.5m James Webb Space Telescope (JWST) Satellite Mission,2.425,4.975,,,,2025AJ....169...38Z,57/21/35/82/HD_189733_b_3.11185_5532_2.tbl
HD 189733 b,Eclipse,Inglis et al. 2024,,33,Mid-Infrared Instrument (MIRI) - LRS,NASA 6.5m James Webb Space Telescope (JWST) Satellite Mission,5.125,11.75,2459871.35625,2459871.35625,"Eureka! Reduction, Eclipse 1",2024ApJ...973L..41I,16/75/61/86/HD_189733_b_3.11185_5533_1.tbl
HD 189733 b,Eclipse,Inglis et al. 2024,,33,Mid-Infrared Instrument (MIRI) - LRS,NASA 6.5m James Webb Space Telescope (JWST) Satellite Mission,5.125,11.75,2460126.49235,2460126.49235,"Eureka! Reduction, Eclipse 2",2024ApJ...973L..41I,34/02/69/72/HD_189733_b_3.11185_5533_2.tbl
WASP-107 b,Transmission,Murphy et al. 2024,,30,Near Infrared Camera (NIRCam),NASA 6.5m James Webb Space Telescope (JWST) Satellite Mission,2.475,3.925,,,F322W2 Total transit depth,2024NatAs...8.1562M,57/58/86/10/WASP_107_b_3.12045_5534_1.tbl
WASP-17 b,Eclipse,Valentine et al. 2024,,28,Mid-Infrared Instrument (MIRI) - LRS,NASA 6.5m James Webb Space Telescope (JWST) Satellite Mission,5.125,11.875,2460018.59562,2460018.59562,ExoTiC-MIRI,2024AJ....168..123V,91/96/22/51/WASP_17_b_3.11446_5535_1.tbl
L 168-9 b,Transmission,Alam et al. 2025,,53,Near Infrared Spectrograph (NIRSpec),NASA 6.5m James Webb Space Telescope (JWST) Satellite Mission,2.883,5.0628,2460098.96289,2460098.96289,"Aesop reduction, G395H, Visit 1",2025AJ....169...15A,26/47/38/45/L_168_9_b_3.12495_5554_1.tbl
L 168-9 b,Transmission,Alam et al. 2025,,53,Near Infrared Spectrograph (NIRSpec),NASA 6.5m James Webb Space Telescope (JWST) Satellite Mission,2.883,5.0628,2460114.37973,2460114.37973,"Aesop reduction, G395H, Visit 2",2025AJ....169...15A,76/10/05/35/L_168_9_b_3.12495_5554_2.tbl
L 168-9 b,Transmission,Alam et al. 2025,,53,Near Infrared Spectrograph (NIRSpec),NASA 6.5m James Webb Space Telescope (JWST) Satellite Mission,2.883,5.0628,2460122.78873,2460122.78873,"Aesop reduction, G395H, Visit 3",2025AJ....169...15A,51/78/21/34/L_168_9_b_3.12495_5554_3.tbl
L 168-9 b,Transmission,Alam et al. 2025,,53,Near Infrared Spectrograph (NIRSpec) - G395H,NASA 6.5m James Webb Space Telescope (JWST) Satellite Mission,2.883,5.0628,,,"weighted average combined G395H MIRI spectrum, Figure 7",2025AJ....169...15A,50/30/65/23/L_168_9_b_3.12495_5554_4.tbl
L 168-9 b,Transmission,Alam et al. 2025,,48,Mid-Infrared Instrument (MIRI) - LRS,NASA 6.5m James Webb Space Telescope (JWST) Satellite Mission,4.86,11.86,,,"weighted average combined G395H MIRI spectrum, Figure 7",2025AJ....169...15A,79/66/31/81/L_168_9_b_3.12495_5554_5.tbl
L 168-9 b,Transmission,Alam et al. 2025,,48,Mid-Infrared Instrument (MIRI) - LRS,NASA 6.5m James Webb Space Telescope (JWST) Satellite Mission,4.86,11.86,2459083.35642,2459083.35642,ExoTiC-MIRI/LRS reduction,2025AJ....169...15A,82/81/69/84/L_168_9_b_3.12495_5554_6.tbl
XO-3 b,Eclipse,Keating &amp; Cowan 2022,,1,Infrared Array Camera (IRAC),Spitzer Space Telescope satellite,4.5,4.5,,,Table 1,2022MNRAS.509..289K,40/98/61/92/XO_3_b_3.11482_5555_34.tbl
WASP-17 b,Eclipse,Valentine et al. 2024,,28,Mid-Infrared Instrument (MIRI) - LRS,NASA 6.5m James Webb Space Telescope (JWST) Satellite Mission,5.125,11.875,2460018.59539,2460018.59539,Eureka!,2024AJ....168..123V,25/78/52/94/WASP_17_b_3.11446_5535_2.tbl
WASP-17 b,Transmission,Louie et al. 2025,,2021,Near Infrared Imager and Slitless Spectrograph (NIRISS),NASA 6.5m James Webb Space Telescope (JWST) Satellite Mission,0.8504,2.8098,2460024.197422,2460024.197422,Final Ahsoka Order 1 (Fit LD at Pixel Level),2025AJ....169...86L,93/26/37/71/WASP_17_b_3.11446_5567_4.tbl
WASP-17 b,Transmission,Louie et al. 2025,,705,Near Infrared Imager and Slitless Spectrograph (NIRISS),NASA 6.5m James Webb Space Telescope (JWST) Satellite Mission,0.6303,0.9496,2460024.197306,2460024.197306,Final Ahsoka Order 2 (Fit LD at Pixel Level),2025AJ....169...86L,23/79/70/81/WASP_17_b_3.11446_5567_3.tbl
WASP-17 b,Transmission,Louie et al. 2025,,119,Near Infrared Imager and Slitless Spectrograph (NIRISS),NASA 6.5m James Webb Space Telescope (JWST) Satellite Mission,0.8544,2.8154,2460024.197422,2460024.197422,"Final Ahsoka Order 1, R=100 (Fit LD at Pixel Level)",2025AJ....169...86L,64/90/32/35/WASP_17_b_3.11446_5567_2.tbl
WASP-17 b,Transmission,Louie et al. 2025,,32,Near Infrared Imager and Slitless Spectrograph (NIRISS),NASA 6.5m James Webb Space Telescope (JWST) Satellite Mission,0.629,0.8622,2460024.197306,2460024.197306,"Final Ahsoka Order 2, R=100 (Fit LD at Pixel Level)",2025AJ....169...86L,44/85/58/33/WASP_17_b_3.11446_5567_1.tbl
L 98-59 c,Transmission,Barclay et al. 2025,,19,Wide Field Camera 3,Hubble Space Telescope satellite,1.137,1.639,2458946.7068,2458946.7068,From Table 3,2025AJ....169..241B,04/09/66/87/L_98_59_c_3.12373_5571_1.tbl
TRAPPIST-1 b,Eclipse,Ducrot et al. 2025,,2,Mid-Infrared Instrument (MIRI),NASA 6.5m James Webb Space Telescope (JWST) Satellite Mission,12.8,15.0,,,Fiducial Global Joint Fit (Extended Data Table 4),2025NatAs...9..358D,52/27/97/08/TRAPPIST_1_b_3.11876_5572_1.tbl
HD 95086 b,Direct Imaging,M&acirc;lin et al. 2024,,2,Mid-Infrared Instrument (MIRI),NASA 6.5m James Webb Space Telescope (JWST) Satellite Mission,10.575,11.3,2460019.645833,2460019.681944,Flux values are from Table 6,2024A&A...690A.316M,94/06/46/93/HD_95086_b_3.11598_5573_1.tbl
WASP-19 b,Eclipse,Tumborang et al. 2024,,6,Wide Field Camera 3,Hubble Space Telescope satellite,1.1752,1.5948,2456819.613679,2456819.613679,Table 3,2024AJ....168..296T,47/82/20/61/WASP_19_b_3.11448_5574_1.tbl
WASP-19 b,Transmission,Tumborang et al. 2024,,6,Wide Field Camera 3,Hubble Space Telescope satellite,1.1744,1.594,2456820.796002,2456820.796002,Primary-transit (Table 3),2024AJ....168..296T,76/39/42/03/WASP_19_b_3.11448_5574_3.tbl
WASP-19 b,Eclipse,Tumborang et al. 2024,,4,Infrared Array Camera (IRAC),Spitzer Space Telescope satellite,3.6,8.0,,,Measurements drawn from Anderson et al. (2013) and Wong et al. (2016) (Table 3),2024AJ....168..296T,97/09/53/21/WASP_19_b_3.11448_5574_2.tbl
L 98-59 b,Transmission,Bello-Arufe et al. 2025,,80,Near Infrared Spectrograph (NIRSpec),NASA 6.5m James Webb Space Telescope (JWST) Satellite,2.7245,5.1004,,,"G395H, Firefly",2025ApJ...980L..26B,80/53/84/86/L_98_59_b_3.12372_5578_1.tbl
L 98-59 b,Transmission,Bello-Arufe et al. 2025,,218,Near Infrared Spectrograph (NIRSpec),NASA 6.5m James Webb Space Telescope (JWST) Satellite,2.875,5.165,,,"G395H, Eureka",2025ApJ...980L..26B,44/59/69/92/L_98_59_b_3.12372_5578_2.tbl
WASP-52 b,Transmission,Fournier-Tondreau et al. 2025,,155,Near Infrared Imager and Slitless Spectrograph (NIRISS),NASA 6.5m James Webb Space Telescope (JWST) Satellite,0.6043,2.8153,,,"SOSS, supreme-SPOON",2025MNRAS.539..422F,41/13/47/32/WASP_52_b_3.11565_5621_1.tbl
WASP-19 b,Eclipse,Wong et al. 2016,,2,Infrared Array Camera (IRAC),Spitzer Space Telescope satellite,3.6,4.5,,,From abstract,2016ApJ...823..122W,56/24/76/51/WASP_19_b_3.11448_3855_2.tbl
HAT-P-7 b,Eclipse,Wong et al. 2016,,2,Infrared Array Camera (IRAC),Spitzer Space Telescope satellite,3.6,4.5,,,From abstract,2016ApJ...823..122W,22/34/64/96/HAT_P_7_b_3.8_3855_2.tbl
GJ 436 b,Eclipse,Mukherjee et al. 2025,,20,Near Infrared Camera (NIRCam),NASA 6.5m James Webb Space Telescope (JWST) Satellite,2.4299,4.0398,,,all combined F322W2 spectra; Eureka! Pipeline,2025ApJ...982L..39M,00/19/89/46/GJ_436_b_3.10974_5610_1.tbl
GJ 436 b,Eclipse,Mukherjee et al. 2025,,20,Near Infrared Camera (NIRCam),NASA 6.5m James Webb Space Telescope (JWST) Satellite,3.8589,5.0595,,,all combined F444W spectra; Eureka! Pipeline,2025ApJ...982L..39M,16/52/50/31/GJ_436_b_3.10974_5610_2.tbl
GJ 436 b,Eclipse,Mukherjee et al. 2025,,27,Mid-Infrared Instrument (MIRI) - LRS,NASA 6.5m James Webb Space Telescope (JWST) Satellite,5.25,11.75,,,all combined LRS spectra; Eureka! Pipeline,2025ApJ...982L..39M,07/05/25/93/GJ_436_b_3.10974_5610_3.tbl
GJ 436 b,Eclipse,Mukherjee et al. 2025,,20,Near Infrared Camera (NIRCam),NASA 6.5m James Webb Space Telescope (JWST) Satellite,2.4299,4.0398,,,all combined F322W2 spectra; tshirt Pipeline,2025ApJ...982L..39M,18/15/70/97/GJ_436_b_3.10974_5610_4.tbl
GJ 436 b,Eclipse,Mukherjee et al. 2025,,20,Near Infrared Camera (NIRCam),NASA 6.5m James Webb Space Telescope (JWST) Satellite,3.8589,5.0595,,,all combined F444W spectra; tshirt Pipeline,2025ApJ...982L..39M,69/68/44/39/GJ_436_b_3.10974_5610_5.tbl
GJ 436 b,Eclipse,Mukherjee et al. 2025,,25,Mid-Infrared Instrument (MIRI) - LRS,NASA 6.5m James Webb Space Telescope (JWST) Satellite,5.7875,11.7604,,,all combined LRS spectra; tshirt Pipeline,2025ApJ...982L..39M,29/34/23/10/GJ_436_b_3.10974_5610_6.tbl
GJ 504 b,Direct Imaging,M&acirc;lin et al. 2025,,3,Mid-Infrared Instrument (MIRI),NASA 6.5m James Webb Space Telescope (JWST) Satellite Mission,10.575,15.5,2460129.959201,2460130.012407,"Filters F1065C, F1140C, and F1550C",2025A&A...693A.315M,78/72/43/30/GJ_504_b_3.11608_5635_1.tbl
HR 8799 c,Direct Imaging,Greenbaum et al. 2018,,111,Gemini Planet Imager (GPI),Association of Universities for Research in Astronomy (AURA) 8.1m Gemini South Telescope at Cerro Pachon,1.5078,2.3697,2456614.5,2457650.5,Full Reduced Spectrum,2018AJ....155..226G,76/95/66/17/HR_8799_c_3.11391_5636_1.tbl
HR 8799 d,Direct Imaging,Greenbaum et al. 2018,,111,Gemini Planet Imager (GPI),Association of Universities for Research in Astronomy (AURA) 8.1m Gemini South Telescope at Cerro Pachon,1.5078,2.3697,2456614.5,2457650.5,Full Reduced Spectrum,2018AJ....155..226G,34/48/79/87/HR_8799_d_3.11392_5636_1.tbl
HR 8799 e,Direct Imaging,Greenbaum et al. 2018,,87,Gemini Planet Imager (GPI),Association of Universities for Research in Astronomy (AURA) 8.1m Gemini South Telescope at Cerro Pachon,1.5217,2.3287,2456614.5,2457650.5,Full Reduced Spectrum,2018AJ....155..226G,68/99/87/93/HR_8799_e_3.11393_5636_1.tbl
HR 2562 b,Direct Imaging,Godoy et al. 2024,,3,Mid-Infrared Instrument (MIRI),NASA 6.5m James Webb Space Telescope (JWST) Satellite Mission,10.575,15.5,,,"Filters F1065C, F1140C, and F1550C",2024A&A...689A.185G,88/83/96/38/HR_2562_b_3.11929_5637_1.tbl
K2-18 b,Transmission,Madhusudhan et al. 2025,,29,Mid-Infrared Instrument (MIRI) - LRS,NASA 6.5m James Webb Space Telescope (JWST) Satellite Mission,5.7763,11.7914,2460426.62879,2460426.62879,"Figure 4, JExoRES",2025ApJ...983L..40M,82/49/11/80/K2_18_b_3.11793_5638_1.tbl
K2-18 b,Transmission,Madhusudhan et al. 2025,,29,Mid-Infrared Instrument (MIRI) - LRS,NASA 6.5m James Webb Space Telescope (JWST) Satellite Mission,5.776,11.7913,2460426.62885,2460426.62885,"Figure 4, JexoPipe",2025ApJ...983L..40M,22/00/77/70/K2_18_b_3.11793_5638_2.tbl
L 98-59 c,Transmission,Scarsdale et al. 2024,,106,Near Infrared Spectrograph (NIRSpec),NASA 6.5m James Webb Space Telescope (JWST) Satellite Mission,2.873,5.0725,2460135.105075,2460135.105075,"G395H mode, Eureka! pipeline, Visit 1",2024AJ....168..276S,41/06/60/13/L_98_59_c_3.12373_5503_1.tbl
L 98-59 c,Transmission,Scarsdale et al. 2024,,106,Near Infrared Spectrograph (NIRSpec),NASA 6.5m James Webb Space Telescope (JWST) Satellite Mission,2.873,5.0725,2460138.795772,2460138.795772,"G395H mode, Eureka! pipeline, Visit 2",2024AJ....168..276S,93/29/31/64/L_98_59_c_3.12373_5503_2.tbl
L 98-59 c,Transmission,Scarsdale et al. 2024,,109,Near Infrared Spectrograph (NIRSpec),NASA 6.5m James Webb Space Telescope (JWST) Satellite Mission,2.8122,5.0728,2460135.105067,2460135.105067,"G395H mode, ExoTiC-JEDI pipeline, Visit 1",2024AJ....168..276S,94/98/01/69/L_98_59_c_3.12373_5503_3.tbl
L 98-59 c,Transmission,Scarsdale et al. 2024,,109,Near Infrared Spectrograph (NIRSpec),NASA 6.5m James Webb Space Telescope (JWST) Satellite Mission,2.812,5.0725,2460138.795757,2460138.795757,"G395H mode, ExoTiC-JEDI pipeline, Visit 2",2024AJ....168..276S,07/34/84/68/L_98_59_c_3.12373_5503_4.tbl
AF Lep b,Direct Imaging,Franson et al. 2024,,1,Near Infrared Camera (NIRCam),NASA 6.5m James Webb Space Telescope (JWST) Satellite Mission,4.402,4.402,2460229.5,2460229.5,F444W Epoch 1,2024ApJ...974L..11F,40/43/35/07/AF_Lep_b_3.18764_5640_1.tbl
AF Lep b,Direct Imaging,Franson et al. 2024,,1,Near Infrared Camera (NIRCam),NASA 6.5m James Webb Space Telescope (JWST) Satellite Mission,4.402,4.402,2460323.5,2460323.5,F444W Epoch 2,2024ApJ...974L..11F,30/71/76/22/AF_Lep_b_3.18764_5640_2.tbl
AF Lep b,Direct Imaging,Franson et al. 2024,,1,NIRC2 Camera,W. M. Keck Observatory,3.776,3.776,2460339.5,2460339.5,L,2024ApJ...974L..11F,39/45/61/56/AF_Lep_b_3.18764_5640_3.tbl
eps Ind A b,Direct Imaging,Matthews et al. 2024,,2,Mid-Infrared Instrument (MIRI),NASA 6.5m James Webb Space Telescope (JWST) Satellite Mission,10.575,15.5,2460128.5,2460128.5,"F1065C, F1550C Filters",2024Natur.633..789M,10/27/14/22/eps_Ind_A_b_3.12456_5444_1.tbl
eps Ind A b,Direct Imaging,Matthews et al. 2024,,1,VLT Imager and Spectrometer for mid-InfraRed (VISIR),European Southern Observatory (ESO) 8.2m Very Large Telescope (VLT) Melipal (UT3) at Paranal Observatory,11.3,11.3,2460128.5,2460128.5,Combined spectrum from 3 epochs,2024Natur.633..789M,06/60/72/02/eps_Ind_A_b_3.12456_5444_2.tbl
WD 0806-661 b,Direct Imaging,Voyer et al. 2025,,241,Mid-Infrared Instrument (MIRI) - LRS,NASA 6.5m James Webb Space Telescope (JWST) Satellite Mission,5.0157,11.9704,,,Figure 3,2025ApJ...982L..38V,82/46/27/44/WD_0806_661_b_3.11616_5641_1.tbl
LTT 9779 b,Eclipse,Coulombe et al. 2025,,32,Near Infrared Imager and Slitless Spectrograph (NIRISS),NASA 6.5m James Webb Space Telescope (JWST) Satellite Mission,0.6156,2.7893,,,Extended Data Figure 4,2025NatAs...9..512C,15/41/97/77/LTT_9779_b_3.12596_5650_1.tbl
TOI-776 b,Transmission,Alderson et al. 2025,,106,Near Infrared Spectrograph (NIRSpec),NASA 6.5m James Webb Space Telescope (JWST) Satellite Mission,2.873,5.0725,2460088.79198,2460088.79198,G395H Eureka Visit 1,2025AJ....169..142A,61/14/50/60/TOI_776_b_3.12641_5649_1.tbl
TOI-776 b,Transmission,Alderson et al. 2025,,106,Near Infrared Spectrograph (NIRSpec),NASA 6.5m James Webb Space Telescope (JWST) Satellite Mission,2.873,5.0725,2460105.28592,2460105.28592,G395H Eureka Visit 2,2025AJ....169..142A,00/03/19/20/TOI_776_b_3.12641_5649_2.tbl
TOI-776 b,Transmission,Alderson et al. 2025,,106,Near Infrared Spectrograph (NIRSpec),NASA 6.5m James Webb Space Telescope (JWST) Satellite Mission,2.8728,5.0725,2460088.79193,2460088.79193,G395H Exotic Jedi Visit 1,2025AJ....169..142A,27/55/67/32/TOI_776_b_3.12641_5649_3.tbl
TOI-776 b,Transmission,Alderson et al. 2025,,106,Near Infrared Spectrograph (NIRSpec),NASA 6.5m James Webb Space Telescope (JWST) Satellite Mission,2.8731,5.0727,2460105.28585,2460105.28585,G395H Exotic Jedi Visit 2,2025AJ....169..142A,68/92/50/91/TOI_776_b_3.12641_5649_4.tbl
TOI-776 c,Transmission,Teske et al. 2025,,106,Near Infrared Spectrograph (NIRSpec),NASA 6.5m James Webb Space Telescope (JWST) Satellite Mission,2.873,5.0725,2460076.4687,2460076.4687,G395H Eureka Visit 1,2025AJ....169..249T,18/15/26/36/TOI_776_c_3.12642_5648_1.tbl
TOI-776 c,Transmission,Teske et al. 2025,,106,Near Infrared Spectrograph (NIRSpec),NASA 6.5m James Webb Space Telescope (JWST) Satellite Mission,2.873,5.0725,2460092.134,2460092.134,G395H Eureka Visit 2,2025AJ....169..249T,93/27/49/10/TOI_776_c_3.12642_5648_2.tbl
TOI-776 c,Transmission,Teske et al. 2025,,106,Near Infrared Spectrograph (NIRSpec),NASA 6.5m James Webb Space Telescope (JWST) Satellite Mission,2.873,5.0725,,,G395H Eureka Joint Fit,2025AJ....169..249T,31/65/03/58/TOI_776_c_3.12642_5648_3.tbl
TOI-776 c,Transmission,Teske et al. 2025,,106,Near Infrared Spectrograph (NIRSpec),NASA 6.5m James Webb Space Telescope (JWST) Satellite Mission,2.8728,5.0726,2460076.4687,2460076.4687,G395H Tiberius Visit 1,2025AJ....169..249T,24/48/55/04/TOI_776_c_3.12642_5648_4.tbl
TOI-776 c,Transmission,Teske et al. 2025,,106,Near Infrared Spectrograph (NIRSpec),NASA 6.5m James Webb Space Telescope (JWST) Satellite Mission,2.8728,5.0726,2460092.134,2460092.134,G395H Tiberius Visit 2,2025AJ....169..249T,51/54/90/65/TOI_776_c_3.12642_5648_5.tbl
TOI-776 c,Transmission,Teske et al. 2025,,106,Near Infrared Spectrograph (NIRSpec),NASA 6.5m James Webb Space Telescope (JWST) Satellite Mission,2.8728,5.0726,,,G395H Tiberius Combined,2025AJ....169..249T,91/29/57/19/TOI_776_c_3.12642_5648_6.tbl
TOI-431 b,Eclipse,Monaghan et al. 2025,,1,Infrared Array Camera (IRAC),Spitzer Space Telescope satellite,4.5,4.5,,,weighted average,2025AJ....169..239M,25/45/20/06/TOI_431_b_3.12780_5663_1.tbl
HAT-P-26 b,Transmission,Ramos Rosado et al. 2025,,4,Space Telescope Imaging Spectrograph,Hubble Space Telescope satellite,0.34,0.53,,,"Table 3, G430L",2025AJ....169..259R,84/48/45/74/HAT_P_26_b_3.11010_5664_1.tbl
HAT-P-26 b,Transmission,Ramos Rosado et al. 2025,,7,Space Telescope Imaging Spectrograph,Hubble Space Telescope satellite,0.55,0.96,,,"Table 3, G750L",2025AJ....169..259R,15/46/65/93/HAT_P_26_b_3.11010_5664_2.tbl
TOI-1468 b,Eclipse,Meier Vald&eacute;s et al. 2025,,1,Mid-Infrared Instrument (MIRI),NASA 6.5m James Webb Space Telescope (JWST) Satellite Mission,15.0,15.0,2460277.5,2460277.5,"F1500W filter, Visit 1",2025A&A...698A..68M,96/23/32/16/TOI_1468_b_3.14318_5673_1.tbl
TOI-1468 b,Eclipse,Meier Vald&eacute;s et al. 2025,,1,Mid-Infrared Instrument (MIRI),NASA 6.5m James Webb Space Telescope (JWST) Satellite Mission,15.0,15.0,2460279.5,2460279.5,"F1500W filter, Visit 2",2025A&A...698A..68M,52/62/59/26/TOI_1468_b_3.14318_5673_2.tbl
TOI-1468 b,Eclipse,Meier Vald&eacute;s et al. 2025,,1,Mid-Infrared Instrument (MIRI),NASA 6.5m James Webb Space Telescope (JWST) Satellite Mission,15.0,15.0,2460326.5,2460326.5,"F1500W filter, Visit 3",2025A&A...698A..68M,78/76/00/06/TOI_1468_b_3.14318_5673_3.tbl
TOI-1468 b,Eclipse,Meier Vald&eacute;s et al. 2025,,1,Mid-Infrared Instrument (MIRI),NASA 6.5m James Webb Space Telescope (JWST) Satellite Mission,15.0,15.0,,,"F1500W filter, Joint fitting",2025A&A...698A..68M,13/38/39/13/TOI_1468_b_3.14318_5673_4.tbl
WASP-43 b,Eclipse,Murphy et al. 2023,,1,Infrared Array Camera (IRAC),Spitzer Space Telescope satellite,4.5,4.5,,,"Table 3, combined fit",2023AJ....165..107M,57/65/37/01/wASP_43_b_3.11469_5674_1.tbl
TrES-4 b,Transmission,Meech et al. 2025,,61,Near Infrared Spectrograph (NIRSpec),NASA 6.5m James Webb Space Telescope (JWST) Satellite Mission,2.7765,5.1797,2460478.712885,2460478.712885,Tiberius R100 NRS1/NRS2,2025MNRAS.539.1381M,14/75/44/60/TrES_4_b_3.11432_5676_1.tbl
TrES-4 b,Transmission,Meech et al. 2025,,61,Near Infrared Spectrograph (NIRSpec),NASA 6.5m James Webb Space Telescope (JWST) Satellite Mission,2.7765,5.1797,2460478.713043,2460478.713043,Eureka! R100 NRS1/NRS2,2025MNRAS.539.1381M,57/39/18/40/TrES_4_b_3.11432_5676_2.tbl
WASP-15 b,Transmission,Kirk et al. 2025,,61,Near Infrared Spectrograph (NIRSpec),NASA 6.5m James Webb Space Telescope (JWST) Satellite Mission,2.7765,5.1797,2460336.666441,2460336.666441,Eureka R100,2025MNRAS.537.3027K,65/69/98/78/WASP_15_b_3.11444_5675_1.tbl
WASP-15 b,Transmission,Kirk et al. 2025,,241,Near Infrared Spectrograph (NIRSpec),NASA 6.5m James Webb Space Telescope (JWST) Satellite Mission,2.7662,5.1661,2460336.666441,2460336.666441,Eureka R400,2025MNRAS.537.3027K,67/57/31/61/WASP_15_b_3.11444_5675_2.tbl
WASP-15 b,Transmission,Kirk et al. 2025,,60,Near Infrared Spectrograph (NIRSpec),NASA 6.5m James Webb Space Telescope (JWST) Satellite Mission,2.7765,5.1284,2460336.666392,2460336.666392,Tiberius R100,2025MNRAS.537.3027K,12/91/60/32/WASP_15_b_3.11444_5675_3.tbl
WASP-15 b,Transmission,Kirk et al. 2025,,239,Near Infrared Spectrograph (NIRSpec),NASA 6.5m James Webb Space Telescope (JWST) Satellite Mission,2.7662,5.1532,2460336.666392,2460336.666392,Tiberius R400,2025MNRAS.537.3027K,36/35/13/68/WASP_15_b_3.11444_5675_4.tbl
HD 219666 b,Transmission,Murphy et al. 2025,,15,Wide Field Camera 3,Hubble Space Telescope satellite,1.13,1.604,2458800.227095,2458800.227095,"G141, Visit 1",2025AJ....169..286M,82/71/95/80/HD_219666_b_3.12304_5677_1.tbl
HD 219666 b,Transmission,Murphy et al. 2025,,15,Wide Field Camera 3,Hubble Space Telescope satellite,1.13,1.604,2458975.227095,2458975.227095,"G141, Visit 2",2025AJ....169..286M,55/12/00/94/HD_219666_b_3.12304_5677_2.tbl
HD 219666 b,Transmission,Murphy et al. 2025,,15,Wide Field Camera 3,Hubble Space Telescope satellite,1.13,1.604,,,"G141, Combined Visits",2025AJ....169..286M,26/34/94/73/HD_219666_b_3.12304_5677_3.tbl
GJ 357 b,Transmission,Taylor et al. 2025,,60,Near Infrared Imager and Slitless Spectrograph (NIRISS),NASA 6.5m James Webb Space Telescope (JWST) Satellite Mission,0.862,2.803,,,Table B1,2025MNRAS.540.3677T,46/89/29/89/GJ_357_b_3.12407_5682_1.tbl
HAT-P-2 b,Transmission,Jacobs et al. 2025,,17,Wide Field Camera 3,Hubble Space Telescope satellite,1.126,1.638,,,Table 5,2025AJ....169...96J,63/52/58/80/HAT_P_2_b_3.11014_5683_1.tbl
HAT-P-2 b,Eclipse,Jacobs et al. 2025,,17,Wide Field Camera 3,Hubble Space Telescope satellite,1.126,1.638,,,Table 5,2025AJ....169...96J,08/59/25/65/HAT_P_2_b_3.11014_5683_2.tbl
WASP-127 b,Transmission,Boehm et al. 2025,,59,Wide Field Camera 3,Hubble Space Telescope satellite,0.2075,0.7875,2459989.546,2459989.546,Table 5,2025AJ....169...23B,05/50/88/79/WASP_127_b_3.11973_5684_1.tbl
LHS 1140 c,Eclipse,Fortune et al. 2025,,1,Mid-Infrared Instrument (MIRI),NASA 6.5m James Webb Space Telescope (JWST) Satellite Mission,15.0,15.0,,,Joint-fit aperture extraction GPs; combined 3 eclipses,2025A&A...701A..25F,46/55/48/48/LHS_1140_c_3.12258_5685_1.tbl
LTT 1445 A b,Eclipse,Wachiraphan et al. 2025,,20,Mid-Infrared Instrument (MIRI),NASA 6.5m James Webb Space Telescope (JWST) Satellite Mission,5.2477,11.8128,,,"Table 2, SPARTA pipeline, Combined Visits",2025AJ....169..311W,57/45/90/72/LTT_1445_A_b_3.12411_5686_1.tbl
LTT 1445 A b,Eclipse,Wachiraphan et al. 2025,,20,Mid-Infrared Instrument (MIRI),NASA 6.5m James Webb Space Telescope (JWST) Satellite Mission,5.2495,11.8142,,,"Table 3, Eureka! pipeline, Combined Visits",2025AJ....169..311W,54/41/94/29/LTT_1445_A_b_3.12411_5686_2.tbl
WASP-96 b,Transmission,Nikolov et al. 2022,,49,FORS2 Spectrograph,European Southern Observatory (ESO) 8.2m Very Large Telescope (VLT) Antu (UT1) at Paranal Observatory,0.3756,0.7973,,,Table 6,2022MNRAS.515.3037N,88/83/04/09/WASP_96_b_3.11667_5692_1.tbl
WASP-96 b,Transmission,Nikolov et al. 2022,,66,Wide Field Camera 3,Hubble Space Telescope satellite,0.8246,1.6349,,,Table 6,2022MNRAS.515.3037N,20/87/66/65/WASP_96_b_3.11667_5692_2.tbl
WASP-96 b,Transmission,Nikolov et al. 2022,,2,Infrared Array Camera (IRAC),Spitzer Space Telescope satellite,3.6,4.5,,,Table 6,2022MNRAS.515.3037N,27/17/58/53/WASP_96_b_3.11667_5692_3.tbl
WASP-96 b,Eclipse,Nikolov et al. 2022,,2,Infrared Array Camera (IRAC),Spitzer Space Telescope satellite,3.6,4.5,2458787.6139,2458794.4777,Section 3.2.2,2022MNRAS.515.3037N,94/43/47/26/WASP_96_b_3.11667_5692_4.tbl
TRAPPIST-1 c,Transmission,Radica et al. 2025,,26,Near Infrared Imager and Slitless Spectrograph (NIRISS),NASA 6.5m James Webb Space Telescope (JWST) Satellite Mission,0.72,2.77,2459881.401528,2459881.401528,"Table 3, Visit 1",2025ApJ...979L...5R,90/43/88/63/TRAPPIST_1_c_3.11877_5693_1.tbl
TRAPPIST-1 c,Transmission,Radica et al. 2025,,26,Near Infrared Imager and Slitless Spectrograph (NIRISS),NASA 6.5m James Webb Space Telescope (JWST) Satellite Mission,0.72,2.77,2460249.515031,2460249.515031,"Table 3, Visit 2",2025ApJ...979L...5R,78/70/23/49/TRAPPIST_1_c_3.11877_5693_2.tbl
Luhman 16 b,Direct Imaging,Biller et al. 2024,,194,Mid-Infrared Instrument (MIRI),NASA 6.5m James Webb Space Telescope (JWST) Satellite Mission,5.1715,11.1035,2460134.051721,2460134.051721,single date stamp; all 219 available on zenodo,2024MNRAS.532.2207B,17/22/84/93/WISE_J104915.57_531906.1_A_b_3.19807_5694_1.tbl
Luhman 16 b,Direct Imaging,Biller et al. 2024,,369,Near Infrared Spectrograph (NIRSpec),NASA 6.5m James Webb Space Telescope (JWST) Satellite Mission,0.7804,5.225,2460134.417529,2460134.417529,single date stamp; all 219 available on zenodo,2024MNRAS.532.2207B,94/05/83/12/WISE_J104915.57_531906.1_A_b_3.19807_5694_2.tbl
WASP-121 b,Transmission,Gapp et al. 2025,,1748,Near Infrared Spectrograph (NIRSpec),NASA 6.5m James Webb Space Telescope (JWST) Satellite Mission,2.7258,5.171,,,"Phase-curve transit depth, Figure 6. R3000.",2025AJ....169..341G,40/37/64/81/WASP_121_b_3.11900_5699_4.tbl
WASP-121 b,Transmission,Gapp et al. 2025,,349,Near Infrared Spectrograph (NIRSpec),NASA 6.5m James Webb Space Telescope (JWST) Satellite Mission,2.7285,5.1671,,,"Phase-curve transit depth, Figure 6. R600.",2025AJ....169..341G,17/71/93/65/WASP_121_b_3.11900_5699_3.tbl
WASP-121 b,Transmission,Gapp et al. 2025,,1747,Near Infrared Spectrograph (NIRSpec),NASA 6.5m James Webb Space Telescope (JWST) Satellite Mission,2.7258,5.171,,,"Transit-only transit depth, Figure 6. R3000. Data at 4.01732 micron omitted because the uncertainties were overestimated (1.57169% -388068.52099%)",2025AJ....169..341G,61/07/45/20/WASP_121_b_3.11900_5699_2.tbl
WASP-121 b,Transmission,Gapp et al. 2025,,349,Near Infrared Spectrograph (NIRSpec),NASA 6.5m James Webb Space Telescope (JWST) Satellite Mission,2.7285,5.1671,,,"Transit-only transit depth, Figure 6. R600.",2025AJ....169..341G,03/59/34/90/WASP_121_b_3.11900_5699_1.tbl
GJ 341 b,Transmission,Kirk et al. 2024,,54,Near Infrared Camera (NIRCam),NASA 6.5m James Webb Space Telescope (JWST) Satellite Mission,3.9353,4.9737,,,Tswift; Visit 3,2024AJ....167...90K,82/40/97/21/GJ_341_b_3.19698_5705_12.tbl
GJ 341 b,Transmission,Kirk et al. 2024,,54,Near Infrared Camera (NIRCam),NASA 6.5m James Webb Space Telescope (JWST) Satellite Mission,3.9353,4.9737,,,Tswift; Visit 2,2024AJ....167...90K,70/50/94/26/GJ_341_b_3.19698_5705_11.tbl
GJ 341 b,Transmission,Kirk et al. 2024,,54,Near Infrared Camera (NIRCam),NASA 6.5m James Webb Space Telescope (JWST) Satellite Mission,3.9353,4.9737,,,Tswift; Visit 1,2024AJ....167...90K,77/62/89/73/GJ_341_b_3.19698_5705_10.tbl
GJ 341 b,Transmission,Kirk et al. 2024,,54,Near Infrared Camera (NIRCam),NASA 6.5m James Webb Space Telescope (JWST) Satellite Mission,3.9353,4.9737,,,Tswift; 3 Visit Weighted Mean,2024AJ....167...90K,30/82/22/55/GJ_341_b_3.19698_5705_9.tbl
GJ 341 b,Transmission,Kirk et al. 2024,,57,Near Infrared Camera (NIRCam),NASA 6.5m James Webb Space Telescope (JWST) Satellite Mission,3.9064,5.0036,,,Tiberius; Visit 3,2024AJ....167...90K,82/48/48/91/GJ_341_b_3.19698_5705_8.tbl
GJ 341 b,Transmission,Kirk et al. 2024,,57,Near Infrared Camera (NIRCam),NASA 6.5m James Webb Space Telescope (JWST) Satellite Mission,3.9064,5.0036,,,Tiberius; Visit 2,2024AJ....167...90K,19/58/98/80/GJ_341_b_3.19698_5705_7.tbl
GJ 341 b,Transmission,Kirk et al. 2024,,57,Near Infrared Camera (NIRCam),NASA 6.5m James Webb Space Telescope (JWST) Satellite Mission,3.9064,5.0036,,,Tiberius; Visit 1,2024AJ....167...90K,51/27/14/29/GJ_341_b_3.19698_5705_6.tbl
GJ 341 b,Transmission,Kirk et al. 2024,,57,Near Infrared Camera (NIRCam),NASA 6.5m James Webb Space Telescope (JWST) Satellite Mission,3.9064,5.0036,,,Tiberius; 3 Visit Weighted Mean,2024AJ....167...90K,28/62/39/97/GJ_341_b_3.19698_5705_5.tbl
GJ 341 b,Transmission,Kirk et al. 2024,,55,Near Infrared Camera (NIRCam),NASA 6.5m James Webb Space Telescope (JWST) Satellite Mission,3.91,4.99,,,Eureka!; Visit 3,2024AJ....167...90K,66/94/28/21/GJ_341_b_3.19698_5705_4.tbl
GJ 341 b,Transmission,Kirk et al. 2024,,55,Near Infrared Camera (NIRCam),NASA 6.5m James Webb Space Telescope (JWST) Satellite Mission,3.91,4.99,,,Eureka!; Visit 2,2024AJ....167...90K,23/10/96/12/GJ_341_b_3.19698_5705_3.tbl
GJ 341 b,Transmission,Kirk et al. 2024,,55,Near Infrared Camera (NIRCam),NASA 6.5m James Webb Space Telescope (JWST) Satellite Mission,3.91,4.99,,,Eureka!; Visit 1,2024AJ....167...90K,63/80/25/89/GJ_341_b_3.19698_5705_2.tbl
GJ 341 b,Transmission,Kirk et al. 2024,,55,Near Infrared Camera (NIRCam),NASA 6.5m James Webb Space Telescope (JWST) Satellite Mission,3.91,4.99,,,Eureka!; 3 Visit Weighted Mean,2024AJ....167...90K,65/23/18/38/GJ_341_b_3.19698_5705_1.tbl
TRAPPIST-1 c,Transmission,Rathcke et al. 2025,,362,Near Infrared Spectrograph (NIRSpec) - PRISM,NASA 6.5m James Webb Space Telescope (JWST) Satellite Mission,0.8031,5.1928,2460501.385348,2460501.385348,Mid-Transit Times from Table 1,2025ApJ...979L..19R,71/62/86/77/TRAPPIST_1_c_3.11877_5704_2.tbl
TRAPPIST-1 b,Transmission,Rathcke et al. 2025,,362,Near Infrared Spectrograph (NIRSpec) - PRISM,NASA 6.5m James Webb Space Telescope (JWST) Satellite Mission,0.8031,5.1928,2460501.405464,2460501.405464,Mid-Transit Times from Table 1,2025ApJ...979L..19R,58/69/28/21/TRAPPIST_1_b_3.11876_5704_1.tbl
WASP-17 b,Transmission,Alderson et al. 2022,,14,Space Telescope Imaging Spectrograph,Hubble Space Telescope satellite,0.34,0.565,,,"Table 6, G430L, Visit 5 & 6 Combined",2022MNRAS.512.4185A,37/04/90/15/WASP_17_b_3.11446_5703_6.tbl
WASP-17 b,Transmission,Alderson et al. 2022,,14,Space Telescope Imaging Spectrograph,Hubble Space Telescope satellite,0.34,0.565,2456086.994261,2456086.994261,"Table 6, G430L, Visit 6",2022MNRAS.512.4185A,94/27/55/86/WASP_17_b_3.11446_5703_5.tbl
WASP-17 b,Transmission,Alderson et al. 2022,,14,Space Telescope Imaging Spectrograph,Hubble Space Telescope satellite,0.34,0.565,2456367.156155,2456367.156155,"Table 6, G430L, Visit 5",2022MNRAS.512.4185A,22/60/17/96/WASP_17_b_3.11446_5703_4.tbl
WASP-17 b,Transmission,Alderson et al. 2022,,12,Space Telescope Imaging Spectrograph,Hubble Space Telescope satellite,0.55,0.985,2456370.892191,2456370.892191,"Table 5, G750L, Visit 19",2022MNRAS.512.4185A,50/72/07/74/WASP_17_b_3.11446_5703_3.tbl
WASP-17 b,Transmission,Alderson et al. 2022,,25,Wide Field Camera 3,Hubble Space Telescope satellite,1.138,1.6238,2457958.473652,2457958.473652,"Table 4, G141, Visit 1",2022MNRAS.512.4185A,62/60/77/24/WASP_17_b_3.11446_5703_2.tbl
WASP-17 b,Transmission,Alderson et al. 2022,,15,Wide Field Camera 3,Hubble Space Telescope satellite,0.8198,1.111,2457921.117728,2457921.117728,"Table 4, G102, Visit 32",2022MNRAS.512.4185A,86/61/12/36/WASP_17_b_3.11446_5703_1.tbl
HIP 41378 f,Transmission,Alam et al. 2022,,30,Wide Field Camera 3,Hubble Space Telescope satellite,1.113,1.652,2459355.101374,2459355.101374,Table 1,2022ApJ...927L...5A,12/37/51/89/HIP_41378_f_3.11912_5702_1.tbl
WASP-62 b,Transmission,Alam et al. 2021,,2,Infrared Array Camera (IRAC),Spitzer Space Telescope Satelite,3.6,4.5,,,Table 1,2021ApJ...906L..10A,65/73/78/52/WASP_62_b_3.11544_5701_2.tbl
WASP-62 b,Transmission,Alam et al. 2021,,29,Space Telescope Imaging Spectrograph,Hubble Space Telescope satellite,0.33,0.9643,,,"Table 1, G430L & G750L filters",2021ApJ...906L..10A,15/69/71/42/WASP_62_b_3.11544_5701_1.tbl
WASP-94 A b,Transmission,Ahrer et al. 2025,,61,Near Infrared Spectrograph (NIRSpec),NASA 6.5m James Webb Space Telescope (JWST) Satellite Mission,2.7765,5.1797,,,"G395H, Eureka R100",2025MNRAS.540.2535A,03/82/14/13/WASP_94_A_b_3.11708_5700_1.tbl
WASP-94 A b,Transmission,Ahrer et al. 2025,,240,Near Infrared Spectrograph (NIRSpec),NASA 6.5m James Webb Space Telescope (JWST) Satellite Mission,2.7662,5.1661,,,"G395H, Eureka R400. Data at 3.723224716934997680 micron omitted due to an errant data value.",2025MNRAS.540.2535A,43/45/25/40/WASP_94_A_b_3.11708_5700_2.tbl
WASP-94 A b,Transmission,Ahrer et al. 2025,,57,Near Infrared Spectrograph (NIRSpec),NASA 6.5m James Webb Space Telescope (JWST) Satellite Mission,2.8605,5.128,,,"G395H, ExoTiC-JEDI R100",2025MNRAS.540.2535A,89/60/67/53/WASP_94_A_b_3.11708_5700_3.tbl
WASP-94 A b,Transmission,Ahrer et al. 2025,,224,Near Infrared Spectrograph (NIRSpec),NASA 6.5m James Webb Space Telescope (JWST) Satellite Mission,2.8789,5.166,,,"G395H, ExoTiC-JEDI R400",2025MNRAS.540.2535A,45/60/44/21/WASP_94_A_b_3.11708_5700_4.tbl
V1298 Tau b,Transmission,Barat et al. 2025,,342,Near Infrared Spectrograph (NIRSpec),NASA 6.5m James Webb Space Telescope (JWST) Satellite Mission,2.7062,5.1465,,,"G395H, Eureka! pipeline",2025AJ....170..165B,08/70/19/18/V1298_Tau_b_3.12385_5719_1.tbl
TOI-1685 b,Transmission,Luque et al. 2025,,26,Near Infrared Spectrograph (NIRSpec) - G395H,NASA 6.5m James Webb Space Telescope (JWST) Satellite Mission,2.8605,3.6985,,,"Table 7, Eureka! reduction, NRS1",2025AJ....170...49L,08/92/33/83/TOI_1685_b_3.12738_5741_1.tbl
TOI-1685 b,Transmission,Luque et al. 2025,,26,Near Infrared Spectrograph (NIRSpec) - G395H,NASA 6.5m James Webb Space Telescope (JWST) Satellite Mission,2.8605,3.6985,,,"Table 7, Tiberius reduction, NRS1",2025AJ....170...49L,55/77/22/55/TOI_1685_b_3.12738_5741_2.tbl
TOI-1685 b,Transmission,Luque et al. 2025,,26,Near Infrared Spectrograph (NIRSpec) - G395H,NASA 6.5m James Webb Space Telescope (JWST) Satellite Mission,2.8605,3.6985,,,"Table 7, ExoTOC-JEDI reduction, NRS1",2025AJ....170...49L,20/00/35/87/TOI_1685_b_3.12738_5741_3.tbl
TOI-1685 b,Transmission,Luque et al. 2025,,40,Near Infrared Spectrograph (NIRSpec) - G395H,NASA 6.5m James Webb Space Telescope (JWST) Satellite Mission,3.84,5.155,,,"Table 8, Eureka! reduction, NRS2",2025AJ....170...49L,40/08/93/14/TOI_1685_b_3.12738_5741_4.tbl
TOI-1685 b,Transmission,Luque et al. 2025,,40,Near Infrared Spectrograph (NIRSpec) - G395H,NASA 6.5m James Webb Space Telescope (JWST) Satellite Mission,3.84,5.155,,,"Table 8, Tiberius reduction, NRS2",2025AJ....170...49L,73/33/08/62/TOI_1685_b_3.12738_5741_5.tbl
TOI-1685 b,Transmission,Luque et al. 2025,,40,Near Infrared Spectrograph (NIRSpec) - G395H,NASA 6.5m James Webb Space Telescope (JWST) Satellite Mission,3.84,5.155,,,"Table 8, ExoTIC-JEDI reduction, NRS2",2025AJ....170...49L,36/72/72/31/TOI_1685_b_3.12738_5741_6.tbl
TOI-1685 b,Eclipse,Luque et al. 2025,,10,Near Infrared Spectrograph (NIRSpec) - G395H,NASA 6.5m James Webb Space Telescope (JWST) Satellite Mission,2.931,5.037,,,"Table 3, Prayer bead-Low-resolution emission spectrum (Combined)",2025AJ....170...49L,45/16/02/56/TOI_1685_b_3.12738_5741_7.tbl
TRAPPIST-1 e,Transmission,Espinoza et al. 2025,,67,Near Infrared Spectrograph (NIRSpec) - PRISM,NASA 6.5m James Webb Space Telescope (JWST) Satellite Mission,0.6292,5.2084,2460118.45984,2460118.45984,"Figure 2, Visit 1",2025ApJ...990L..52E,88/64/06/06/TRAPPIST_1_e_3.11990_5756_1.tbl
TRAPPIST-1 e,Transmission,Espinoza et al. 2025,,67,Near Infrared Spectrograph (NIRSpec) - PRISM,NASA 6.5m James Webb Space Telescope (JWST) Satellite Mission,0.6292,5.2084,2460124.55897,2460124.55897,"Figure 2, Visit 2",2025ApJ...990L..52E,40/38/07/00/TRAPPIST_1_e_3.11990_5756_2.tbl
TRAPPIST-1 e,Transmission,Espinoza et al. 2025,,67,Near Infrared Spectrograph (NIRSpec) - PRISM,NASA 6.5m James Webb Space Telescope (JWST) Satellite Mission,0.6292,5.2084,2460148.95626,2460148.95626,"Figure 2, Visit 3",2025ApJ...990L..52E,52/45/05/46/TRAPPIST_1_e_3.11990_5756_3.tbl
TRAPPIST-1 e,Transmission,Espinoza et al. 2025,,67,Near Infrared Spectrograph (NIRSpec) - PRISM,NASA 6.5m James Webb Space Telescope (JWST) Satellite Mission,0.6292,5.2084,2460246.53929,2460246.53929,"Figure 2, Visit 4",2025ApJ...990L..52E,73/78/08/08/TRAPPIST_1_e_3.11990_5756_4.tbl
K2-22 b,Transmission,Tusay et al. 2025,,17,Mid-Infrared Instrument (MIRI) - LRS,NASA 6.5m James Webb Space Telescope (JWST) Satellite Mission,4.5243,11.5988,,,"Infrared Spectrum, Binned, R17",2025ApJ...987L...6T,36/61/78/72/K2_22_b_3.11807_5742_1.tbl
K2-22 b,Transmission,Tusay et al. 2025,,1,Teledyne e2v CCD detector,CHaracterising ExOPlanet Satellite (CHEOPS),0.715,0.715,,,Optical Spectrum,2025ApJ...987L...6T,44/43/64/21/K2_22_b_3.11807_5742_2.tbl
K2-22 b,Transmission,Tusay et al. 2025,,230,Mid-Infrared Instrument (MIRI) - LRS,NASA 6.5m James Webb Space Telescope (JWST) Satellite Mission,4.3912,11.8458,,,"Infrared Spectrum, Unbinned",2025ApJ...987L...6T,03/00/05/87/K2_22_b_3.11807_5742_3.tbl
WASP-127 b,Transmission,Fu et al. 2025,,57,Near Infrared Spectrograph (NIRSpec) - G395H,NASA 6.5m James Webb Space Telescope (JWST) Satellite Mission,2.7242,5.0998,,,Figure 1,2025ApJ...986....1F,08/18/05/32/WASP_127_b_3.11973_5758_1.tbl
HD 3167 c,Transmission,Mikal-Evans et al. 2021,,28,Wide Field Camera 3,Hubble Space Telescope satellite,1.134,1.634,,,"Table 2, G141",2021AJ....161...18M,55/77/84/88/HD_3167_c_3.11925_5760_1.tbl
HD 3167 c,Transmission,Mikal-Evans et al. 2021,,1,Kepler CCD Array,The Kepler Mission,0.55,0.55,,,Table 2,2021AJ....161...18M,94/13/83/23/HD_3167_c_3.11925_5760_2.tbl
HD 3167 c,Transmission,Mikal-Evans et al. 2021,,1,Infrared Array Camera (IRAC),Spitzer Space Telescope satellite,4.5,4.5,,,Table 2,2021AJ....161...18M,16/21/21/12/HD_3167_c_3.11925_5760_3.tbl
TRAPPIST-1 g,Transmission,Wakeford et al. 2019,,12,Wide Field Camera 3,Hubble Space Telescope satellite,1.1375,1.635,,,"Table 2, Joint Fit",2019AJ....157...11W,14/62/04/70/TRAPPIST_1_g_3.11992_4232_1.tbl
HAT-P-26 b,Transmission,Gressier et al. 2025,,229,Near Infrared Spectrograph (NIRSpec) - G395H,NASA 6.5m James Webb Space Telescope (JWST) Satellite Mission,2.7774,5.1474,2460110.810782,2460110.810782,"Figure 2, transitspectroscopy pipeline, R~400",2025AJ....170..292G,64/44/24/58/HAT_P_26_b_3.11010_5775_1.tbl
HAT-P-26 b,Transmission,Gressier et al. 2025,,214,Near Infrared Spectrograph (NIRSpec) - G395H,NASA 6.5m James Webb Space Telescope (JWST) Satellite Mission,2.8746,5.1213,,,"Figure 2, ExoTiC-JEDI pipeline, R~400",2025AJ....170..292G,32/61/94/78/HAT_P_26_b_3.11010_5775_2.tbl
TOI-270 b,Transmission,Coulombe et al. 2025,,113,Near Infrared Spectrograph (NIRSpec) - G395H,NASA 6.5m James Webb Space Telescope (JWST) Satellite Mission,2.8697,5.1439,2460222.240084,2460222.240084,"Figure 11, Eureka! pipeline",2025AJ....170..226C,78/79/77/21/TOI_270_b_3.12404_5776_1.tbl
TOI-270 b,Transmission,Coulombe et al. 2025,,113,Near Infrared Spectrograph (NIRSpec) - G395H,NASA 6.5m James Webb Space Telescope (JWST) Satellite Mission,2.8697,5.1394,2460222.240084,2460222.240084,"Figure 11, exoTEDRF pipeline",2025AJ....170..226C,78/62/01/43/TOI_270_b_3.12404_5776_2.tbl
TOI-270 b,Transmission,Coulombe et al. 2025,,113,Near Infrared Spectrograph (NIRSpec) - G395H,NASA 6.5m James Webb Space Telescope (JWST) Satellite Mission,2.8699,5.1439,2460222.240084,2460222.240084,"Figure 11, Tiberius pipeline",2025AJ....170..226C,94/31/16/94/TOI_270_b_3.12404_5776_3.tbl
KELT-7 b,Transmission,Gasc&oacute;n et al. 2025,,57,Wide Field Camera 3,Hubble Space Telescope satellite,0.206,0.766,2459943.24192,2459943.24192,"UVIS G280; Lluvia Reduction, combined spectrum",2025AJ....170..178G,07/25/65/89/KELT_7_b_3.11769_5759_1.tbl
KELT-7 b,Transmission,Ahrer et al. 2025,,61,Near Infrared Spectrograph (NIRSpec) - G395H,NASA 6.5m James Webb Space Telescope (JWST) Satellite Mission,2.7765,5.1797,2460364.395921,2460364.395942,"NRS1 and NRS2 combined, R=100, Eureka! pipeline",2025MNRAS.543.2442A,40/42/81/69/KELT_7_b_3.11769_5798_1.tbl
KELT-7 b,Transmission,Ahrer et al. 2025,,241,Near Infrared Spectrograph (NIRSpec) - G395H,NASA 6.5m James Webb Space Telescope (JWST) Satellite Mission,2.7662,5.1661,2460364.395921,2460364.395942,"NRS1 & NRS2 combined, R=400, Eureka! pipeline",2025MNRAS.543.2442A,19/81/77/29/KELT_7_b_3.11769_5798_3.tbl
KELT-7 b,Transmission,Ahrer et al. 2025,,61,Near Infrared Spectrograph (NIRSpec) - G395H,NASA 6.5m James Webb Space Telescope (JWST) Satellite Mission,2.7765,5.1785,2460364.395937,2460364.395944,"NRS1 & NRS2 combined, R=100, Tiberius pipeline",2025MNRAS.543.2442A,47/56/45/69/KELT_7_b_3.11769_5798_5.tbl
KELT-7 b,Transmission,Ahrer et al. 2025,,241,Near Infrared Spectrograph (NIRSpec) - G395H,NASA 6.5m James Webb Space Telescope (JWST) Satellite Mission,2.752,5.1649,2460364.395937,2460364.395944,"NRS1 & NRS2 combined, R=400, Tiberius pipeline",2025MNRAS.543.2442A,70/97/44/67/KELT_7_b_3.11769_5798_7.tbl
TOI-421 b,Transmission,Davenport et al. 2025,,39,Near Infrared Imager and Slitless Spectrograph (NIRISS),NASA 6.5m James Webb Space Telescope (JWST) Satellite Mission,0.8927,2.7386,2460254.24,2460254.24,exoTEDRF reduction,2025ApJ...984L..44D,28/96/83/52/TOI_421_b_3.12609_5799_1.tbl
TOI-421 b,Transmission,Davenport et al. 2025,,32,Near Infrared Spectrograph (NIRSpec),NASA 6.5m James Webb Space Telescope (JWST) Satellite Mission,2.7519,5.0844,2460197.5737,2460197.5737,"G395M, Deming reduction",2025ApJ...984L..44D,56/43/30/37/TOI_421_b_3.12609_5799_2.tbl
TOI-421 b,Transmission,Davenport et al. 2025,,39,Near Infrared Imager and Slitless Spectrograph (NIRISS),NASA 6.5m James Webb Space Telescope (JWST) Satellite Mission,0.9111,2.7586,2460255.2401,2460255.2401,Fu reduction,2025ApJ...984L..44D,90/00/53/85/TOI_421_b_3.12609_5799_3.tbl
TOI-270 d,Transmission,Felix et al. 2025,,2037,Near Infrared Imager and Slitless Spectrograph (NIRISS),NASA 6.5m James Webb Space Telescope (JWST) Satellite Mission,0.8513,2.8266,2460221.3017,2460221.3017,Native Resolution,2025A&A...701A.296F,86/01/55/03/TOI_270_d_3.12406_5800_1.tbl
TOI-270 d,Transmission,Felix et al. 2025,,3474,Near Infrared Spectrograph (NIRSpec) - G395H,NASA 6.5m James Webb Space Telescope (JWST) Satellite Mission,2.742,5.1707,2460346.478015,2460346.478015,"NRS1 & NRS2 combined, Native Resolution",2025A&A...701A.296F,66/97/58/60/TOI_270_d_3.12406_5800_2.tbl
GJ 357 b,Transmission,Adams Redai et al. 2025,,53,Near Infrared Spectrograph (NIRSpec) - G395H,NASA 6.5m James Webb Space Telescope (JWST) Satellite Mission,2.883,5.0628,2460282.8413,2460282.8413,"NRS1 & NRS2 combined, Tiberius reduction",2025AJ....170..219A,19/10/27/13/GJ_357_b_3.12407_5801_1.tbl
GJ 357 b,Transmission,Adams Redai et al. 2025,,53,Near Infrared Spectrograph (NIRSpec) - G395H,NASA 6.5m James Webb Space Telescope (JWST) Satellite Mission,2.883,5.0625,2460282.8413,2460282.8413,Eureka! reduction,2025AJ....170..219A,60/14/60/24/GJ_357_b_3.12407_5801_2.tbl
HD 80606 b,Eclipse,Sikora et al. 2025,,24,Near Infrared Spectrograph (NIRSpec) - G395H,NASA 6.5m James Webb Space Telescope (JWST) Satellite Mission,2.7993,5.1739,2459884.767361,2459884.767361,"Figure 16, eclipse phase, Eureka! reduction",2025AJ....170..105S,29/55/77/54/HD_80606_b_3.11343_5802_1.tbl
TrES-2 b,Eclipse,ODonovan et al. 2010,,4,Infrared Array Camera (IRAC),Spitzer Space Telescope satellite,3.6,8.0,2454070.04805,2454324.522,Values from abstract,2010ApJ...710.1551O,79/35/62/78/TrES_2_b_3.237_4084_1.tbl
WASP-80 b,Transmission,Sedaghati et al. 2017,,23,FORS2,European Southern Observatory (ESO) 8.2m Very Large Telescope (VLT) Antu (UT1) at Paranal Observatory,0.753,0.973,,,Table 3,2017MNRAS.468.3123S,80/52/77/34/WASP_80_b_3.11585_4291_1.tbl
WASP-63 b,Transmission,Kilpatrick et al. 2018,,15,WFC3,Hubble Space Telescope satellite,1.1425,1.6325,,,"G141 grism, Table 2, BMK solution",2018AJ....156..103K,28/36/16/03/WASP_63_b_3.11545_4290_1.tbl
WASP-63 b,Transmission,Kilpatrick et al. 2018,,15,WFC3,Hubble Space Telescope satellite,1.1425,1.6325,,,"G141 grism, Table 2, KBS solution",2018AJ....156..103K,38/96/99/12/WASP_63_b_3.11545_4290_2.tbl
WASP-63 b,Transmission,Kilpatrick et al. 2018,,16,WFC3,Hubble Space Telescope satellite,1.1352,1.6224,,,"G141 grism, Table 2, HRW solution",2018AJ....156..103K,90/69/46/35/WASP_63_b_3.11545_4290_3.tbl
TOI-561 b,Eclipse,Teske et al. 2025,,7,Near Infrared Spectrograph (NIRSpec) - G395H,NASA 6.5m James Webb Space Telescope (JWST) Satellite Mission,3.005,4.908,2460431.969444,2460431.969444,"Table 1, Eureka! pipeline",2025ApJ...995L..39T,60/10/93/98/TOI_561_b_3.12643_5839_1.tbl
TOI-561 b,Eclipse,Teske et al. 2025,,7,Near Infrared Spectrograph (NIRSpec) - G395H,NASA 6.5m James Webb Space Telescope (JWST) Satellite Mission,3.005,4.908,2460431.969444,2460431.969444,"Table 1, ExoTIC JEDI 1 pipeline",2025ApJ...995L..39T,12/39/39/69/TOI_561_b_3.12643_5839_2.tbl
TOI-561 b,Eclipse,Teske et al. 2025,,7,Near Infrared Spectrograph (NIRSpec) - G395H,NASA 6.5m James Webb Space Telescope (JWST) Satellite Mission,3.005,4.908,2460431.969444,2460431.969444,"Table 1, ExoTIC JEDI 2 pipeline",2025ApJ...995L..39T,06/73/86/40/TOI_561_b_3.12643_5839_3.tbl
TRAPPIST-1 d,Transmission,Piaulet-Ghorayeb et al. 2025,,24,Near Infrared Spectrograph (NIRSpec) - PRISM,NASA 6.5m James Webb Space Telescope (JWST) Satellite Mission,0.696,4.978,2459889.26447,2459889.26447,"Table B2, Visit 1",2025ApJ...989..181P,99/33/69/46/TRAPPIST_1_d_3.11878_5840_1.tbl
TRAPPIST-1 d,Transmission,Piaulet-Ghorayeb et al. 2025,,24,Near Infrared Spectrograph (NIRSpec) - PRISM,NASA 6.5m James Webb Space Telescope (JWST) Satellite Mission,0.696,4.978,2459893.31397,2459893.31397,"Table B2, Visit 2",2025ApJ...989..181P,52/97/56/47/TRAPPIST_1_d_3.11878_5840_2.tbl
HAT-P-12 b,Transmission,Crouzet et al. 2025,,117,Near Infrared Spectrograph (NIRSpec),NASA 6.5m James Webb Space Telescope (JWST) Satellite Mission,2.85,5.17,2459987.425609,2459987.425609,"Table B.1, TEATRO reduction",2025A&A...703A.264C,38/03/46/77/HAT_P_12_b_3.10993_5841_1.tbl
HAT-P-12 b,Transmission,Crouzet et al. 2025,,117,Near Infrared Spectrograph (NIRSpec),NASA 6.5m James Webb Space Telescope (JWST) Satellite Mission,2.85,5.17,2459987.425609,2459987.425609,"Table B.1, CASCADe reduction",2025A&A...703A.264C,47/79/23/85/HAT_P_12_b_3.10993_5841_2.tbl
HD 143811 AB b,Direct Imaging,Jones et al. 2025,,34,Gemini Planet Imager (GPI),Association of Universities for Research in Astronomy (AURA) 8.1m Gemini South Telescope at Cerro Pachon,1.51,1.773,2457508.5,2457508.5,"Figure 3, Table B1",2025ApJ...995L..41J,63/22/60/66/HD_143811_b_3.20499_5857_1.tbl
LTT 3780 b,Eclipse,Allen et al. 2025,,1,Mid-Infrared Instrument (MIRI),NASA 6.5m James Webb Space Telescope (JWST) Satellite Mission,15.0,15.0,2460435.5,2460435.5,"Table 2, F1500W, Transitspectroscopy Reduction, Observation 14",2025AJ....170..240A,68/35/19/29/LTT_3780_b_3.12528_5859_1.tbl
LTT 3780 b,Eclipse,Allen et al. 2025,,1,Mid-Infrared Instrument (MIRI),NASA 6.5m James Webb Space Telescope (JWST) Satellite Mission,15.0,15.0,2460434.5,2460434.5,"Table 2, F1500W, Transitspectroscopy Reduction, Observation 15",2025AJ....170..240A,05/44/59/67/LTT_3780_b_3.12528_5859_2.tbl
LTT 3780 b,Eclipse,Allen et al. 2025,,1,Mid-Infrared Instrument (MIRI),NASA 6.5m James Webb Space Telescope (JWST) Satellite Mission,15.0,15.0,,,"Table 2, F1500W, Transitspectroscopy Reduction, Joint Fit",2025AJ....170..240A,51/42/72/33/LTT_3780_b_3.12528_5859_3.tbl
LTT 3780 b,Eclipse,Allen et al. 2025,,1,Mid-Infrared Instrument (MIRI),NASA 6.5m James Webb Space Telescope (JWST) Satellite Mission,15.0,15.0,2460435.5,2460435.5,"Table 2, F1500W, Alternate Reduction, Observation 14",2025AJ....170..240A,15/68/87/52/LTT_3780_b_3.12528_5859_4.tbl
LTT 3780 b,Eclipse,Allen et al. 2025,,1,Mid-Infrared Instrument (MIRI),NASA 6.5m James Webb Space Telescope (JWST) Satellite Mission,15.0,15.0,2460434.5,2460434.5,"Table 2, F1500W, Alternate Reduction, Observation 15",2025AJ....170..240A,91/41/38/37/LTT_3780_b_3.12528_5859_5.tbl
LTT 3780 b,Eclipse,Allen et al. 2025,,1,Mid-Infrared Instrument (MIRI),NASA 6.5m James Webb Space Telescope (JWST) Satellite Mission,15.0,15.0,,,"Table 2, F1500W, Alternate Reduction, Joint Fit",2025AJ....170..240A,32/74/22/35/LTT_3780_b_3.12528_5859_6.tbl
GJ 1132 b,Transmission,Bennett et al. 2025,,62,Near Infrared Spectrograph (NIRSpec) - G395H,NASA 6.5m James Webb Space Telescope (JWST) Satellite Mission,2.7653,5.1613,2460000.97654,2460000.97654,"R~100, FIREFLy Reduction, Visit 1, Figure 3",2025AJ....170..205B,32/06/67/57/GJ_1132_b_3.11819_5867_1.tbl
GJ 1132 b,Transmission,Bennett et al. 2025,,62,Near Infrared Spectrograph (NIRSpec) - G395H,NASA 6.5m James Webb Space Telescope (JWST) Satellite Mission,2.7653,5.1613,2460009.12115,2460009.12115,"R~100, FIREFLy Reduction, Visit 2, Figure 3",2025AJ....170..205B,33/56/32/59/GJ_1132_b_3.11819_5867_2.tbl
GJ 1132 b,Transmission,Bennett et al. 2025,,64,Near Infrared Spectrograph (NIRSpec) - G395M,NASA 6.5m James Webb Space Telescope (JWST) Satellite Mission,2.7651,5.1636,2460349.56744,2460349.56744,"R~100, FIREFLy Reduction, Visit 3, Figure 3",2025AJ....170..205B,14/19/75/68/GJ_1132_b_3.11819_5867_3.tbl
GJ 1132 b,Transmission,Bennett et al. 2025,,64,Near Infrared Spectrograph (NIRSpec) - G395M,NASA 6.5m James Webb Space Telescope (JWST) Satellite Mission,2.7651,5.1636,2460466.85035,2460466.85035,"R~100, FIREFLy Reduction, Visit 4, Figure 3",2025AJ....170..205B,03/69/88/69/GJ_1132_b_3.11819_5867_4.tbl
GJ 1132 b,Transmission,Bennett et al. 2025,,54,Near Infrared Spectrograph (NIRSpec) - G395H,NASA 6.5m James Webb Space Telescope (JWST) Satellite Mission,2.9344,5.1214,2460000.97653,2460000.97653,"R~100, ExoTiC-JEDI Reduction, Visit 1",2025AJ....170..205B,88/29/98/81/GJ_1132_b_3.11819_5867_5.tbl
GJ 1132 b,Transmission,Bennett et al. 2025,,54,Near Infrared Spectrograph (NIRSpec) - G395H,NASA 6.5m James Webb Space Telescope (JWST) Satellite Mission,2.9344,5.1214,2460009.12115,2460009.12115,"R~100, ExoTiC-JEDI Reduction, Visit 2",2025AJ....170..205B,61/44/75/29/GJ_1132_b_3.11819_5867_6.tbl
GJ 1132 b,Transmission,Bennett et al. 2025,,58,Near Infrared Spectrograph (NIRSpec) - G395M,NASA 6.5m James Webb Space Telescope (JWST) Satellite Mission,2.9343,5.1636,2460349.56746,2460349.56746,"R~100, ExoTiC-JEDI Reduction, Visit 3",2025AJ....170..205B,09/87/92/88/GJ_1132_b_3.11819_5867_7.tbl
GJ 1132 b,Transmission,Bennett et al. 2025,,58,Near Infrared Spectrograph (NIRSpec) - G395M,NASA 6.5m James Webb Space Telescope (JWST) Satellite Mission,2.9343,5.1636,2460466.85036,2460466.85036,"R~100, ExoTiC-JEDI Reduction, Visit 4",2025AJ....170..205B,57/71/72/21/GJ_1132_b_3.11819_5867_8.tbl
GJ 1132 b,Transmission,Bennett et al. 2025,,62,Near Infrared Spectrograph (NIRSpec) - G395H,NASA 6.5m James Webb Space Telescope (JWST) Satellite Mission,2.7653,5.1613,2460000.97652,2460000.97652,"R~100, Eureka! Reduction, Visit 1",2025AJ....170..205B,68/40/55/76/GJ_1132_b_3.11819_5867_9.tbl
GJ 1132 b,Transmission,Bennett et al. 2025,,62,Near Infrared Spectrograph (NIRSpec) - G395H,NASA 6.5m James Webb Space Telescope (JWST) Satellite Mission,2.7653,5.1613,,,"R~100, Eureka! Reduction, Visit 2",2025AJ....170..205B,38/73/52/92/GJ_1132_b_3.11819_5867_10.tbl
GJ 1132 b,Transmission,Bennett et al. 2025,,64,Near Infrared Spectrograph (NIRSpec) - G395M,NASA 6.5m James Webb Space Telescope (JWST) Satellite Mission,2.7651,5.1636,,,"R~100, Eureka! Reduction, Visit 3",2025AJ....170..205B,18/14/03/61/GJ_1132_b_3.11819_5867_11.tbl
GJ 1132 b,Transmission,Bennett et al. 2025,,64,Near Infrared Spectrograph (NIRSpec) - G395M,NASA 6.5m James Webb Space Telescope (JWST) Satellite Mission,2.7651,5.1636,,,"R~100, Eureka! Reduction, Visit 4",2025AJ....170..205B,61/42/94/90/GJ_1132_b_3.11819_5867_12.tbl
GJ 1132 b,Transmission,Bennett et al. 2025,,64,Near Infrared Spectrograph (NIRSpec),NASA 6.5m James Webb Space Telescope (JWST) Satellite Mission,2.7651,5.1636,,,"R~100, Figure 4, FIREFLy weighted mean",2025AJ....170..205B,13/50/40/04/GJ_1132_b_3.11819_5867_13.tbl
GJ 1132 b,Transmission,Bennett et al. 2025,,58,Near Infrared Spectrograph (NIRSpec),NASA 6.5m James Webb Space Telescope (JWST) Satellite Mission,2.9343,5.1636,,,"R~100, Figure 4, ExoTiC-JEDI weighted mean",2025AJ....170..205B,48/44/25/55/GJ_1132_b_3.11819_5867_14.tbl
GJ 1132 b,Transmission,Bennett et al. 2025,,64,Near Infrared Spectrograph (NIRSpec),NASA 6.5m James Webb Space Telescope (JWST) Satellite Mission,2.7651,5.1636,,,"R~100, Figure 4, Eureka! weighted mean",2025AJ....170..205B,91/40/56/31/GJ_1132_b_3.11819_5867_15.tbl
PSR J2322-2650 b,Direct Imaging,Zhang et al. 2025,,3127,Near Infrared Spectrograph (NIRSpec) - G235H,NASA 6.5m James Webb Space Telescope (JWST) Satellite Mission,1.7012,3.0408,,,Planet spectrum not spatially resolved from host star; Figure 2,2025ApJ...995L..64Z,53/68/26/70/PSR_J2322_2650_b_3.12100_5868_1.tbl
PSR J2322-2650 b,Direct Imaging,Zhang et al. 2025,,392,Near Infrared Spectrograph (NIRSpec) - PRISM,NASA 6.5m James Webb Space Telescope (JWST) Satellite Mission,0.6068,5.2872,,,"Planet spectrum not spatially resolved from host star; Dayside, Figure 2",2025ApJ...995L..64Z,18/49/97/48/PSR_J2322_2650_b_3.12100_5868_2.tbl
PSR J2322-2650 b,Direct Imaging,Zhang et al. 2025,,392,Near Infrared Spectrograph (NIRSpec) - PRISM,NASA 6.5m James Webb Space Telescope (JWST) Satellite Mission,0.6068,5.2872,,,"Planet spectrum not spatially resolved from host star; Nightside, Figure 2",2025ApJ...995L..64Z,82/60/54/09/PSR_J2322_2650_b_3.12100_5868_3.tbl
PSR J2322-2650 b,Direct Imaging,Zhang et al. 2025,,392,Near Infrared Spectrograph (NIRSpec) - PRISM,NASA 6.5m James Webb Space Telescope (JWST) Satellite Mission,0.6068,5.2872,,,"Planet spectrum not spatially resolved from host star; Quad, Figure 2",2025ApJ...995L..64Z,01/37/08/18/PSR_J2322_2650_b_3.12100_5868_4.tbl
CoRoT-1 b,Eclipse,Deming et al. 2023,,1,Infrared Array Camera (IRAC),Spitzer Space Telescope satellite,3.6,3.6,2455162.312441,2455162.312441,"AOR = 36786176, date is start time.",2023AJ....165..104D,78/18/29/10/CoRoT_1_b_3.10951_5869_1.tbl
CoRoT-1 b,Eclipse,Deming et al. 2023,,1,Infrared Array Camera (IRAC),Spitzer Space Telescope satellite,4.5,4.5,2455159.295752,2455159.295752,"AOR = 36785920, date is start time.",2023AJ....165..104D,27/60/34/54/CoRoT_1_b_3.10951_5869_2.tbl
CoRoT-2 b,Eclipse,Deming et al. 2023,,1,Infrared Array Camera (IRAC),Spitzer Space Telescope satellite,3.6,3.6,2455160.598468,2455160.598468,"AOR = 31774976, date is start time.",2023AJ....165..104D,55/38/92/60/CoRoT_2_b_3.10954_5869_3.tbl
CoRoT-2 b,Eclipse,Deming et al. 2023,,1,Infrared Array Camera (IRAC),Spitzer Space Telescope satellite,4.5,4.5,2454771.949828,2454771.949828,"AOR = 28640000, date is start time.",2023AJ....165..104D,71/97/73/26/CoRoT_2_b_3.10954_5869_4.tbl
CoRoT-2 b,Eclipse,Deming et al. 2023,,1,Infrared Array Camera (IRAC),Spitzer Space Telescope satellite,4.5,4.5,2457393.23955,2457393.23955,"AOR = 57958144, date is start time.",2023AJ....165..104D,17/00/09/42/CoRoT_2_b_3.10954_5869_5.tbl
CoRoT-2 b,Eclipse,Deming et al. 2023,,1,Infrared Array Camera (IRAC),Spitzer Space Telescope satellite,4.5,4.5,2457391.616556,2457391.616556,"AOR = 57958656, date is start time.",2023AJ....165..104D,15/97/69/56/CoRoT_2_b_3.10954_5869_6.tbl
HAT-P-1 b,Eclipse,Deming et al. 2023,,1,Infrared Array Camera (IRAC),Spitzer Space Telescope satellite,3.6,3.6,,,AOR = 2474547.,2023AJ....165..104D,58/48/82/06/HAT_P_1_b_3.11003_5869_7.tbl
HAT-P-1 b,Eclipse,Deming et al. 2023,,1,Infrared Array Camera (IRAC),Spitzer Space Telescope satellite,4.5,4.5,2454098.472506,2454098.472506,"AOR = 21060608, date is start time.",2023AJ....165..104D,35/63/75/64/HAT_P_1_b_3.11003_5869_8.tbl
HAT-P-2 b,Eclipse,Deming et al. 2023,,1,Infrared Array Camera (IRAC),Spitzer Space Telescope satellite,3.6,3.6,2455284.314919,2455284.314919,"AOR = 39135232, date is start time.",2023AJ....165..104D,46/27/34/21/HAT_P_2_b_3.11014_5869_9.tbl
HAT-P-2 b,Eclipse,Deming et al. 2023,,1,Infrared Array Camera (IRAC),Spitzer Space Telescope satellite,3.6,3.6,2455289.478687,2455289.478687,"AOR = 39136768, date is start time.",2023AJ....165..104D,80/86/85/94/HAT_P_2_b_3.11014_5869_10.tbl
HAT-P-2 b,Eclipse,Deming et al. 2023,,1,Infrared Array Camera (IRAC),Spitzer Space Telescope satellite,3.6,3.6,2456444.946287,2456444.946287,"AOR = 46480384, date is start time.",2023AJ....165..104D,19/28/53/32/HAT_P_2_b_3.11014_5869_11.tbl
HAT-P-2 b,Eclipse,Deming et al. 2023,,1,Infrared Array Camera (IRAC),Spitzer Space Telescope satellite,3.6,3.6,2456512.541729,2456512.541729,"AOR = 46481408, date is start time.",2023AJ....165..104D,39/63/19/79/HAT_P_2_b_3.11014_5869_12.tbl
HAT-P-2 b,Eclipse,Deming et al. 2023,,1,Infrared Array Camera (IRAC),Spitzer Space Telescope satellite,4.5,4.5,2456596.992441,2456596.992441,"AOR = 46473216, date is start time.",2023AJ....165..104D,03/18/93/39/HAT_P_2_b_3.11014_5869_13.tbl
HAT-P-2 b,Eclipse,Deming et al. 2023,,1,Infrared Array Camera (IRAC),Spitzer Space Telescope satellite,4.5,4.5,2456585.739871,2456585.739871,"AOR = 46473472, date is start time.",2023AJ....165..104D,44/62/86/15/HAT_P_2_b_3.11014_5869_14.tbl
HAT-P-2 b,Eclipse,Deming et al. 2023,,1,Infrared Array Camera (IRAC),Spitzer Space Telescope satellite,4.5,4.5,2456580.097991,2456580.097991,"AOR = 46473728, date is start time.",2023AJ....165..104D,36/90/31/35/HAT_P_2_b_3.11014_5869_15.tbl
HAT-P-2 b,Eclipse,Deming et al. 2023,,1,Infrared Array Camera (IRAC),Spitzer Space Telescope satellite,4.5,4.5,2456557.558926,2456557.558926,"AOR = 46474496, date is start time.",2023AJ....165..104D,43/38/51/21/HAT_P_2_b_3.11014_5869_16.tbl
HAT-P-2 b,Eclipse,Deming et al. 2023,,1,Infrared Array Camera (IRAC),Spitzer Space Telescope satellite,4.5,4.5,2456551.924766,2456551.924766,"AOR = 46474752, date is start time.",2023AJ....165..104D,88/76/32/38/HAT_P_2_b_3.11014_5869_17.tbl
HAT-P-2 b,Eclipse,Deming et al. 2023,,1,Infrared Array Camera (IRAC),Spitzer Space Telescope satellite,4.5,4.5,2456535.038508,2456535.038508,"AOR = 46475008, date is start time.",2023AJ....165..104D,50/73/53/73/HAT_P_2_b_3.11014_5869_18.tbl
HAT-P-2 b,Eclipse,Deming et al. 2023,,1,Infrared Array Camera (IRAC),Spitzer Space Telescope satellite,4.5,4.5,2456529.393262,2456529.393262,"AOR = 46475264, date is start time.",2023AJ....165..104D,59/20/74/43/HAT_P_2_b_3.11014_5869_19.tbl
HAT-P-2 b,Eclipse,Deming et al. 2023,,1,Infrared Array Camera (IRAC),Spitzer Space Telescope satellite,4.5,4.5,2456495.596831,2456495.596831,"AOR = 46475520, date is start time.",2023AJ....165..104D,12/36/86/22/HAT_P_2_b_3.11014_5869_20.tbl
HAT-P-2 b,Eclipse,Deming et al. 2023,,1,Infrared Array Camera (IRAC),Spitzer Space Telescope satellite,4.5,4.5,2456489.973543,2456489.973543,"AOR = 46475776, date is start time.",2023AJ....165..104D,49/37/85/33/HAT_P_2_b_3.11014_5869_21.tbl
HAT-P-2 b,Eclipse,Deming et al. 2023,,1,Infrared Array Camera (IRAC),Spitzer Space Telescope satellite,4.5,4.5,2456427.996997,2456427.996997,"AOR = 46476032, date is start time.",2023AJ....165..104D,03/51/52/46/HAT_P_2_b_3.11014_5869_22.tbl
HAT-P-2 b,Eclipse,Deming et al. 2023,,1,Infrared Array Camera (IRAC),Spitzer Space Telescope satellite,4.5,4.5,2456422.370268,2456422.370268,"AOR = 46476288, date is start time.",2023AJ....165..104D,16/53/41/20/HAT_P_2_b_3.11014_5869_23.tbl
HAT-P-2 b,Eclipse,Deming et al. 2023,,1,Infrared Array Camera (IRAC),Spitzer Space Telescope satellite,4.5,4.5,2456394.196315,2456394.196315,"AOR = 46476544, date is start time.",2023AJ....165..104D,12/27/10/49/HAT_P_2_b_3.11014_5869_24.tbl
HAT-P-2 b,Eclipse,Deming et al. 2023,,1,Infrared Array Camera (IRAC),Spitzer Space Telescope satellite,4.5,4.5,2457351.934764,2457351.934764,"AOR = 57787392, date is start time.",2023AJ....165..104D,75/21/09/24/HAT_P_2_b_3.11014_5869_25.tbl
HAT-P-2 b,Eclipse,Deming et al. 2023,,1,Infrared Array Camera (IRAC),Spitzer Space Telescope satellite,4.5,4.5,2457346.295042,2457346.295042,"AOR = 57787648, date is start time.",2023AJ....165..104D,42/96/19/47/HAT_P_2_b_3.11014_5869_26.tbl
HAT-P-3 b,Eclipse,Deming et al. 2023,,1,Infrared Array Camera (IRAC),Spitzer Space Telescope satellite,3.6,3.6,2455272.907168,2455272.907168,"AOR = 31755008, date is start time.",2023AJ....165..104D,04/41/60/45/HAT_P_3_b_3.11023_5869_27.tbl
HAT-P-3 b,Eclipse,Deming et al. 2023,,1,Infrared Array Camera (IRAC),Spitzer Space Telescope satellite,4.5,4.5,2455275.7946,2455275.7946,"AOR = 31749376, date is start time.",2023AJ....165..104D,59/51/58/36/HAT_P_3_b_3.11023_5869_28.tbl
HAT-P-4 b,Eclipse,Deming et al. 2023,,1,Infrared Array Camera (IRAC),Spitzer Space Telescope satellite,3.6,3.6,2455298.889715,2455298.889715,"AOR = 31756288, date is start time.",2023AJ....165..104D,98/79/58/24/HAT_P_4_b_3.11024_5869_29.tbl
HAT-P-4 b,Eclipse,Deming et al. 2023,,1,Infrared Array Camera (IRAC),Spitzer Space Telescope satellite,4.5,4.5,2455442.575514,2455442.575514,"AOR = 31749888, date is start time.",2023AJ....165..104D,34/45/41/06/HAT_P_4_b_3.11024_5869_30.tbl
HAT-P-5 b,Eclipse,Deming et al. 2023,,1,Infrared Array Camera (IRAC),Spitzer Space Telescope satellite,3.6,3.6,2455121.638873,2455121.638873,"AOR = 31757056, date is start time.",2023AJ....165..104D,47/49/90/40/HAT_P_5_b_3.11025_5869_31.tbl
HAT-P-5 b,Eclipse,Deming et al. 2023,,1,Infrared Array Camera (IRAC),Spitzer Space Telescope satellite,4.5,4.5,2455124.4259,2455124.4259,"AOR = 31751424, date is start time.",2023AJ....165..104D,93/77/57/66/HAT_P_5_b_3.11025_5869_32.tbl
HAT-P-6 b,Eclipse,Deming et al. 2023,,1,Infrared Array Camera (IRAC),Spitzer Space Telescope satellite,3.6,3.6,2455451.764501,2455451.764501,"AOR = 31758592, date is start time.",2023AJ....165..104D,46/15/11/26/HAT_P_6_b_3.11026_5869_33.tbl
HAT-P-6 b,Eclipse,Deming et al. 2023,,1,Infrared Array Camera (IRAC),Spitzer Space Telescope satellite,4.5,4.5,2455459.46789,2455459.46789,"AOR = 31751680, date is start time.",2023AJ....165..104D,35/58/22/85/HAT_P_6_b_3.11026_5869_34.tbl
HAT-P-7 b,Eclipse,Deming et al. 2023,,1,Infrared Array Camera (IRAC),Spitzer Space Telescope satellite,3.6,3.6,2454768.175661,2454768.175661,"AOR = 28579072, date is start time.",2023AJ....165..104D,75/10/29/56/HAT_P_7_b_3.8_5869_35.tbl
HAT-P-7 b,Eclipse,Deming et al. 2023,,1,Infrared Array Camera (IRAC),Spitzer Space Telescope satellite,3.6,3.6,2455418.519316,2455418.519316,"AOR = 40247296, date is start time.",2023AJ....165..104D,78/76/08/56/HAT_P_7_b_3.8_5869_36.tbl
HAT-P-7 b,Eclipse,Deming et al. 2023,,1,Infrared Array Camera (IRAC),Spitzer Space Telescope satellite,3.6,3.6,2455420.517614,2455420.517614,"AOR = 40247808, date is start time.",2023AJ....165..104D,35/55/74/33/HAT_P_7_b_3.8_5869_37.tbl
HAT-P-7 b,Eclipse,Deming et al. 2023,,1,Infrared Array Camera (IRAC),Spitzer Space Telescope satellite,4.5,4.5,2454770.376276,2454770.376276,"AOR = 28566784, date is start time.",2023AJ....165..104D,62/49/53/13/HAT_P_7_b_3.8_5869_38.tbl
HAT-P-7 b,Eclipse,Deming et al. 2023,,1,Infrared Array Camera (IRAC),Spitzer Space Telescope satellite,4.5,4.5,2455429.532646,2455429.532646,"AOR = 40268288, date is start time.",2023AJ....165..104D,90/27/83/78/HAT_P_7_b_3.8_5869_39.tbl
HAT-P-7 b,Eclipse,Deming et al. 2023,,1,Infrared Array Camera (IRAC),Spitzer Space Telescope satellite,4.5,4.5,2455431.530948,2455431.530948,"AOR = 40268800, date is start time.",2023AJ....165..104D,27/51/24/85/HAT_P_7_b_3.8_5869_40.tbl
HAT-P-8 b,Eclipse,Deming et al. 2023,,1,Infrared Array Camera (IRAC),Spitzer Space Telescope satellite,3.6,3.6,2455211.512588,2455211.512588,"AOR = 36787456, date is start time.",2023AJ....165..104D,84/14/84/49/HAT_P_8_b_3.11027_5869_41.tbl
HAT-P-8 b,Eclipse,Deming et al. 2023,,1,Infrared Array Camera (IRAC),Spitzer Space Telescope satellite,4.5,4.5,2455208.441582,2455208.441582,"AOR = 36785664, date is start time.",2023AJ....165..104D,60/21/26/78/HAT_P_8_b_3.11027_5869_42.tbl
HAT-P-12 b,Eclipse,Deming et al. 2023,,1,Infrared Array Camera (IRAC),Spitzer Space Telescope satellite,3.6,3.6,2456763.313462,2456763.313462,"AOR = 50672128, date is start time.",2023AJ....165..104D,00/53/85/30/HAT_P_12_b_3.10993_5869_43.tbl
HAT-P-12 b,Eclipse,Deming et al. 2023,,1,Infrared Array Camera (IRAC),Spitzer Space Telescope satellite,4.5,4.5,2455282.006271,2455282.006271,"AOR = 36783360, date is start time.",2023AJ....165..104D,38/74/49/49/HAT_P_12_b_3.10993_5869_44.tbl
HAT-P-12 b,Eclipse,Deming et al. 2023,,1,Infrared Array Camera (IRAC),Spitzer Space Telescope satellite,4.5,4.5,2456785.79991,2456785.79991,"AOR = 50682624, date is start time.",2023AJ....165..104D,13/70/32/37/HAT_P_12_b_3.10993_5869_45.tbl
HAT-P-13 b,Eclipse,Deming et al. 2023,,1,Infrared Array Camera (IRAC),Spitzer Space Telescope satellite,3.6,3.6,2455326.784504,2455326.784504,"AOR = 38808320, date is start time.",2023AJ....165..104D,98/54/55/27/HAT_P_13_b_3.10994_5869_46.tbl
HAT-P-13 b,Eclipse,Deming et al. 2023,,1,Infrared Array Camera (IRAC),Spitzer Space Telescope satellite,4.5,4.5,2455355.9556,2455355.9556,"AOR = 38808832, date is start time.",2023AJ....165..104D,31/03/59/63/HAT_P_13_b_3.10994_5869_47.tbl
HAT-P-15 b,Eclipse,Deming et al. 2023,,1,Infrared Array Camera (IRAC),Spitzer Space Telescope satellite,3.6,3.6,2456056.189473,2456056.189473,"AOR = 42618368, date is start time.",2023AJ....165..104D,04/08/97/22/HAT_P_15_b_3.10997_5869_48.tbl
HAT-P-15 b,Eclipse,Deming et al. 2023,,1,Infrared Array Camera (IRAC),Spitzer Space Telescope satellite,4.5,4.5,2456251.765022,2456251.765022,"AOR = 42618112, date is start time.",2023AJ....165..104D,70/99/20/91/HAT_P_15_b_3.10997_5869_49.tbl
HAT-P-16 b,Eclipse,Deming et al. 2023,,1,Infrared Array Camera (IRAC),Spitzer Space Telescope satellite,3.6,3.6,2455600.921443,2455600.921443,"AOR = 40849152, date is start time.",2023AJ....165..104D,89/68/11/97/HAT_P_16_b_3.10998_5869_50.tbl
HAT-P-16 b,Eclipse,Deming et al. 2023,,1,Infrared Array Camera (IRAC),Spitzer Space Telescope satellite,4.5,4.5,2455606.467668,2455606.467668,"AOR = 40848640, date is start time.",2023AJ....165..104D,44/81/21/72/HAT_P_16_b_3.10998_5869_51.tbl
HAT-P-17 b,Eclipse,Deming et al. 2023,,1,Infrared Array Camera (IRAC),Spitzer Space Telescope satellite,3.6,3.6,2456169.044693,2456169.044693,"AOR = 42622208, date is start time.",2023AJ....165..104D,74/22/40/66/HAT_P_17_b_3.10999_5869_52.tbl
HAT-P-17 b,Eclipse,Deming et al. 2023,,1,Infrared Array Camera (IRAC),Spitzer Space Telescope satellite,3.6,3.6,2455951.975948,2455951.975948,"AOR = 42625536, date is start time.",2023AJ....165..104D,21/18/45/86/HAT_P_17_b_3.10999_5869_53.tbl
HAT-P-17 b,Eclipse,Deming et al. 2023,,1,Infrared Array Camera (IRAC),Spitzer Space Telescope satellite,3.6,3.6,2456903.096772,2456903.096772,"AOR = 50673664, date is start time.",2023AJ....165..104D,10/09/23/78/HAT_P_17_b_3.10999_5869_54.tbl
HAT-P-17 b,Eclipse,Deming et al. 2023,,1,Infrared Array Camera (IRAC),Spitzer Space Telescope satellite,4.5,4.5,2456179.38023,2456179.38023,"AOR = 42621696, date is start time.",2023AJ....165..104D,06/45/61/73/HAT_P_17_b_3.10999_5869_55.tbl
HAT-P-17 b,Eclipse,Deming et al. 2023,,1,Infrared Array Camera (IRAC),Spitzer Space Telescope satellite,4.5,4.5,2455962.303006,2455962.303006,"AOR = 42625280, date is start time.",2023AJ....165..104D,96/49/89/88/HAT_P_17_b_3.10999_5869_56.tbl
HAT-P-17 b,Eclipse,Deming et al. 2023,,1,Infrared Array Camera (IRAC),Spitzer Space Telescope satellite,4.5,4.5,2456923.75706,2456923.75706,"AOR = 50684160, date is start time.",2023AJ....165..104D,95/20/98/22/HAT_P_17_b_3.10999_5869_57.tbl
HAT-P-18 b,Eclipse,Deming et al. 2023,,1,Infrared Array Camera (IRAC),Spitzer Space Telescope satellite,3.6,3.6,2456067.208016,2456067.208016,"AOR = 42622976, date is start time.",2023AJ....165..104D,00/77/25/26/HAT_P_18_b_3.11001_5869_58.tbl
HAT-P-18 b,Eclipse,Deming et al. 2023,,1,Infrared Array Camera (IRAC),Spitzer Space Telescope satellite,3.6,3.6,2456799.937574,2456799.937574,"AOR = 50670080, date is start time.",2023AJ....165..104D,13/85/78/35/HAT_P_18_b_3.11001_5869_59.tbl
HAT-P-18 b,Eclipse,Deming et al. 2023,,1,Infrared Array Camera (IRAC),Spitzer Space Telescope satellite,4.5,4.5,2455802.775822,2455802.775822,"AOR = 42622464, date is start time.",2023AJ....165..104D,80/00/45/27/HAT_P_18_b_3.11001_5869_60.tbl
HAT-P-18 b,Eclipse,Deming et al. 2023,,1,Infrared Array Camera (IRAC),Spitzer Space Telescope satellite,4.5,4.5,2456810.957789,2456810.957789,"AOR = 50680576, date is start time.",2023AJ....165..104D,65/64/26/70/HAT_P_18_b_3.11001_5869_61.tbl
HAT-P-19 b,Eclipse,Deming et al. 2023,,1,Infrared Array Camera (IRAC),Spitzer Space Telescope satellite,3.6,3.6,2455999.605177,2455999.605177,"AOR = 42624512, date is start time.",2023AJ....165..104D,41/07/23/20/HAT_P_19_b_3.11002_5869_62.tbl
HAT-P-19 b,Eclipse,Deming et al. 2023,,1,Infrared Array Camera (IRAC),Spitzer Space Telescope satellite,3.6,3.6,2456933.722874,2456933.722874,"AOR = 50665984, date is start time.",2023AJ....165..104D,95/87/45/82/HAT_P_19_b_3.11002_5869_63.tbl
HAT-P-19 b,Eclipse,Deming et al. 2023,,1,Infrared Array Camera (IRAC),Spitzer Space Telescope satellite,3.6,3.6,2456933.722874,2456933.722874,"AOR = 50665984, date is start time.",2023AJ....165..104D,36/88/01/18/HAT_P_19_b_3.11002_5869_64.tbl
HAT-P-19 b,Eclipse,Deming et al. 2023,,1,Infrared Array Camera (IRAC),Spitzer Space Telescope satellite,4.5,4.5,2455815.20628,2455815.20628,"AOR = 42624000, date is start time.",2023AJ....165..104D,04/73/80/64/HAT_P_19_b_3.11002_5869_65.tbl
HAT-P-19 b,Eclipse,Deming et al. 2023,,1,Infrared Array Camera (IRAC),Spitzer Space Telescope satellite,4.5,4.5,2456929.714876,2456929.714876,"AOR = 50674688, date is start time.",2023AJ....165..104D,64/40/84/14/HAT_P_19_b_3.11002_5869_66.tbl
HAT-P-20 b,Eclipse,Deming et al. 2023,,1,Infrared Array Camera (IRAC),Spitzer Space Telescope satellite,3.6,3.6,2456062.99426,2456062.99426,"AOR = 42619648, date is start time.",2023AJ....165..104D,27/76/18/48/HAT_P_20_b_3.11004_5869_67.tbl
HAT-P-20 b,Eclipse,Deming et al. 2023,,1,Infrared Array Camera (IRAC),Spitzer Space Telescope satellite,3.6,3.6,2456810.664994,2456810.664994,"AOR = 50669568, date is start time.",2023AJ....165..104D,00/02/56/98/HAT_P_20_b_3.11004_5869_68.tbl
HAT-P-20 b,Eclipse,Deming et al. 2023,,1,Infrared Array Camera (IRAC),Spitzer Space Telescope satellite,4.5,4.5,2456086.009661,2456086.009661,"AOR = 42618880, date is start time.",2023AJ....165..104D,95/86/54/99/HAT_P_20_b_3.11004_5869_69.tbl
HAT-P-20 b,Eclipse,Deming et al. 2023,,1,Infrared Array Camera (IRAC),Spitzer Space Telescope satellite,4.5,4.5,2456816.402122,2456816.402122,"AOR = 50680064, date is start time.",2023AJ....165..104D,98/62/11/31/HAT_P_20_b_3.11004_5869_70.tbl
HAT-P-22 b,Eclipse,Deming et al. 2023,,1,Infrared Array Camera (IRAC),Spitzer Space Telescope satellite,3.6,3.6,2456486.698884,2456486.698884,"AOR = 48693504, date is start time.",2023AJ....165..104D,19/81/73/52/HAT_P_22_b_3.11006_5869_71.tbl
HAT-P-22 b,Eclipse,Deming et al. 2023,,1,Infrared Array Camera (IRAC),Spitzer Space Telescope satellite,3.6,3.6,2456711.601163,2456711.601163,"AOR = 49227264, date is start time.",2023AJ....165..104D,47/17/12/48/HAT_P_22_b_3.11006_5869_72.tbl
HAT-P-22 b,Eclipse,Deming et al. 2023,,1,Infrared Array Camera (IRAC),Spitzer Space Telescope satellite,4.5,4.5,2456081.970965,2456081.970965,"AOR = 45674752, date is start time.",2023AJ....165..104D,79/80/06/57/HAT_P_22_b_3.11006_5869_73.tbl
HAT-P-23 b,Eclipse,Deming et al. 2023,,1,Infrared Array Camera (IRAC),Spitzer Space Telescope satellite,3.6,3.6,2455896.070708,2455896.070708,"AOR = 42619904, date is start time.",2023AJ....165..104D,29/13/36/42/HAT_P_23_b_3.11007_5869_74.tbl
HAT-P-23 b,Eclipse,Deming et al. 2023,,1,Infrared Array Camera (IRAC),Spitzer Space Telescope satellite,3.6,3.6,2457763.639581,2457763.639581,"AOR = 61518592, date is start time.",2023AJ....165..104D,24/08/48/85/HAT_P_23_b_3.11007_5869_75.tbl
HD 209458 b,Eclipse,Deming et al. 2023,,1,Infrared Array Camera (IRAC),Spitzer Space Telescope satellite,4.5,4.5,2456913.708999,2456913.708999,"AOR = 50489856, date is start time.",2023AJ....165..104D,40/36/30/67/HD_209458_b_3.11218_5869_140.tbl
HD 209458 b,Eclipse,Deming et al. 2023,,1,Infrared Array Camera (IRAC),Spitzer Space Telescope satellite,4.5,4.5,2456896.09276,2456896.09276,"AOR = 50490112, date is start time.",2023AJ....165..104D,16/52/75/14/HD_209458_b_3.11218_5869_141.tbl
HD 209458 b,Eclipse,Deming et al. 2023,,1,Infrared Array Camera (IRAC),Spitzer Space Telescope satellite,4.5,4.5,2456889.040972,2456889.040972,"AOR = 50490368, date is start time.",2023AJ....165..104D,70/29/23/84/HD_209458_b_3.11218_5869_142.tbl
HD 209458 b,Eclipse,Deming et al. 2023,,1,Infrared Array Camera (IRAC),Spitzer Space Telescope satellite,4.5,4.5,2456691.700951,2456691.700951,"AOR = 50490624, date is start time.",2023AJ....165..104D,16/16/98/79/HD_209458_b_3.11218_5869_143.tbl
HD 209458 b,Eclipse,Deming et al. 2023,,1,Infrared Array Camera (IRAC),Spitzer Space Telescope satellite,4.5,4.5,2456684.659051,2456684.659051,"AOR = 50490880, date is start time.",2023AJ....165..104D,89/74/85/29/HD_209458_b_3.11218_5869_144.tbl
HD 80606 b,Eclipse,Deming et al. 2023,,1,Infrared Array Camera (IRAC),Spitzer Space Telescope satellite,3.6,3.6,,,AOR = 45675088.,2023AJ....165..104D,55/25/84/74/HD_80606_b_3.11343_5869_145.tbl
HD 80606 b,Eclipse,Deming et al. 2023,,1,Infrared Array Camera (IRAC),Spitzer Space Telescope satellite,4.5,4.5,2455204.765513,2455204.765513,"AOR = 38700544, date is start time.",2023AJ....165..104D,40/28/89/25/HD_80606_b_3.11343_5869_146.tbl
KELT-1 b,Eclipse,Deming et al. 2023,,1,Infrared Array Camera (IRAC),Spitzer Space Telescope satellite,3.6,3.6,2456181.565486,2456181.565486,"AOR = 45833472, date is start time.",2023AJ....165..104D,46/75/57/18/KELT_1_b_3.11521_5869_147.tbl
KELT-1 b,Eclipse,Deming et al. 2023,,1,Infrared Array Camera (IRAC),Spitzer Space Telescope satellite,3.6,3.6,2457307.570912,2457307.570912,"AOR = 53076736, date is start time.",2023AJ....165..104D,84/47/86/81/KELT_1_b_3.11521_5869_148.tbl
KELT-1 b,Eclipse,Deming et al. 2023,,1,Infrared Array Camera (IRAC),Spitzer Space Telescope satellite,3.6,3.6,2457306.568105,2457306.568105,"AOR = 57840896, date is start time.",2023AJ....165..104D,70/17/61/15/KELT_1_b_3.11521_5869_149.tbl
KELT-1 b,Eclipse,Deming et al. 2023,,1,Infrared Array Camera (IRAC),Spitzer Space Telescope satellite,4.5,4.5,2456182.772242,2456182.772242,"AOR = 45833728, date is start time.",2023AJ....165..104D,51/45/96/44/KELT_1_b_3.11521_5869_150.tbl
KELT-1 b,Eclipse,Deming et al. 2023,,1,Infrared Array Camera (IRAC),Spitzer Space Telescope satellite,4.5,4.5,2457314.872949,2457314.872949,"AOR = 53077504, date is start time.",2023AJ....165..104D,19/28/12/54/KELT_1_b_3.11521_5869_151.tbl
KELT-1 b,Eclipse,Deming et al. 2023,,1,Infrared Array Camera (IRAC),Spitzer Space Telescope satellite,4.5,4.5,2457313.870337,2457313.870337,"AOR = 57840640, date is start time.",2023AJ....165..104D,01/41/86/22/KELT_1_b_3.11521_5869_152.tbl
KELT-2 A b,Eclipse,Deming et al. 2023,,1,Infrared Array Camera (IRAC),Spitzer Space Telescope satellite,3.6,3.6,2457009.255251,2457009.255251,"AOR = 51835136, date is start time.",2023AJ....165..104D,09/70/79/02/KELT_2_A_b_3.11522_5869_153.tbl
KELT-2 A b,Eclipse,Deming et al. 2023,,1,Infrared Array Camera (IRAC),Spitzer Space Telescope satellite,4.5,4.5,2457017.472304,2457017.472304,"AOR = 51833600, date is start time.",2023AJ....165..104D,78/09/20/46/KELT_2_A_b_3.11522_5869_154.tbl
KELT-3 b,Eclipse,Deming et al. 2023,,1,Infrared Array Camera (IRAC),Spitzer Space Telescope satellite,3.6,3.6,2457060.362148,2457060.362148,"AOR = 51815936, date is start time.",2023AJ....165..104D,05/33/74/77/KELT_3_b_3.11599_5869_155.tbl
KELT-3 b,Eclipse,Deming et al. 2023,,1,Infrared Array Camera (IRAC),Spitzer Space Telescope satellite,4.5,4.5,2457057.665759,2457057.665759,"AOR = 51842048, date is start time.",2023AJ....165..104D,22/13/31/60/KELT_3_b_3.11599_5869_156.tbl
KELT-7 b,Eclipse,Deming et al. 2023,,1,Infrared Array Camera (IRAC),Spitzer Space Telescope satellite,3.6,3.6,2457737.755545,2457737.755545,"AOR = 62154496, date is start time.",2023AJ....165..104D,57/51/35/05/KELT_7_b_3.11769_5869_157.tbl
KELT-7 b,Eclipse,Deming et al. 2023,,1,Infrared Array Camera (IRAC),Spitzer Space Telescope satellite,4.5,4.5,2457754.172515,2457754.172515,"AOR = 62155520, date is start time.",2023AJ....165..104D,75/57/67/34/KELT_7_b_3.11769_5869_158.tbl
KELT-7 b,Eclipse,Deming et al. 2023,,1,Infrared Array Camera (IRAC),Spitzer Space Telescope satellite,4.5,4.5,2458497.421131,2458497.421131,"AOR = 67663104, date is start time.",2023AJ....165..104D,07/02/87/85/KELT_7_b_3.11769_5869_159.tbl
KELT-7 b,Eclipse,Deming et al. 2023,,1,Infrared Array Camera (IRAC),Spitzer Space Telescope satellite,4.5,4.5,2458495.356477,2458495.356477,"AOR = 67664384, date is start time.",2023AJ....165..104D,23/25/34/35/KELT_7_b_3.11769_5869_160.tbl
KELT-9 b,Eclipse,Deming et al. 2023,,1,Infrared Array Camera (IRAC),Spitzer Space Telescope satellite,4.5,4.5,2458415.721674,2458415.721674,"AOR = 67667712, date is start time.",2023AJ....165..104D,10/89/05/68/KELT_9_b_3.12026_5869_161.tbl
KELT-9 b,Eclipse,Deming et al. 2023,,1,Infrared Array Camera (IRAC),Spitzer Space Telescope satellite,4.5,4.5,2458414.726868,2458414.726868,"AOR = 67667968, date is start time.",2023AJ....165..104D,06/98/89/85/KELT_9_b_3.12026_5869_162.tbl
KELT-11 b,Eclipse,Deming et al. 2023,,1,Infrared Array Camera (IRAC),Spitzer Space Telescope satellite,4.5,4.5,2458219.882482,2458219.882482,"AOR = 64919296, date is start time.",2023AJ....165..104D,22/79/54/93/KELT_11_b_3.12023_5869_163.tbl
KELT-16 b,Eclipse,Deming et al. 2023,,1,Infrared Array Camera (IRAC),Spitzer Space Telescope satellite,4.5,4.5,2458396.148608,2458396.148608,"AOR = 67668480, date is start time.",2023AJ....165..104D,41/49/88/05/KELT_16_b_3.11989_5869_164.tbl
KELT-16 b,Eclipse,Deming et al. 2023,,1,Infrared Array Camera (IRAC),Spitzer Space Telescope satellite,4.5,4.5,2458395.150011,2458395.150011,"AOR = 67669248, date is start time.",2023AJ....165..104D,19/58/78/17/KELT_16_b_3.11989_5869_165.tbl
KELT-20 b,Eclipse,Deming et al. 2023,,1,Infrared Array Camera (IRAC),Spitzer Space Telescope satellite,4.5,4.5,2458536.763395,2458536.763395,"AOR = 68701952, date is start time.",2023AJ....165..104D,20/06/99/22/KELT_20_b_3.12080_5869_166.tbl
KELT-20 b,Eclipse,Deming et al. 2023,,1,Infrared Array Camera (IRAC),Spitzer Space Telescope satellite,4.5,4.5,2458540.213447,2458540.213447,"AOR = 68704000, date is start time.",2023AJ....165..104D,29/18/20/73/KELT_20_b_3.12080_5869_167.tbl
Kepler-5 b,Eclipse,Deming et al. 2023,,1,Infrared Array Camera (IRAC),Spitzer Space Telescope satellite,3.6,3.6,2455202.64205,2455202.64205,"AOR = 38405632, date is start time.",2023AJ....165..104D,41/58/31/67/Kepler_05_b_3.4_5869_168.tbl
Kepler-5 b,Eclipse,Deming et al. 2023,,1,Infrared Array Camera (IRAC),Spitzer Space Telescope satellite,3.6,3.6,2455195.545027,2455195.545027,"AOR = 38406144, date is start time.",2023AJ....165..104D,14/83/29/64/Kepler_05_b_3.4_5869_169.tbl
Kepler-5 b,Eclipse,Deming et al. 2023,,1,Infrared Array Camera (IRAC),Spitzer Space Telescope satellite,4.5,4.5,2455209.720744,2455209.720744,"AOR = 38404608, date is start time.",2023AJ....165..104D,63/01/14/80/Kepler_05_b_3.4_5869_170.tbl
HAT-P-23 b,Eclipse,Deming et al. 2023,,1,Infrared Array Camera (IRAC),Spitzer Space Telescope satellite,3.6,3.6,2457762.756736,2457762.756736,"AOR = 61519104, date is start time.",2023AJ....165..104D,22/45/63/50/HAT_P_23_b_3.11007_5869_76.tbl
HAT-P-23 b,Eclipse,Deming et al. 2023,,1,Infrared Array Camera (IRAC),Spitzer Space Telescope satellite,4.5,4.5,2455897.28583,2455897.28583,"AOR = 42619392, date is start time.",2023AJ....165..104D,48/59/81/08/HAT_P_23_b_3.11007_5869_77.tbl
HAT-P-23 b,Eclipse,Deming et al. 2023,,1,Infrared Array Camera (IRAC),Spitzer Space Telescope satellite,4.5,4.5,2457767.283265,2457767.283265,"AOR = 61517312, date is start time.",2023AJ....165..104D,81/10/67/16/HAT_P_23_b_3.11007_5869_78.tbl
HAT-P-23 b,Eclipse,Deming et al. 2023,,1,Infrared Array Camera (IRAC),Spitzer Space Telescope satellite,4.5,4.5,2457766.400524,2457766.400524,"AOR = 61517824, date is start time.",2023AJ....165..104D,90/04/92/85/HAT_P_23_b_3.11007_5869_79.tbl
HAT-P-30 b,Eclipse,Deming et al. 2023,,1,Infrared Array Camera (IRAC),Spitzer Space Telescope satellite,3.6,3.6,2455930.219668,2455930.219668,"AOR = 42612736, date is start time.",2023AJ....165..104D,29/93/05/25/HAT_P_30_b_3.11015_5869_80.tbl
HAT-P-30 b,Eclipse,Deming et al. 2023,,1,Infrared Array Camera (IRAC),Spitzer Space Telescope satellite,3.6,3.6,2455930.219668,2455930.219668,"AOR = 42612736, date is start time.",2023AJ....165..104D,07/68/55/41/HAT_P_30_b_3.11015_5869_81.tbl
HAT-P-30 b,Eclipse,Deming et al. 2023,,1,Infrared Array Camera (IRAC),Spitzer Space Telescope satellite,4.5,4.5,2455944.279325,2455944.279325,"AOR = 42613504, date is start time.",2023AJ....165..104D,16/71/94/15/HAT_P_30_b_3.11015_5869_82.tbl
HAT-P-30 b,Eclipse,Deming et al. 2023,,1,Infrared Array Camera (IRAC),Spitzer Space Telescope satellite,4.5,4.5,2455944.279325,2455944.279325,"AOR = 42613504, date is start time.",2023AJ....165..104D,91/41/09/50/HAT_P_30_b_3.11015_5869_83.tbl
HAT-P-32 b,Eclipse,Deming et al. 2023,,1,Infrared Array Camera (IRAC),Spitzer Space Telescope satellite,3.6,3.6,2455855.647625,2455855.647625,"AOR = 42806016, date is start time.",2023AJ....165..104D,14/88/29/56/HAT_P_32_b_3.11017_5869_84.tbl
HAT-P-32 b,Eclipse,Deming et al. 2023,,1,Infrared Array Camera (IRAC),Spitzer Space Telescope satellite,4.5,4.5,2455864.262499,2455864.262499,"AOR = 44605440, date is start time.",2023AJ....165..104D,92/70/56/59/HAT_P_32_b_3.11017_5869_85.tbl
HAT-P-33 b,Eclipse,Deming et al. 2023,,1,Infrared Array Camera (IRAC),Spitzer Space Telescope satellite,3.6,3.6,2457784.57288,2457784.57288,"AOR = 62151424, date is start time.",2023AJ....165..104D,39/64/11/14/HAT_P_33_b_3.11018_5869_86.tbl
HAT-P-33 b,Eclipse,Deming et al. 2023,,1,Infrared Array Camera (IRAC),Spitzer Space Telescope satellite,4.5,4.5,2457027.016636,2457027.016636,"AOR = 51838720, date is start time.",2023AJ....165..104D,12/80/51/38/HAT_P_33_b_3.11018_5869_87.tbl
HAT-P-34 b,Eclipse,Deming et al. 2023,,1,Infrared Array Camera (IRAC),Spitzer Space Telescope satellite,4.5,4.5,2457027.894706,2457027.894706,"AOR = 51823104, date is start time.",2023AJ....165..104D,16/76/89/01/HAT_P_34_b_3.11019_5869_88.tbl
HAT-P-38 b,Eclipse,Deming et al. 2023,,1,Infrared Array Camera (IRAC),Spitzer Space Telescope satellite,3.6,3.6,2457489.703628,2457489.703628,"AOR = 58238976, date is start time.",2023AJ....165..104D,44/49/28/84/HAT_P_38_b_3.11548_5869_89.tbl
HAT-P-38 b,Eclipse,Deming et al. 2023,,1,Infrared Array Camera (IRAC),Spitzer Space Telescope satellite,3.6,3.6,2457517.535088,2457517.535088,"AOR = 58241024, date is start time.",2023AJ....165..104D,24/52/54/90/HAT_P_38_b_3.11548_5869_90.tbl
HAT-P-38 b,Eclipse,Deming et al. 2023,,1,Infrared Array Camera (IRAC),Spitzer Space Telescope satellite,4.5,4.5,2457498.975548,2457498.975548,"AOR = 58238464, date is start time.",2023AJ....165..104D,86/04/54/22/HAT_P_38_b_3.11548_5869_91.tbl
HAT-P-38 b,Eclipse,Deming et al. 2023,,1,Infrared Array Camera (IRAC),Spitzer Space Telescope satellite,4.5,4.5,2457512.89774,2457512.89774,"AOR = 58241280, date is start time.",2023AJ....165..104D,44/45/87/30/HAT_P_38_b_3.11548_5869_92.tbl
HAT-P-40 b,Eclipse,Deming et al. 2023,,1,Infrared Array Camera (IRAC),Spitzer Space Telescope satellite,3.6,3.6,2457058.937937,2457058.937937,"AOR = 51832064, date is start time.",2023AJ....165..104D,69/33/40/24/HAT_P_40_b_3.11533_5869_93.tbl
HAT-P-40 b,Eclipse,Deming et al. 2023,,1,Infrared Array Camera (IRAC),Spitzer Space Telescope satellite,4.5,4.5,2457705.401139,2457705.401139,"AOR = 62151936, date is start time.",2023AJ....165..104D,37/53/74/04/HAT_P_40_b_3.11533_5869_94.tbl
HAT-P-41 b,Eclipse,Deming et al. 2023,,1,Infrared Array Camera (IRAC),Spitzer Space Telescope satellite,3.6,3.6,2457008.534731,2457008.534731,"AOR = 51840512, date is start time.",2023AJ....165..104D,54/56/26/85/HAT_P_41_b_3.11534_5869_95.tbl
HAT-P-41 b,Eclipse,Deming et al. 2023,,1,Infrared Array Camera (IRAC),Spitzer Space Telescope satellite,4.5,4.5,2457022.004118,2457022.004118,"AOR = 51838464, date is start time.",2023AJ....165..104D,58/05/48/21/HAT_P_41_b_3.11534_5869_96.tbl
HD 149026 b,Eclipse,Deming et al. 2023,,1,Infrared Array Camera (IRAC),Spitzer Space Telescope satellite,3.6,3.6,2454536.031797,2454536.031797,"AOR = 22377728, date is start time.",2023AJ....165..104D,85/06/19/82/HD_149026_b_3.11121_5869_97.tbl
HD 149026 b,Eclipse,Deming et al. 2023,,1,Infrared Array Camera (IRAC),Spitzer Space Telescope satellite,3.6,3.6,2455660.372499,2455660.372499,"AOR = 42018304, date is start time.",2023AJ....165..104D,17/38/40/83/HD_149026_b_3.11121_5869_98.tbl
HD 149026 b,Eclipse,Deming et al. 2023,,1,Infrared Array Camera (IRAC),Spitzer Space Telescope satellite,3.6,3.6,2455662.822382,2455662.822382,"AOR = 42019072, date is start time.",2023AJ....165..104D,84/94/06/28/HD_149026_b_3.11121_5869_99.tbl
HD 149026 b,Eclipse,Deming et al. 2023,,1,Infrared Array Camera (IRAC),Spitzer Space Telescope satellite,4.5,4.5,2454596.414139,2454596.414139,"AOR = 22378496, date is start time.",2023AJ....165..104D,46/95/24/62/HD_149026_b_3.11121_5869_100.tbl
HD 149026 b,Eclipse,Deming et al. 2023,,1,Infrared Array Camera (IRAC),Spitzer Space Telescope satellite,4.5,4.5,2455671.845622,2455671.845622,"AOR = 42019328, date is start time.",2023AJ....165..104D,10/77/90/55/HD_149026_b_3.11121_5869_101.tbl
HD 149026 b,Eclipse,Deming et al. 2023,,1,Infrared Array Camera (IRAC),Spitzer Space Telescope satellite,4.5,4.5,2455674.916234,2455674.916234,"AOR = 42020096, date is start time.",2023AJ....165..104D,53/49/83/62/HD_149026_b_3.11121_5869_102.tbl
HD 189733 b,Eclipse,Deming et al. 2023,,1,Infrared Array Camera (IRAC),Spitzer Space Telescope satellite,3.6,3.6,2455525.381912,2455525.381912,"AOR = 40150528, date is start time.",2023AJ....165..104D,43/11/71/69/HD_189733_b_3.11185_5869_103.tbl
HD 189733 b,Eclipse,Deming et al. 2023,,1,Infrared Array Camera (IRAC),Spitzer Space Telescope satellite,3.6,3.6,2455565.317984,2455565.317984,"AOR = 40151040, date is start time.",2023AJ....165..104D,41/43/70/34/HD_189733_b_3.11185_5869_104.tbl
HD 189733 b,Eclipse,Deming et al. 2023,,1,Infrared Array Camera (IRAC),Spitzer Space Telescope satellite,3.6,3.6,2455740.549955,2455740.549955,"AOR = 40152064, date is start time.",2023AJ....165..104D,35/79/50/87/HD_189733_b_3.11185_5869_105.tbl
HD 189733 b,Eclipse,Deming et al. 2023,,1,Infrared Array Camera (IRAC),Spitzer Space Telescope satellite,3.6,3.6,2455560.660301,2455560.660301,"AOR = 41591296, date is start time.",2023AJ....165..104D,61/08/88/55/HD_189733_b_3.11185_5869_106.tbl
HD 189733 b,Eclipse,Deming et al. 2023,,1,Infrared Array Camera (IRAC),Spitzer Space Telescope satellite,3.6,3.6,2455558.448141,2455558.448141,"AOR = 41592320, date is start time.",2023AJ....165..104D,77/01/12/04/HD_189733_b_3.11185_5869_107.tbl
HD 189733 b,Eclipse,Deming et al. 2023,,1,Infrared Array Camera (IRAC),Spitzer Space Telescope satellite,3.6,3.6,2456854.284705,2456854.284705,"AOR = 50493184, date is start time.",2023AJ....165..104D,47/60/19/34/HD_189733_b_3.11185_5869_108.tbl
HD 189733 b,Eclipse,Deming et al. 2023,,1,Infrared Array Camera (IRAC),Spitzer Space Telescope satellite,3.6,3.6,2456683.491175,2456683.491175,"AOR = 50493696, date is start time.",2023AJ....165..104D,66/84/34/62/HD_189733_b_3.11185_5869_109.tbl
HD 189733 b,Eclipse,Deming et al. 2023,,1,Infrared Array Camera (IRAC),Spitzer Space Telescope satellite,3.6,3.6,2456672.400995,2456672.400995,"AOR = 50494464, date is start time.",2023AJ....165..104D,87/40/57/26/HD_189733_b_3.11185_5869_110.tbl
HD 189733 b,Eclipse,Deming et al. 2023,,1,Infrared Array Camera (IRAC),Spitzer Space Telescope satellite,3.6,3.6,2456665.736016,2456665.736016,"AOR = 50495232, date is start time.",2023AJ....165..104D,40/00/92/04/HD_189733_b_3.11185_5869_111.tbl
HD 189733 b,Eclipse,Deming et al. 2023,,1,Infrared Array Camera (IRAC),Spitzer Space Telescope satellite,4.5,4.5,2455189.958351,2455189.958351,"AOR = 38390016, date is start time.",2023AJ....165..104D,50/31/24/57/HD_189733_b_3.11185_5869_112.tbl
HD 189733 b,Eclipse,Deming et al. 2023,,1,Infrared Array Camera (IRAC),Spitzer Space Telescope satellite,4.5,4.5,2455188.002318,2455188.002318,"AOR = 38390784, date is start time.",2023AJ....165..104D,18/08/00/47/HD_189733_b_3.11185_5869_113.tbl
HD 189733 b,Eclipse,Deming et al. 2023,,1,Infrared Array Camera (IRAC),Spitzer Space Telescope satellite,4.5,4.5,2456880.90792,2456880.90792,"AOR = 50488064, date is start time.",2023AJ....165..104D,99/70/57/43/HD_189733_b_3.11185_5869_114.tbl
HD 189733 b,Eclipse,Deming et al. 2023,,1,Infrared Array Camera (IRAC),Spitzer Space Telescope satellite,4.5,4.5,2456865.367498,2456865.367498,"AOR = 50488320, date is start time.",2023AJ....165..104D,81/81/69/72/HD_189733_b_3.11185_5869_115.tbl
HD 189733 b,Eclipse,Deming et al. 2023,,1,Infrared Array Camera (IRAC),Spitzer Space Telescope satellite,4.5,4.5,2456852.062798,2456852.062798,"AOR = 50488576, date is start time.",2023AJ....165..104D,79/84/87/58/HD_189733_b_3.11185_5869_116.tbl
HD 189733 b,Eclipse,Deming et al. 2023,,1,Infrared Array Camera (IRAC),Spitzer Space Telescope satellite,4.5,4.5,2456676.831926,2456676.831926,"AOR = 50488832, date is start time.",2023AJ....165..104D,59/39/82/33/HD_189733_b_3.11185_5869_117.tbl
HD 189733 b,Eclipse,Deming et al. 2023,,1,Infrared Array Camera (IRAC),Spitzer Space Telescope satellite,4.5,4.5,2456670.187189,2456670.187189,"AOR = 50489344, date is start time.",2023AJ....165..104D,11/73/64/95/HD_189733_b_3.11185_5869_118.tbl
HD 202772 A b,Eclipse,Deming et al. 2023,,1,Infrared Array Camera (IRAC),Spitzer Space Telescope satellite,3.6,3.6,2458545.514564,2458545.514564,"AOR = 68512256, date is start time.",2023AJ....165..104D,06/52/23/45/HD_202772_A_b_3.12294_5869_119.tbl
HD 202772 A b,Eclipse,Deming et al. 2023,,1,Infrared Array Camera (IRAC),Spitzer Space Telescope satellite,4.5,4.5,2458528.964765,2458528.964765,"AOR = 68511232, date is start time.",2023AJ....165..104D,46/59/93/83/HD_202772_A_b_3.12294_5869_120.tbl
HD 209458 b,Eclipse,Deming et al. 2023,,1,Infrared Array Camera (IRAC),Spitzer Space Telescope satellite,3.6,3.6,2455577.522706,2455577.522706,"AOR = 41628416, date is start time.",2023AJ....165..104D,93/63/25/76/HD_209458_b_3.11218_5869_121.tbl
HD 209458 b,Eclipse,Deming et al. 2023,,1,Infrared Array Camera (IRAC),Spitzer Space Telescope satellite,3.6,3.6,2455574.083233,2455574.083233,"AOR = 41629440, date is start time.",2023AJ....165..104D,64/69/37/78/HD_209458_b_3.11218_5869_122.tbl
HD 209458 b,Eclipse,Deming et al. 2023,,1,Infrared Array Camera (IRAC),Spitzer Space Telescope satellite,3.6,3.6,2456533.003611,2456533.003611,"AOR = 48013824, date is start time.",2023AJ....165..104D,89/62/34/11/HD_209458_b_3.11218_5869_123.tbl
HD 209458 b,Eclipse,Deming et al. 2023,,1,Infrared Array Camera (IRAC),Spitzer Space Telescope satellite,3.6,3.6,2457051.229528,2457051.229528,"AOR = 50492928, date is start time.",2023AJ....165..104D,77/57/03/78/HD_209458_b_3.11218_5869_124.tbl
HD 209458 b,Eclipse,Deming et al. 2023,,1,Infrared Array Camera (IRAC),Spitzer Space Telescope satellite,3.6,3.6,2457047.69518,2457047.69518,"AOR = 50493440, date is start time.",2023AJ....165..104D,10/83/49/82/HD_209458_b_3.11218_5869_125.tbl
HD 209458 b,Eclipse,Deming et al. 2023,,1,Infrared Array Camera (IRAC),Spitzer Space Telescope satellite,3.6,3.6,2456927.792686,2456927.792686,"AOR = 50494208, date is start time.",2023AJ....165..104D,07/16/05/85/HD_209458_b_3.11218_5869_126.tbl
HD 209458 b,Eclipse,Deming et al. 2023,,1,Infrared Array Camera (IRAC),Spitzer Space Telescope satellite,3.6,3.6,2456906.673497,2456906.673497,"AOR = 50494976, date is start time.",2023AJ....165..104D,55/55/62/62/HD_209458_b_3.11218_5869_127.tbl
HD 209458 b,Eclipse,Deming et al. 2023,,1,Infrared Array Camera (IRAC),Spitzer Space Telescope satellite,3.6,3.6,2456899.617206,2456899.617206,"AOR = 50495488, date is start time.",2023AJ....165..104D,61/07/97/88/HD_209458_b_3.11218_5869_128.tbl
HD 209458 b,Eclipse,Deming et al. 2023,,1,Infrared Array Camera (IRAC),Spitzer Space Telescope satellite,3.6,3.6,2456892.574666,2456892.574666,"AOR = 50495744, date is start time.",2023AJ....165..104D,06/09/82/39/HD_209458_b_3.11218_5869_129.tbl
HD 209458 b,Eclipse,Deming et al. 2023,,1,Infrared Array Camera (IRAC),Spitzer Space Telescope satellite,3.6,3.6,2456695.228535,2456695.228535,"AOR = 50496000, date is start time.",2023AJ....165..104D,20/19/25/88/HD_209458_b_3.11218_5869_130.tbl
HD 209458 b,Eclipse,Deming et al. 2023,,1,Infrared Array Camera (IRAC),Spitzer Space Telescope satellite,3.6,3.6,2456716.374058,2456716.374058,"AOR = 50496256, date is start time.",2023AJ....165..104D,74/24/11/65/HD_209458_b_3.11218_5869_131.tbl
HD 209458 b,Eclipse,Deming et al. 2023,,1,Infrared Array Camera (IRAC),Spitzer Space Telescope satellite,3.6,3.6,2456677.61412,2456677.61412,"AOR = 50496512, date is start time.",2023AJ....165..104D,99/93/44/71/HD_209458_b_3.11218_5869_132.tbl
HD 209458 b,Eclipse,Deming et al. 2023,,1,Infrared Array Camera (IRAC),Spitzer Space Telescope satellite,3.6,3.6,2456705.659095,2456705.659095,"AOR = 50799872, date is start time.",2023AJ....165..104D,11/51/00/28/HD_209458_b_3.11218_5869_133.tbl
HD 209458 b,Eclipse,Deming et al. 2023,,1,Infrared Array Camera (IRAC),Spitzer Space Telescope satellite,3.6,3.6,2456702.29159,2456702.29159,"AOR = 50800384, date is start time.",2023AJ....165..104D,47/44/13/68/HD_209458_b_3.11218_5869_134.tbl
HD 209458 b,Eclipse,Deming et al. 2023,,1,Infrared Array Camera (IRAC),Spitzer Space Telescope satellite,4.5,4.5,2455218.003888,2455218.003888,"AOR = 38703616, date is start time.",2023AJ....165..104D,68/71/04/56/HD_209458_b_3.11218_5869_135.tbl
HD 209458 b,Eclipse,Deming et al. 2023,,1,Infrared Array Camera (IRAC),Spitzer Space Telescope satellite,4.5,4.5,2455214.704787,2455214.704787,"AOR = 38703872, date is start time.",2023AJ....165..104D,02/63/34/09/HD_209458_b_3.11218_5869_136.tbl
HD 209458 b,Eclipse,Deming et al. 2023,,1,Infrared Array Camera (IRAC),Spitzer Space Telescope satellite,4.5,4.5,2455806.999547,2455806.999547,"AOR = 44201728, date is start time.",2023AJ....165..104D,91/24/36/00/HD_209458_b_3.11218_5869_137.tbl
HD 209458 b,Eclipse,Deming et al. 2023,,1,Infrared Array Camera (IRAC),Spitzer Space Telescope satellite,4.5,4.5,2456536.513821,2456536.513821,"AOR = 48014336, date is start time.",2023AJ....165..104D,09/01/69/48/HD_209458_b_3.11218_5869_138.tbl
HD 209458 b,Eclipse,Deming et al. 2023,,1,Infrared Array Camera (IRAC),Spitzer Space Telescope satellite,4.5,4.5,2456910.182855,2456910.182855,"AOR = 50489088, date is start time.",2023AJ....165..104D,85/50/31/10/HD_209458_b_3.11218_5869_139.tbl
Kepler-5 b,Eclipse,Deming et al. 2023,,1,Infrared Array Camera (IRAC),Spitzer Space Telescope satellite,4.5,4.5,2455199.093238,2455199.093238,"AOR = 38405120, date is start time.",2023AJ....165..104D,72/93/88/73/Kepler_05_b_3.4_5869_171.tbl
Kepler-6 b,Eclipse,Deming et al. 2023,,1,Infrared Array Camera (IRAC),Spitzer Space Telescope satellite,3.6,3.6,2455363.809026,2455363.809026,"AOR = 38405888, date is start time.",2023AJ....165..104D,97/96/55/75/Kepler_06_b_3.10_5869_172.tbl
Kepler-6 b,Eclipse,Deming et al. 2023,,1,Infrared Array Camera (IRAC),Spitzer Space Telescope satellite,3.6,3.6,2455192.407863,2455192.407863,"AOR = 38406400, date is start time.",2023AJ....165..104D,08/96/14/22/Kepler_06_b_3.10_5869_173.tbl
Kepler-6 b,Eclipse,Deming et al. 2023,,1,Infrared Array Camera (IRAC),Spitzer Space Telescope satellite,4.5,4.5,2455389.671566,2455389.671566,"AOR = 38404864, date is start time.",2023AJ....165..104D,69/47/49/53/Kepler_06_b_3.10_5869_174.tbl
Kepler-6 b,Eclipse,Deming et al. 2023,,1,Infrared Array Camera (IRAC),Spitzer Space Telescope satellite,4.5,4.5,2455202.11539,2455202.11539,"AOR = 38405376, date is start time.",2023AJ....165..104D,44/92/29/90/Kepler_06_b_3.10_5869_175.tbl
Kepler-12 b,Eclipse,Deming et al. 2023,,1,Infrared Array Camera (IRAC),Spitzer Space Telescope satellite,3.6,3.6,2455556.601824,2455556.601824,"AOR = 40250880, date is start time.",2023AJ....165..104D,30/84/39/12/Kepler_12_b_3.241_5869_176.tbl
Kepler-12 b,Eclipse,Deming et al. 2023,,1,Infrared Array Camera (IRAC),Spitzer Space Telescope satellite,3.6,3.6,2455445.616548,2455445.616548,"AOR = 40251392, date is start time.",2023AJ....165..104D,59/18/81/27/Kepler_12_b_3.241_5869_177.tbl
Kepler-12 b,Eclipse,Deming et al. 2023,,1,Infrared Array Camera (IRAC),Spitzer Space Telescope satellite,4.5,4.5,2455569.930906,2455569.930906,"AOR = 40250624, date is start time.",2023AJ....165..104D,23/55/74/78/Kepler_12_b_3.241_5869_178.tbl
Kepler-12 b,Eclipse,Deming et al. 2023,,1,Infrared Array Camera (IRAC),Spitzer Space Telescope satellite,4.5,4.5,2455454.502518,2455454.502518,"AOR = 40251136, date is start time.",2023AJ....165..104D,39/23/87/08/Kepler_12_b_3.241_5869_179.tbl
KOI-13 b,Eclipse,Deming et al. 2023,,1,Infrared Array Camera (IRAC),Spitzer Space Telescope satellite,3.6,3.6,2455809.883146,2455809.883146,"AOR = 42620416, date is start time.",2023AJ....165..104D,43/84/16/90/Kepler_13_b_3.155_5869_180.tbl
KOI-13 b,Eclipse,Deming et al. 2023,,1,Infrared Array Camera (IRAC),Spitzer Space Telescope satellite,4.5,4.5,2455795.762955,2455795.762955,"AOR = 42620160, date is start time.",2023AJ....165..104D,38/43/17/11/Kepler_13_b_3.155_5869_181.tbl
Kepler-17 b,Eclipse,Deming et al. 2023,,1,Infrared Array Camera (IRAC),Spitzer Space Telescope satellite,3.6,3.6,2455455.429532,2455455.429532,"AOR = 40251904, date is start time.",2023AJ....165..104D,24/08/65/79/Kepler_17_b_3.164_5869_182.tbl
Kepler-17 b,Eclipse,Deming et al. 2023,,1,Infrared Array Camera (IRAC),Spitzer Space Telescope satellite,3.6,3.6,2455437.598666,2455437.598666,"AOR = 40252416, date is start time.",2023AJ....165..104D,06/32/29/96/Kepler_17_b_3.164_5869_183.tbl
Kepler-17 b,Eclipse,Deming et al. 2023,,1,Infrared Array Camera (IRAC),Spitzer Space Telescope satellite,4.5,4.5,2455458.401357,2455458.401357,"AOR = 40251648, date is start time.",2023AJ....165..104D,50/38/74/30/Kepler_17_b_3.164_5869_184.tbl
Kepler-17 b,Eclipse,Deming et al. 2023,,1,Infrared Array Camera (IRAC),Spitzer Space Telescope satellite,4.5,4.5,2455439.077605,2455439.077605,"AOR = 40252160, date is start time.",2023AJ....165..104D,38/33/09/18/Kepler_17_b_3.164_5869_185.tbl
MASCARA-1 b,Eclipse,Deming et al. 2023,,1,Infrared Array Camera (IRAC),Spitzer Space Telescope satellite,4.5,4.5,2458548.273441,2458548.273441,"AOR = 67658240, date is start time.",2023AJ....165..104D,58/82/27/70/MASCARA_1_b_3.12076_5869_186.tbl
MASCARA-1 b,Eclipse,Deming et al. 2023,,1,Infrared Array Camera (IRAC),Spitzer Space Telescope satellite,4.5,4.5,2458546.772639,2458546.772639,"AOR = 67659008, date is start time.",2023AJ....165..104D,64/49/49/96/MASCARA_1_b_3.12076_5869_187.tbl
Qatar-1 b,Eclipse,Deming et al. 2023,,1,Infrared Array Camera (IRAC),Spitzer Space Telescope satellite,3.6,3.6,2456987.681946,2456987.681946,"AOR = 51819776, date is start time.",2023AJ....165..104D,49/52/73/12/Qatar_1_b_3.11424_5869_188.tbl
Qatar-1 b,Eclipse,Deming et al. 2023,,1,Infrared Array Camera (IRAC),Spitzer Space Telescope satellite,3.6,3.6,2458237.21209,2458237.21209,"AOR = 65611520, date is start time.",2023AJ....165..104D,67/30/19/72/Qatar_1_b_3.11424_5869_189.tbl
Qatar-1 b,Eclipse,Deming et al. 2023,,1,Infrared Array Camera (IRAC),Spitzer Space Telescope satellite,3.6,3.6,2458238.201111,2458238.201111,"AOR = 65611776, date is start time.",2023AJ....165..104D,46/21/40/05/Qatar_1_b_3.11424_5869_190.tbl
Qatar-1 b,Eclipse,Deming et al. 2023,,1,Infrared Array Camera (IRAC),Spitzer Space Telescope satellite,4.5,4.5,2456993.380742,2456993.380742,"AOR = 51816960, date is start time.",2023AJ....165..104D,11/59/74/89/Qatar_1_b_3.11424_5869_191.tbl
Qatar-1 b,Eclipse,Deming et al. 2023,,1,Infrared Array Camera (IRAC),Spitzer Space Telescope satellite,4.5,4.5,2458241.46662,2458241.46662,"AOR = 65611008, date is start time.",2023AJ....165..104D,29/82/25/04/Qatar_1_b_3.11424_5869_192.tbl
Qatar-1 b,Eclipse,Deming et al. 2023,,1,Infrared Array Camera (IRAC),Spitzer Space Telescope satellite,4.5,4.5,2458242.455636,2458242.455636,"AOR = 65611264, date is start time.",2023AJ....165..104D,52/61/00/75/Qatar_1_b_3.11424_5869_193.tbl
Qatar-2 b,Eclipse,Deming et al. 2023,,1,Infrared Array Camera (IRAC),Spitzer Space Telescope satellite,3.6,3.6,2457904.455705,2457904.455705,"AOR = 61525760, date is start time.",2023AJ....165..104D,51/20/56/32/Qatar_2_b_3.11425_5869_194.tbl
Qatar-2 b,Eclipse,Deming et al. 2023,,1,Infrared Array Camera (IRAC),Spitzer Space Telescope satellite,3.6,3.6,2457903.524853,2457903.524853,"AOR = 61526016, date is start time.",2023AJ....165..104D,32/65/17/75/Qatar_2_b_3.11425_5869_195.tbl
Qatar-2 b,Eclipse,Deming et al. 2023,,1,Infrared Array Camera (IRAC),Spitzer Space Telescope satellite,4.5,4.5,2457896.438178,2457896.438178,"AOR = 61524480, date is start time.",2023AJ....165..104D,60/61/21/37/Qatar_2_b_3.11425_5869_196.tbl
Qatar-2 b,Eclipse,Deming et al. 2023,,1,Infrared Array Camera (IRAC),Spitzer Space Telescope satellite,4.5,4.5,2457895.507236,2457895.507236,"AOR = 61524736, date is start time.",2023AJ....165..104D,80/29/96/48/Qatar_2_b_3.11425_5869_197.tbl
TrES-1 b,Eclipse,Deming et al. 2023,,1,Infrared Array Camera (IRAC),Spitzer Space Telescope satellite,3.6,3.6,,,AOR = 20523.,2023AJ....165..104D,27/55/98/99/TrES_1_b_3.11430_5869_198.tbl
TrES-1 b,Eclipse,Deming et al. 2023,,1,Infrared Array Camera (IRAC),Spitzer Space Telescope satellite,4.5,4.5,,,AOR = 227.,2023AJ....165..104D,95/96/00/29/TrES_1_b_3.11430_5869_199.tbl
TrES-2 b,Eclipse,Deming et al. 2023,,1,Infrared Array Camera (IRAC),Spitzer Space Telescope satellite,3.6,3.6,2454324.726083,2454324.726083,"AOR = 23901184, date is start time.",2023AJ....165..104D,23/97/04/86/TrES_2_b_3.237_5869_200.tbl
TrES-2 b,Eclipse,Deming et al. 2023,,1,Infrared Array Camera (IRAC),Spitzer Space Telescope satellite,4.5,4.5,2454070.290071,2454070.290071,"AOR = 20956160, date is start time.",2023AJ....165..104D,76/85/55/35/TrES_2_b_3.237_5869_201.tbl
TrES-3 b,Eclipse,Deming et al. 2023,,1,Infrared Array Camera (IRAC),Spitzer Space Telescope satellite,3.6,3.6,2454668.715622,2454668.715622,"AOR = 27761408, date is start time.",2023AJ....165..104D,22/22/89/63/TrES_3_b_3.11431_5869_202.tbl
TrES-3 b,Eclipse,Deming et al. 2023,,1,Infrared Array Camera (IRAC),Spitzer Space Telescope satellite,4.5,4.5,2454666.102543,2454666.102543,"AOR = 27761152, date is start time.",2023AJ....165..104D,68/28/35/65/TrES_3_b_3.11431_5869_203.tbl
WASP-18 b,Eclipse,Deming et al. 2023,,1,Infrared Array Camera (IRAC),Spitzer Space Telescope satellite,4.5,4.5,2455432.485884,2455432.485884,"AOR = 40269056, date is start time.",2023AJ....165..104D,51/36/45/50/WASP_18_b_3.11447_5869_268.tbl
WASP-18 b,Eclipse,Deming et al. 2023,,1,Infrared Array Camera (IRAC),Spitzer Space Telescope satellite,4.5,4.5,2455433.439052,2455433.439052,"AOR = 40269312, date is start time.",2023AJ....165..104D,19/52/01/66/WASP_18_b_3.11447_5869_269.tbl
WASP-18 b,Eclipse,Deming et al. 2023,,1,Infrared Array Camera (IRAC),Spitzer Space Telescope satellite,4.5,4.5,2457289.347698,2457289.347698,"AOR = 53515008, date is start time.",2023AJ....165..104D,64/62/20/11/WASP_18_b_3.11447_5869_270.tbl
WASP-18 b,Eclipse,Deming et al. 2023,,1,Infrared Array Camera (IRAC),Spitzer Space Telescope satellite,4.5,4.5,2457288.41449,2457288.41449,"AOR = 53515520, date is start time.",2023AJ....165..104D,78/62/90/61/WASP_18_b_3.11447_5869_271.tbl
WASP-18 b,Eclipse,Deming et al. 2023,,1,Infrared Array Camera (IRAC),Spitzer Space Telescope satellite,4.5,4.5,2457286.520945,2457286.520945,"AOR = 53515776, date is start time.",2023AJ....165..104D,68/69/49/85/WASP_18_b_3.11447_5869_272.tbl
WASP-18 b,Eclipse,Deming et al. 2023,,1,Infrared Array Camera (IRAC),Spitzer Space Telescope satellite,4.5,4.5,2457283.697921,2457283.697921,"AOR = 53516032, date is start time.",2023AJ....165..104D,38/00/52/98/WASP_18_b_3.11447_5869_273.tbl
WASP-18 b,Eclipse,Deming et al. 2023,,1,Infrared Array Camera (IRAC),Spitzer Space Telescope satellite,4.5,4.5,2457295.935622,2457295.935622,"AOR = 53516288, date is start time.",2023AJ....165..104D,86/61/41/36/WASP_18_b_3.11447_5869_274.tbl
WASP-18 b,Eclipse,Deming et al. 2023,,1,Infrared Array Camera (IRAC),Spitzer Space Telescope satellite,4.5,4.5,2457279.932225,2457279.932225,"AOR = 53516800, date is start time.",2023AJ....165..104D,51/21/90/73/WASP_18_b_3.11447_5869_275.tbl
WASP-18 b,Eclipse,Deming et al. 2023,,1,Infrared Array Camera (IRAC),Spitzer Space Telescope satellite,4.5,4.5,2457294.061237,2457294.061237,"AOR = 53517056, date is start time.",2023AJ....165..104D,37/53/94/84/WASP_18_b_3.11447_5869_276.tbl
WASP-18 b,Eclipse,Deming et al. 2023,,1,Infrared Array Camera (IRAC),Spitzer Space Telescope satellite,4.5,4.5,2457278.99505,2457278.99505,"AOR = 53517312, date is start time.",2023AJ....165..104D,38/41/51/06/WASP_18_b_3.11447_5869_277.tbl
WASP-18 b,Eclipse,Deming et al. 2023,,1,Infrared Array Camera (IRAC),Spitzer Space Telescope satellite,4.5,4.5,2457275.224101,2457275.224101,"AOR = 53517568, date is start time.",2023AJ....165..104D,12/15/51/11/WASP_18_b_3.11447_5869_278.tbl
WASP-18 b,Eclipse,Deming et al. 2023,,1,Infrared Array Camera (IRAC),Spitzer Space Telescope satellite,4.5,4.5,2457274.291289,2457274.291289,"AOR = 53517824, date is start time.",2023AJ....165..104D,10/56/58/09/WASP_18_b_3.11447_5869_279.tbl
WASP-19 b,Eclipse,Deming et al. 2023,,1,Infrared Array Camera (IRAC),Spitzer Space Telescope satellite,3.6,3.6,2454913.198963,2454913.198963,"AOR = 30114560, date is start time.",2023AJ....165..104D,06/33/70/01/WASP_19_b_3.11448_5869_280.tbl
WASP-19 b,Eclipse,Deming et al. 2023,,1,Infrared Array Camera (IRAC),Spitzer Space Telescope satellite,3.6,3.6,2455776.899508,2455776.899508,"AOR = 43970048, date is start time.",2023AJ....165..104D,98/01/35/24/WASP_19_b_3.11448_5869_281.tbl
WASP-19 b,Eclipse,Deming et al. 2023,,1,Infrared Array Camera (IRAC),Spitzer Space Telescope satellite,3.6,3.6,2455776.899508,2455776.899508,"AOR = 43970048, date is start time.",2023AJ....165..104D,25/58/61/21/WASP_19_b_3.11448_5869_282.tbl
WASP-19 b,Eclipse,Deming et al. 2023,,1,Infrared Array Camera (IRAC),Spitzer Space Telescope satellite,4.5,4.5,2454861.184624,2454861.184624,"AOR = 28981248, date is start time.",2023AJ....165..104D,99/67/94/69/WASP_19_b_3.11448_5869_283.tbl
WASP-19 b,Eclipse,Deming et al. 2023,,1,Infrared Array Camera (IRAC),Spitzer Space Telescope satellite,4.5,4.5,2455787.160107,2455787.160107,"AOR = 43970560, date is start time.",2023AJ....165..104D,25/96/17/34/WASP_19_b_3.11448_5869_284.tbl
WASP-19 b,Eclipse,Deming et al. 2023,,1,Infrared Array Camera (IRAC),Spitzer Space Telescope satellite,4.5,4.5,2455787.160107,2455787.160107,"AOR = 43970560, date is start time.",2023AJ....165..104D,02/01/50/11/WASP_19_b_3.11448_5869_285.tbl
WASP-21 b,Eclipse,Deming et al. 2023,,1,Infrared Array Camera (IRAC),Spitzer Space Telescope satellite,3.6,3.6,2456163.07361,2456163.07361,"AOR = 42451968, date is start time.",2023AJ....165..104D,47/82/91/29/WASP_21_b_3.11450_5869_286.tbl
WASP-21 b,Eclipse,Deming et al. 2023,,1,Infrared Array Camera (IRAC),Spitzer Space Telescope satellite,4.5,4.5,2456167.405372,2456167.405372,"AOR = 42452480, date is start time.",2023AJ....165..104D,23/90/00/98/WASP_21_b_3.11450_5869_287.tbl
WASP-24 b,Eclipse,Deming et al. 2023,,1,Infrared Array Camera (IRAC),Spitzer Space Telescope satellite,3.6,3.6,2455667.965148,2455667.965148,"AOR = 39444224, date is start time.",2023AJ....165..104D,92/56/29/88/WASP_24_b_3.11452_5869_288.tbl
WASP-24 b,Eclipse,Deming et al. 2023,,1,Infrared Array Camera (IRAC),Spitzer Space Telescope satellite,4.5,4.5,2455670.293204,2455670.293204,"AOR = 39442944, date is start time.",2023AJ....165..104D,75/26/28/64/WASP_24_b_3.11452_5869_289.tbl
WASP-26 b,Eclipse,Deming et al. 2023,,1,Infrared Array Camera (IRAC),Spitzer Space Telescope satellite,3.6,3.6,2455447.638487,2455447.638487,"AOR = 39444736, date is start time.",2023AJ....165..104D,43/46/13/67/WASP_26_b_3.11454_5869_290.tbl
WASP-26 b,Eclipse,Deming et al. 2023,,1,Infrared Array Camera (IRAC),Spitzer Space Telescope satellite,4.5,4.5,2455411.79743,2455411.79743,"AOR = 39443712, date is start time.",2023AJ....165..104D,59/62/08/20/WASP_26_b_3.11454_5869_291.tbl
WASP-28 b,Eclipse,Deming et al. 2023,,1,Infrared Array Camera (IRAC),Spitzer Space Telescope satellite,3.6,3.6,2456171.684568,2456171.684568,"AOR = 42452992, date is start time.",2023AJ....165..104D,62/18/86/01/WASP_28_b_3.11455_5869_292.tbl
WASP-28 b,Eclipse,Deming et al. 2023,,1,Infrared Array Camera (IRAC),Spitzer Space Telescope satellite,4.5,4.5,2456178.509742,2456178.509742,"AOR = 42453504, date is start time.",2023AJ....165..104D,15/27/31/23/WASP_28_b_3.11455_5869_293.tbl
WASP-29 b,Eclipse,Deming et al. 2023,,1,Infrared Array Camera (IRAC),Spitzer Space Telescope satellite,3.6,3.6,2455436.087486,2455436.087486,"AOR = 40283392, date is start time.",2023AJ....165..104D,53/76/50/72/WASP_29_b_3.11456_5869_294.tbl
WASP-29 b,Eclipse,Deming et al. 2023,,1,Infrared Array Camera (IRAC),Spitzer Space Telescope satellite,4.5,4.5,2455589.075107,2455589.075107,"AOR = 41631488, date is start time.",2023AJ....165..104D,92/00/47/05/WASP_29_b_3.11456_5869_295.tbl
WASP-32 b,Eclipse,Deming et al. 2023,,1,Infrared Array Camera (IRAC),Spitzer Space Telescope satellite,3.6,3.6,2455424.355163,2455424.355163,"AOR = 39447808, date is start time.",2023AJ....165..104D,85/95/65/19/WASP_32_b_3.11459_5869_296.tbl
WASP-32 b,Eclipse,Deming et al. 2023,,1,Infrared Array Camera (IRAC),Spitzer Space Telescope satellite,4.5,4.5,2455440.667172,2455440.667172,"AOR = 39447296, date is start time.",2023AJ....165..104D,83/63/20/44/WASP_32_b_3.11459_5869_297.tbl
WASP-33 b,Eclipse,Deming et al. 2023,,1,Infrared Array Camera (IRAC),Spitzer Space Telescope satellite,3.6,3.6,,,AOR = 39446760.,2023AJ....165..104D,67/24/38/29/WASP_33_b_3.11460_5869_298.tbl
TrES-3 b,Eclipse,Deming et al. 2023,,1,Infrared Array Camera (IRAC),Spitzer Space Telescope satellite,4.5,4.5,2458387.100248,2458387.100248,"AOR = 67668992, date is start time.",2023AJ....165..104D,92/77/45/21/TrES_3_b_3.11431_5869_204.tbl
TrES-3 b,Eclipse,Deming et al. 2023,,1,Infrared Array Camera (IRAC),Spitzer Space Telescope satellite,4.5,4.5,2458386.101856,2458386.101856,"AOR = 67669504, date is start time.",2023AJ....165..104D,74/19/00/44/TrES_3_b_3.11431_5869_205.tbl
TrES-4 b,Eclipse,Deming et al. 2023,,1,Infrared Array Camera (IRAC),Spitzer Space Telescope satellite,3.6,3.6,2454392.728873,2454392.728873,"AOR = 24320000, date is start time.",2023AJ....165..104D,87/91/71/40/TrES_4_b_3.11432_5869_206.tbl
TrES-4 b,Eclipse,Deming et al. 2023,,1,Infrared Array Camera (IRAC),Spitzer Space Telescope satellite,4.5,4.5,2454396.281864,2454396.281864,"AOR = 24320256, date is start time.",2023AJ....165..104D,46/34/54/10/TrES_4_b_3.11432_5869_207.tbl
WASP-1 b,Eclipse,Deming et al. 2023,,1,Infrared Array Camera (IRAC),Spitzer Space Telescope satellite,3.6,3.6,2454352.377018,2454352.377018,"AOR = 23444480, date is start time.",2023AJ....165..104D,98/36/86/69/WASP_01_b_3.11449_5869_208.tbl
WASP-1 b,Eclipse,Deming et al. 2023,,1,Infrared Array Camera (IRAC),Spitzer Space Telescope satellite,4.5,4.5,2454100.427391,2454100.427391,"AOR = 21059584, date is start time.",2023AJ....165..104D,79/59/18/10/WASP_01_b_3.11449_5869_209.tbl
WASP-2 b,Eclipse,Deming et al. 2023,,1,Infrared Array Camera (IRAC),Spitzer Space Telescope satellite,3.6,3.6,2454283.36394,2454283.36394,"AOR = 23445504, date is start time.",2023AJ....165..104D,23/95/69/60/WASP_02_b_3.11457_5869_210.tbl
WASP-2 b,Eclipse,Deming et al. 2023,,1,Infrared Array Camera (IRAC),Spitzer Space Telescope satellite,4.5,4.5,2454068.182771,2454068.182771,"AOR = 20952576, date is start time.",2023AJ....165..104D,68/44/40/52/WASP_02_b_3.11457_5869_211.tbl
WASP-3 b,Eclipse,Deming et al. 2023,,1,Infrared Array Camera (IRAC),Spitzer Space Telescope satellite,3.6,3.6,2455131.075381,2455131.075381,"AOR = 31768320, date is start time.",2023AJ....165..104D,06/34/93/79/WASP_03_b_3.11467_5869_212.tbl
WASP-3 b,Eclipse,Deming et al. 2023,,1,Infrared Array Camera (IRAC),Spitzer Space Telescope satellite,4.5,4.5,2454728.551838,2454728.551838,"AOR = 28331264, date is start time.",2023AJ....165..104D,70/51/72/12/WASP_03_b_3.11467_5869_213.tbl
WASP-3 b,Eclipse,Deming et al. 2023,,1,Infrared Array Camera (IRAC),Spitzer Space Telescope satellite,4.5,4.5,2457703.760206,2457703.760206,"AOR = 62166272, date is start time.",2023AJ....165..104D,90/68/32/43/WASP_03_b_3.11467_5869_214.tbl
WASP-4 b,Eclipse,Deming et al. 2023,,1,Infrared Array Camera (IRAC),Spitzer Space Telescope satellite,3.6,3.6,2455175.021388,2455175.021388,"AOR = 31768576, date is start time.",2023AJ....165..104D,53/52/96/40/WASP_04_b_3.11474_5869_215.tbl
WASP-4 b,Eclipse,Deming et al. 2023,,1,Infrared Array Camera (IRAC),Spitzer Space Telescope satellite,4.5,4.5,2455172.338389,2455172.338389,"AOR = 31764480, date is start time.",2023AJ....165..104D,88/67/87/77/WASP_04_b_3.11474_5869_216.tbl
WASP-5 b,Eclipse,Deming et al. 2023,,1,Infrared Array Camera (IRAC),Spitzer Space Telescope satellite,3.6,3.6,2455200.572878,2455200.572878,"AOR = 31769856, date is start time.",2023AJ....165..104D,46/82/37/40/WASP_05_b_3.11476_5869_217.tbl
WASP-5 b,Eclipse,Deming et al. 2023,,1,Infrared Array Camera (IRAC),Spitzer Space Telescope satellite,4.5,4.5,2455174.497827,2455174.497827,"AOR = 31765504, date is start time.",2023AJ....165..104D,21/09/73/10/WASP_05_b_3.11476_5869_218.tbl
WASP-6 b,Eclipse,Deming et al. 2023,,1,Infrared Array Camera (IRAC),Spitzer Space Telescope satellite,3.6,3.6,2455196.522725,2455196.522725,"AOR = 36789248, date is start time.",2023AJ....165..104D,28/05/09/70/WASP_06_b_3.11477_5869_219.tbl
WASP-6 b,Eclipse,Deming et al. 2023,,1,Infrared Array Camera (IRAC),Spitzer Space Telescope satellite,4.5,4.5,2455220.04392,2455220.04392,"AOR = 36788992, date is start time.",2023AJ....165..104D,57/04/11/56/WASP_06_b_3.11477_5869_220.tbl
WASP-7 b,Eclipse,Deming et al. 2023,,1,Infrared Array Camera (IRAC),Spitzer Space Telescope satellite,3.6,3.6,2455360.061834,2455360.061834,"AOR = 31770880, date is start time.",2023AJ....165..104D,68/60/68/72/WASP_07_b_3.11478_5869_221.tbl
WASP-7 b,Eclipse,Deming et al. 2023,,1,Infrared Array Camera (IRAC),Spitzer Space Telescope satellite,4.5,4.5,2455374.917276,2455374.917276,"AOR = 31765248, date is start time.",2023AJ....165..104D,18/19/03/54/WASP_07_b_3.11478_5869_222.tbl
WASP-8 b,Eclipse,Deming et al. 2023,,1,Infrared Array Camera (IRAC),Spitzer Space Telescope satellite,3.6,3.6,2455401.610149,2455401.610149,"AOR = 39200512, date is start time.",2023AJ....165..104D,08/56/14/69/WASP_08_b_3.11479_5869_223.tbl
WASP-8 b,Eclipse,Deming et al. 2023,,1,Infrared Array Camera (IRAC),Spitzer Space Telescope satellite,4.5,4.5,2455409.756114,2455409.756114,"AOR = 39199488, date is start time.",2023AJ....165..104D,78/35/81/25/WASP_08_b_3.11479_5869_224.tbl
WASP-10 b,Eclipse,Deming et al. 2023,,1,Infrared Array Camera (IRAC),Spitzer Space Telescope satellite,3.6,3.6,2455581.148207,2455581.148207,"AOR = 31756544, date is start time.",2023AJ....165..104D,98/12/39/46/WASP_10_b_3.11439_5869_225.tbl
WASP-10 b,Eclipse,Deming et al. 2023,,1,Infrared Array Camera (IRAC),Spitzer Space Telescope satellite,3.6,3.6,2456911.002431,2456911.002431,"AOR = 50680832, date is start time.",2023AJ....165..104D,94/51/97/47/WASP_10_b_3.11439_5869_226.tbl
WASP-10 b,Eclipse,Deming et al. 2023,,1,Infrared Array Camera (IRAC),Spitzer Space Telescope satellite,4.5,4.5,2455457.393789,2455457.393789,"AOR = 31750144, date is start time.",2023AJ....165..104D,35/41/89/80/WASP_10_b_3.11439_5869_227.tbl
WASP-10 b,Eclipse,Deming et al. 2023,,1,Infrared Array Camera (IRAC),Spitzer Space Telescope satellite,4.5,4.5,2456923.364022,2456923.364022,"AOR = 50671104, date is start time.",2023AJ....165..104D,27/74/65/42/WASP_10_b_3.11439_5869_228.tbl
WASP-11 b,Eclipse,Deming et al. 2023,,1,Infrared Array Camera (IRAC),Spitzer Space Telescope satellite,3.6,3.6,2455267.945873,2455267.945873,"AOR = 31765760, date is start time.",2023AJ....165..104D,24/29/53/05/WASP_11_b_3.11440_5869_229.tbl
WASP-11 b,Eclipse,Deming et al. 2023,,1,Infrared Array Camera (IRAC),Spitzer Space Telescope satellite,3.6,3.6,2455271.624362,2455271.624362,"AOR = 38807808, date is start time.",2023AJ....165..104D,66/25/02/12/WASP_11_b_3.11440_5869_230.tbl
WASP-11 b,Eclipse,Deming et al. 2023,,1,Infrared Array Camera (IRAC),Spitzer Space Telescope satellite,3.6,3.6,2456760.690852,2456760.690852,"AOR = 50677504, date is start time.",2023AJ....165..104D,70/69/32/65/WASP_11_b_3.11440_5869_231.tbl
WASP-11 b,Eclipse,Deming et al. 2023,,1,Infrared Array Camera (IRAC),Spitzer Space Telescope satellite,4.5,4.5,2454910.61826,2454910.61826,"AOR = 30110720, date is start time.",2023AJ....165..104D,04/92/59/25/WASP_11_b_3.11440_5869_232.tbl
WASP-11 b,Eclipse,Deming et al. 2023,,1,Infrared Array Camera (IRAC),Spitzer Space Telescope satellite,4.5,4.5,2455282.799627,2455282.799627,"AOR = 31760640, date is start time.",2023AJ....165..104D,11/20/62/72/WASP_11_b_3.11440_5869_233.tbl
WASP-11 b,Eclipse,Deming et al. 2023,,1,Infrared Array Camera (IRAC),Spitzer Space Telescope satellite,4.5,4.5,2456775.579859,2456775.579859,"AOR = 50668800, date is start time.",2023AJ....165..104D,98/14/52/77/WASP_11_b_3.11440_5869_234.tbl
WASP-12 b,Eclipse,Deming et al. 2023,,1,Infrared Array Camera (IRAC),Spitzer Space Telescope satellite,3.6,3.6,2454773.858927,2454773.858927,"AOR = 28578560, date is start time.",2023AJ....165..104D,44/97/84/19/WASP_12_b_3.11441_5869_235.tbl
WASP-12 b,Eclipse,Deming et al. 2023,,1,Infrared Array Camera (IRAC),Spitzer Space Telescope satellite,3.6,3.6,2455321.649756,2455321.649756,"AOR = 39200768, date is start time.",2023AJ....165..104D,22/58/62/12/WASP_12_b_3.11441_5869_236.tbl
WASP-12 b,Eclipse,Deming et al. 2023,,1,Infrared Array Camera (IRAC),Spitzer Space Telescope satellite,3.6,3.6,2455518.11784,2455518.11784,"AOR = 41260032, date is start time.",2023AJ....165..104D,97/54/22/79/WASP_12_b_3.11441_5869_237.tbl
WASP-12 b,Eclipse,Deming et al. 2023,,1,Infrared Array Camera (IRAC),Spitzer Space Telescope satellite,3.6,3.6,2455518.998472,2455518.998472,"AOR = 41260288, date is start time.",2023AJ....165..104D,15/49/56/69/WASP_12_b_3.11441_5869_238.tbl
WASP-12 b,Eclipse,Deming et al. 2023,,1,Infrared Array Camera (IRAC),Spitzer Space Telescope satellite,3.6,3.6,2456639.068025,2456639.068025,"AOR = 48014848, date is start time.",2023AJ....165..104D,66/96/08/66/WASP_12_b_3.11441_5869_239.tbl
WASP-12 b,Eclipse,Deming et al. 2023,,1,Infrared Array Camera (IRAC),Spitzer Space Telescope satellite,3.6,3.6,2456640.068317,2456640.068317,"AOR = 48015360, date is start time.",2023AJ....165..104D,20/53/71/50/WASP_12_b_3.11441_5869_240.tbl
WASP-12 b,Eclipse,Deming et al. 2023,,1,Infrared Array Camera (IRAC),Spitzer Space Telescope satellite,4.5,4.5,2454769.454423,2454769.454423,"AOR = 28566016, date is start time.",2023AJ....165..104D,54/73/25/65/WASP_12_b_3.11441_5869_241.tbl
WASP-12 b,Eclipse,Deming et al. 2023,,1,Infrared Array Camera (IRAC),Spitzer Space Telescope satellite,4.5,4.5,2455320.56017,2455320.56017,"AOR = 39200000, date is start time.",2023AJ....165..104D,30/28/88/47/WASP_12_b_3.11441_5869_242.tbl
WASP-12 b,Eclipse,Deming et al. 2023,,1,Infrared Array Camera (IRAC),Spitzer Space Telescope satellite,4.5,4.5,2455542.155865,2455542.155865,"AOR = 41587200, date is start time.",2023AJ....165..104D,89/93/78/40/WASP_12_b_3.11441_5869_243.tbl
WASP-12 b,Eclipse,Deming et al. 2023,,1,Infrared Array Camera (IRAC),Spitzer Space Telescope satellite,4.5,4.5,2455543.027552,2455543.027552,"AOR = 41587456, date is start time.",2023AJ....165..104D,83/13/83/16/WASP_12_b_3.11441_5869_244.tbl
WASP-12 b,Eclipse,Deming et al. 2023,,1,Infrared Array Camera (IRAC),Spitzer Space Telescope satellite,4.5,4.5,2456642.332163,2456642.332163,"AOR = 48015872, date is start time.",2023AJ....165..104D,93/71/51/03/WASP_12_b_3.11441_5869_245.tbl
WASP-12 b,Eclipse,Deming et al. 2023,,1,Infrared Array Camera (IRAC),Spitzer Space Telescope satellite,4.5,4.5,2458517.402562,2458517.402562,"AOR = 66692608, date is start time.",2023AJ....165..104D,45/21/91/25/WASP_12_b_3.11441_5869_246.tbl
WASP-12 b,Eclipse,Deming et al. 2023,,1,Infrared Array Camera (IRAC),Spitzer Space Telescope satellite,4.5,4.5,2458508.673931,2458508.673931,"AOR = 66692864, date is start time.",2023AJ....165..104D,56/18/08/77/WASP_12_b_3.11441_5869_247.tbl
WASP-12 b,Eclipse,Deming et al. 2023,,1,Infrared Array Camera (IRAC),Spitzer Space Telescope satellite,4.5,4.5,2458504.305061,2458504.305061,"AOR = 66693120, date is start time.",2023AJ....165..104D,25/13/47/64/WASP_12_b_3.11441_5869_248.tbl
WASP-12 b,Eclipse,Deming et al. 2023,,1,Infrared Array Camera (IRAC),Spitzer Space Telescope satellite,4.5,4.5,2458499.943856,2458499.943856,"AOR = 66693376, date is start time.",2023AJ....165..104D,66/02/91/71/WASP_12_b_3.11441_5869_249.tbl
WASP-13 b,Eclipse,Deming et al. 2023,,1,Infrared Array Camera (IRAC),Spitzer Space Telescope satellite,4.5,4.5,2456087.105354,2456087.105354,"AOR = 45675520, date is start time.",2023AJ....165..104D,98/75/71/83/WASP_13_b_3.11442_5869_250.tbl
WASP-14 b,Eclipse,Deming et al. 2023,,1,Infrared Array Camera (IRAC),Spitzer Space Telescope satellite,3.6,3.6,2456033.111453,2456033.111453,"AOR = 45426944, date is start time.",2023AJ....165..104D,39/34/67/07/WASP_14_b_3.11443_5869_251.tbl
WASP-14 b,Eclipse,Deming et al. 2023,,1,Infrared Array Camera (IRAC),Spitzer Space Telescope satellite,3.6,3.6,2456035.278892,2456035.278892,"AOR = 45427968, date is start time.",2023AJ....165..104D,72/58/49/35/WASP_14_b_3.11443_5869_252.tbl
WASP-14 b,Eclipse,Deming et al. 2023,,1,Infrared Array Camera (IRAC),Spitzer Space Telescope satellite,4.5,4.5,2454909.100118,2454909.100118,"AOR = 30111744, date is start time.",2023AJ....165..104D,53/76/30/66/WASP_14_b_3.11443_5869_253.tbl
WASP-14 b,Eclipse,Deming et al. 2023,,1,Infrared Array Camera (IRAC),Spitzer Space Telescope satellite,4.5,4.5,2456042.09721,2456042.09721,"AOR = 45426688, date is start time.",2023AJ....165..104D,32/08/56/45/WASP_14_b_3.11443_5869_254.tbl
WASP-14 b,Eclipse,Deming et al. 2023,,1,Infrared Array Camera (IRAC),Spitzer Space Telescope satellite,4.5,4.5,2456044.264367,2456044.264367,"AOR = 45428992, date is start time.",2023AJ....165..104D,13/04/27/59/WASP_14_b_3.11443_5869_255.tbl
WASP-15 b,Eclipse,Deming et al. 2023,,1,Infrared Array Camera (IRAC),Spitzer Space Telescope satellite,4.5,4.5,2456185.081666,2456185.081666,"AOR = 45675776, date is start time.",2023AJ....165..104D,90/15/90/54/WASP_15_b_3.11444_5869_256.tbl
WASP-16 b,Eclipse,Deming et al. 2023,,1,Infrared Array Camera (IRAC),Spitzer Space Telescope satellite,3.6,3.6,2456578.982997,2456578.982997,"AOR = 48692736, date is start time.",2023AJ....165..104D,74/49/77/50/WASP_16_b_3.11445_5869_257.tbl
WASP-16 b,Eclipse,Deming et al. 2023,,1,Infrared Array Camera (IRAC),Spitzer Space Telescope satellite,4.5,4.5,2456179.807077,2456179.807077,"AOR = 45674496, date is start time.",2023AJ....165..104D,93/89/45/73/WASP_16_b_3.11445_5869_258.tbl
WASP-17 b,Eclipse,Deming et al. 2023,,1,Infrared Array Camera (IRAC),Spitzer Space Telescope satellite,3.6,3.6,2455304.515922,2455304.515922,"AOR = 34870272, date is start time.",2023AJ....165..104D,23/83/04/07/WASP_17_b_3.11446_5869_259.tbl
WASP-17 b,Eclipse,Deming et al. 2023,,1,Infrared Array Camera (IRAC),Spitzer Space Telescope satellite,4.5,4.5,2454945.898539,2454945.898539,"AOR = 34203904, date is start time.",2023AJ....165..104D,22/34/33/47/WASP_17_b_3.11446_5869_260.tbl
WASP-17 b,Eclipse,Deming et al. 2023,,1,Infrared Array Camera (IRAC),Spitzer Space Telescope satellite,4.5,4.5,2454953.366072,2454953.366072,"AOR = 34204160, date is start time.",2023AJ....165..104D,85/11/77/80/WASP_17_b_3.11446_5869_261.tbl
WASP-17 b,Eclipse,Deming et al. 2023,,1,Infrared Array Camera (IRAC),Spitzer Space Telescope satellite,4.5,4.5,2455315.713169,2455315.713169,"AOR = 34870784, date is start time.",2023AJ....165..104D,60/59/05/43/WASP_17_b_3.11446_5869_262.tbl
WASP-18 b,Eclipse,Deming et al. 2023,,1,Infrared Array Camera (IRAC),Spitzer Space Telescope satellite,3.6,3.6,2454820.94872,2454820.94872,"AOR = 28775168, date is start time.",2023AJ....165..104D,99/03/21/61/WASP_18_b_3.11447_5869_263.tbl
WASP-18 b,Eclipse,Deming et al. 2023,,1,Infrared Array Camera (IRAC),Spitzer Space Telescope satellite,3.6,3.6,2455220.709521,2455220.709521,"AOR = 38805504, date is start time.",2023AJ....165..104D,59/13/86/79/WASP_18_b_3.11447_5869_264.tbl
WASP-18 b,Eclipse,Deming et al. 2023,,1,Infrared Array Camera (IRAC),Spitzer Space Telescope satellite,3.6,3.6,2455221.712989,2455221.712989,"AOR = 38805760, date is start time.",2023AJ....165..104D,22/33/30/11/WASP_18_b_3.11447_5869_265.tbl
WASP-18 b,Eclipse,Deming et al. 2023,,1,Infrared Array Camera (IRAC),Spitzer Space Telescope satellite,3.6,3.6,2455221.712989,2455221.712989,"AOR = 38805760, date is start time.",2023AJ....165..104D,98/71/79/22/WASP_18_b_3.11447_5869_266.tbl
WASP-18 b,Eclipse,Deming et al. 2023,,1,Infrared Array Camera (IRAC),Spitzer Space Telescope satellite,4.5,4.5,2454824.708502,2454824.708502,"AOR = 28775424, date is start time.",2023AJ....165..104D,78/63/15/19/WASP_18_b_3.11447_5869_267.tbl
WASP-76 b,Eclipse,Deming et al. 2023,,1,Infrared Array Camera (IRAC),Spitzer Space Telescope satellite,3.6,3.6,2457877.123187,2457877.123187,"AOR = 62823680, date is start time.",2023AJ....165..104D,25/16/76/91/WASP_76_b_3.11846_5869_363.tbl
WASP-76 b,Eclipse,Deming et al. 2023,,1,Infrared Array Camera (IRAC),Spitzer Space Telescope satellite,3.6,3.6,2457879.100178,2457879.100178,"AOR = 62824192, date is start time.",2023AJ....165..104D,23/67/78/09/WASP_76_b_3.11846_5869_364.tbl
WASP-76 b,Eclipse,Deming et al. 2023,,1,Infrared Array Camera (IRAC),Spitzer Space Telescope satellite,3.6,3.6,2458230.04349,2458230.04349,"AOR = 65592576, date is start time.",2023AJ....165..104D,59/55/20/72/WASP_76_b_3.11846_5869_365.tbl
WASP-76 b,Eclipse,Deming et al. 2023,,1,Infrared Array Camera (IRAC),Spitzer Space Telescope satellite,3.6,3.6,2458232.020296,2458232.020296,"AOR = 65593088, date is start time.",2023AJ....165..104D,37/92/71/37/WASP_76_b_3.11846_5869_366.tbl
WASP-76 b,Eclipse,Deming et al. 2023,,1,Infrared Array Camera (IRAC),Spitzer Space Telescope satellite,4.5,4.5,2457480.724614,2457480.724614,"AOR = 58238720, date is start time.",2023AJ....165..104D,83/12/66/45/WASP_76_b_3.11846_5869_367.tbl
WASP-76 b,Eclipse,Deming et al. 2023,,1,Infrared Array Camera (IRAC),Spitzer Space Telescope satellite,4.5,4.5,2457859.02425,2457859.02425,"AOR = 62824448, date is start time.",2023AJ....165..104D,17/67/00/91/WASP_76_b_3.11846_5869_368.tbl
WASP-76 b,Eclipse,Deming et al. 2023,,1,Infrared Array Camera (IRAC),Spitzer Space Telescope satellite,4.5,4.5,2457861.000968,2457861.000968,"AOR = 62824960, date is start time.",2023AJ....165..104D,36/05/26/82/WASP_76_b_3.11846_5869_369.tbl
WASP-77 A b,Eclipse,Deming et al. 2023,,1,Infrared Array Camera (IRAC),Spitzer Space Telescope satellite,3.6,3.6,2456975.699376,2456975.699376,"AOR = 51820544, date is start time.",2023AJ....165..104D,51/13/14/71/WASP_77_b_3.11569_5869_370.tbl
WASP-77 A b,Eclipse,Deming et al. 2023,,1,Infrared Array Camera (IRAC),Spitzer Space Telescope satellite,3.6,3.6,2457855.148926,2457855.148926,"AOR = 61522688, date is start time.",2023AJ....165..104D,83/27/86/43/WASP_77_b_3.11569_5869_371.tbl
WASP-77 A b,Eclipse,Deming et al. 2023,,1,Infrared Array Camera (IRAC),Spitzer Space Telescope satellite,3.6,3.6,2457854.194836,2457854.194836,"AOR = 61522944, date is start time.",2023AJ....165..104D,42/98/32/26/WASP_77_b_3.11569_5869_372.tbl
WASP-77 A b,Eclipse,Deming et al. 2023,,1,Infrared Array Camera (IRAC),Spitzer Space Telescope satellite,4.5,4.5,2456978.425953,2456978.425953,"AOR = 51818496, date is start time.",2023AJ....165..104D,04/14/75/42/WASP_77_b_3.11569_5869_373.tbl
WASP-77 A b,Eclipse,Deming et al. 2023,,1,Infrared Array Camera (IRAC),Spitzer Space Telescope satellite,4.5,4.5,2457723.268294,2457723.268294,"AOR = 61520640, date is start time.",2023AJ....165..104D,44/25/56/25/WASP_77_b_3.11569_5869_374.tbl
WASP-77 A b,Eclipse,Deming et al. 2023,,1,Infrared Array Camera (IRAC),Spitzer Space Telescope satellite,4.5,4.5,2457722.314655,2457722.314655,"AOR = 61520896, date is start time.",2023AJ....165..104D,24/09/22/14/WASP_77_b_3.11569_5869_375.tbl
WASP-78 b,Eclipse,Deming et al. 2023,,1,Infrared Array Camera (IRAC),Spitzer Space Telescope satellite,3.6,3.6,2456986.326555,2456986.326555,"AOR = 51833088, date is start time.",2023AJ....165..104D,72/20/28/30/WASP_78_b_3.11519_5869_376.tbl
WASP-78 b,Eclipse,Deming et al. 2023,,1,Infrared Array Camera (IRAC),Spitzer Space Telescope satellite,4.5,4.5,2457005.882997,2457005.882997,"AOR = 51830528, date is start time.",2023AJ....165..104D,75/76/89/32/WASP_78_b_3.11519_5869_377.tbl
WASP-79 b,Eclipse,Deming et al. 2023,,1,Infrared Array Camera (IRAC),Spitzer Space Telescope satellite,3.6,3.6,2456993.818222,2456993.818222,"AOR = 51841536, date is start time.",2023AJ....165..104D,86/08/06/81/WASP_79_b_3.11520_5869_378.tbl
WASP-79 b,Eclipse,Deming et al. 2023,,1,Infrared Array Camera (IRAC),Spitzer Space Telescope satellite,4.5,4.5,2457004.801955,2457004.801955,"AOR = 51839488, date is start time.",2023AJ....165..104D,85/78/24/60/WASP_79_b_3.11520_5869_379.tbl
WASP-80 b,Eclipse,Deming et al. 2023,,1,Infrared Array Camera (IRAC),Spitzer Space Telescope satellite,3.6,3.6,2456476.896129,2456476.896129,"AOR = 48360192, date is start time.",2023AJ....165..104D,61/65/89/14/WASP_80_b_3.11585_5869_380.tbl
WASP-80 b,Eclipse,Deming et al. 2023,,1,Infrared Array Camera (IRAC),Spitzer Space Telescope satellite,3.6,3.6,2456498.369982,2456498.369982,"AOR = 48362240, date is start time.",2023AJ....165..104D,18/51/28/10/WASP_80_b_3.11585_5869_381.tbl
WASP-80 b,Eclipse,Deming et al. 2023,,1,Infrared Array Camera (IRAC),Spitzer Space Telescope satellite,3.6,3.6,2456848.088343,2456848.088343,"AOR = 50671616, date is start time.",2023AJ....165..104D,95/90/04/53/WASP_80_b_3.11585_5869_382.tbl
WASP-80 b,Eclipse,Deming et al. 2023,,1,Infrared Array Camera (IRAC),Spitzer Space Telescope satellite,3.6,3.6,2456866.481098,2456866.481098,"AOR = 50978304, date is start time.",2023AJ....165..104D,89/95/23/46/WASP_80_b_3.11585_5869_383.tbl
WASP-80 b,Eclipse,Deming et al. 2023,,1,Infrared Array Camera (IRAC),Spitzer Space Telescope satellite,4.5,4.5,2456492.232594,2456492.232594,"AOR = 48359936, date is start time.",2023AJ....165..104D,59/99/14/65/WASP_80_b_3.11585_5869_384.tbl
WASP-80 b,Eclipse,Deming et al. 2023,,1,Infrared Array Camera (IRAC),Spitzer Space Telescope satellite,4.5,4.5,2456501.437035,2456501.437035,"AOR = 48361984, date is start time.",2023AJ....165..104D,15/75/14/40/WASP_80_b_3.11585_5869_385.tbl
WASP-87 b,Eclipse,Deming et al. 2023,,1,Infrared Array Camera (IRAC),Spitzer Space Telescope satellite,3.6,3.6,2457690.495734,2457690.495734,"AOR = 62173952, date is start time.",2023AJ....165..104D,76/65/62/01/WASP_87_b_3.12389_5869_386.tbl
WASP-87 b,Eclipse,Deming et al. 2023,,1,Infrared Array Camera (IRAC),Spitzer Space Telescope satellite,4.5,4.5,2457692.179808,2457692.179808,"AOR = 62174464, date is start time.",2023AJ....165..104D,58/84/93/63/WASP_87_b_3.12389_5869_387.tbl
WASP-94 A b,Eclipse,Deming et al. 2023,,1,Infrared Array Camera (IRAC),Spitzer Space Telescope satellite,3.6,3.6,2457773.328279,2457773.328279,"AOR = 62174976, date is start time.",2023AJ....165..104D,18/69/71/61/WASP_94_A_b_3.11708_5869_388.tbl
WASP-94 A b,Eclipse,Deming et al. 2023,,1,Infrared Array Camera (IRAC),Spitzer Space Telescope satellite,4.5,4.5,2457777.277566,2457777.277566,"AOR = 62176000, date is start time.",2023AJ....165..104D,23/16/66/18/WASP_94_A_b_3.11708_5869_389.tbl
WASP-95 b,Eclipse,Deming et al. 2023,,1,Infrared Array Camera (IRAC),Spitzer Space Telescope satellite,4.5,4.5,2458534.622012,2458534.622012,"AOR = 67663872, date is start time.",2023AJ....165..104D,41/65/32/34/WASP_95_b_3.11666_5869_390.tbl
WASP-95 b,Eclipse,Deming et al. 2023,,1,Infrared Array Camera (IRAC),Spitzer Space Telescope satellite,4.5,4.5,2458533.137116,2458533.137116,"AOR = 67665152, date is start time.",2023AJ....165..104D,54/51/29/03/WASP_95_b_3.11666_5869_391.tbl
WASP-96 b,Eclipse,Deming et al. 2023,,1,Infrared Array Camera (IRAC),Spitzer Space Telescope satellite,3.6,3.6,2458787.788127,2458787.788127,"AOR = 69631744, date is start time.",2023AJ....165..104D,53/79/70/68/WASP_96_b_3.11667_5869_392.tbl
WASP-96 b,Eclipse,Deming et al. 2023,,1,Infrared Array Camera (IRAC),Spitzer Space Telescope satellite,4.5,4.5,2458794.677101,2458794.677101,"AOR = 69632256, date is start time.",2023AJ....165..104D,52/79/09/94/WASP_96_b_3.11667_5869_393.tbl
WASP-97 b,Eclipse,Deming et al. 2023,,1,Infrared Array Camera (IRAC),Spitzer Space Telescope satellite,3.6,3.6,2457695.420888,2457695.420888,"AOR = 62177024, date is start time.",2023AJ....165..104D,29/36/37/24/WASP_97_b_3.11668_5869_394.tbl
WASP-33 b,Eclipse,Deming et al. 2023,,1,Infrared Array Camera (IRAC),Spitzer Space Telescope satellite,3.6,3.6,2456024.243183,2456024.243183,"AOR = 45383680, date is start time.",2023AJ....165..104D,01/87/14/98/WASP_33_b_3.11460_5869_299.tbl
WASP-33 b,Eclipse,Deming et al. 2023,,1,Infrared Array Camera (IRAC),Spitzer Space Telescope satellite,4.5,4.5,,,AOR = 35383424.,2023AJ....165..104D,40/08/37/55/WASP_33_b_3.11460_5869_300.tbl
WASP-33 b,Eclipse,Deming et al. 2023,,1,Infrared Array Camera (IRAC),Spitzer Space Telescope satellite,4.5,4.5,2455650.91976,2455650.91976,"AOR = 39444480, date is start time.",2023AJ....165..104D,17/16/43/90/WASP_33_b_3.11460_5869_301.tbl
WASP-34 b,Eclipse,Deming et al. 2023,,1,Infrared Array Camera (IRAC),Spitzer Space Telescope satellite,3.6,3.6,2455396.86115,2455396.86115,"AOR = 39442432, date is start time.",2023AJ....165..104D,16/40/87/74/WASP_34_b_3.11461_5869_302.tbl
WASP-34 b,Eclipse,Deming et al. 2023,,1,Infrared Array Camera (IRAC),Spitzer Space Telescope satellite,4.5,4.5,2455405.496768,2455405.496768,"AOR = 39447552, date is start time.",2023AJ....165..104D,45/79/82/74/WASP_34_b_3.11461_5869_303.tbl
WASP-34 b,Eclipse,Deming et al. 2023,,1,Infrared Array Camera (IRAC),Spitzer Space Telescope satellite,4.5,4.5,2458760.244497,2458760.244497,"AOR = 67662336, date is start time.",2023AJ....165..104D,08/10/88/75/WASP_34_b_3.11461_5869_304.tbl
WASP-34 b,Eclipse,Deming et al. 2023,,1,Infrared Array Camera (IRAC),Spitzer Space Telescope satellite,4.5,4.5,2458764.108264,2458764.108264,"AOR = 71326208, date is start time.",2023AJ....165..104D,75/30/11/59/WASP_34_b_3.11461_5869_305.tbl
WASP-35 b,Eclipse,Deming et al. 2023,,1,Infrared Array Camera (IRAC),Spitzer Space Telescope satellite,3.6,3.6,2455665.946524,2455665.946524,"AOR = 39446016, date is start time.",2023AJ....165..104D,49/51/75/91/WASP_35_b_3.11462_5869_306.tbl
WASP-35 b,Eclipse,Deming et al. 2023,,1,Infrared Array Camera (IRAC),Spitzer Space Telescope satellite,4.5,4.5,2455669.116581,2455669.116581,"AOR = 39444992, date is start time.",2023AJ....165..104D,63/20/89/13/WASP_35_b_3.11462_5869_307.tbl
WASP-36 b,Eclipse,Deming et al. 2023,,1,Infrared Array Camera (IRAC),Spitzer Space Telescope satellite,3.6,3.6,2457055.944587,2457055.944587,"AOR = 51829504, date is start time.",2023AJ....165..104D,22/30/35/42/WASP_36_b_3.11463_5869_308.tbl
WASP-36 b,Eclipse,Deming et al. 2023,,1,Infrared Array Camera (IRAC),Spitzer Space Telescope satellite,4.5,4.5,2457063.636829,2457063.636829,"AOR = 51827456, date is start time.",2023AJ....165..104D,72/94/74/10/WASP_36_b_3.11463_5869_309.tbl
WASP-37 b,Eclipse,Deming et al. 2023,,1,Infrared Array Camera (IRAC),Spitzer Space Telescope satellite,3.6,3.6,2456027.391111,2456027.391111,"AOR = 42454016, date is start time.",2023AJ....165..104D,26/22/86/67/WASP_37_b_3.11464_5869_310.tbl
WASP-37 b,Eclipse,Deming et al. 2023,,1,Infrared Array Camera (IRAC),Spitzer Space Telescope satellite,4.5,4.5,2456048.848625,2456048.848625,"AOR = 42454528, date is start time.",2023AJ....165..104D,42/67/26/38/WASP_37_b_3.11464_5869_311.tbl
WASP-38 b,Eclipse,Deming et al. 2023,,1,Infrared Array Camera (IRAC),Spitzer Space Telescope satellite,4.5,4.5,2456191.557125,2456191.557125,"AOR = 45676032, date is start time.",2023AJ....165..104D,49/69/82/42/WASP_38_b_3.11465_5869_312.tbl
WASP-39 b,Eclipse,Deming et al. 2023,,1,Infrared Array Camera (IRAC),Spitzer Space Telescope satellite,3.6,3.6,2456022.334231,2456022.334231,"AOR = 42804992, date is start time.",2023AJ....165..104D,65/97/77/27/WASP_39_b_3.11466_5869_313.tbl
WASP-39 b,Eclipse,Deming et al. 2023,,1,Infrared Array Camera (IRAC),Spitzer Space Telescope satellite,4.5,4.5,2456026.392429,2456026.392429,"AOR = 42804736, date is start time.",2023AJ....165..104D,75/22/68/42/WASP_39_b_3.11466_5869_314.tbl
WASP-43 b,Eclipse,Deming et al. 2023,,1,Infrared Array Camera (IRAC),Spitzer Space Telescope satellite,3.6,3.6,2455773.47621,2455773.47621,"AOR = 42614272, date is start time.",2023AJ....165..104D,39/24/68/11/WASP_43_b_3.11469_5869_315.tbl
WASP-43 b,Eclipse,Deming et al. 2023,,1,Infrared Array Camera (IRAC),Spitzer Space Telescope satellite,3.6,3.6,2457088.905975,2457088.905975,"AOR = 52364544, date is start time.",2023AJ....165..104D,98/87/83/26/WASP_43_b_3.11469_5869_316.tbl
WASP-43 b,Eclipse,Deming et al. 2023,,1,Infrared Array Camera (IRAC),Spitzer Space Telescope satellite,3.6,3.6,2457089.611958,2457089.611958,"AOR = 52365312, date is start time.",2023AJ....165..104D,58/07/42/72/WASP_43_b_3.11469_5869_317.tbl
WASP-43 b,Eclipse,Deming et al. 2023,,1,Infrared Array Camera (IRAC),Spitzer Space Telescope satellite,3.6,3.6,2457270.269013,2457270.269013,"AOR = 57744384, date is start time.",2023AJ....165..104D,03/51/38/77/WASP_43_b_3.11469_5869_318.tbl
WASP-43 b,Eclipse,Deming et al. 2023,,1,Infrared Array Camera (IRAC),Spitzer Space Telescope satellite,3.6,3.6,2457270.90049,2457270.90049,"AOR = 57744640, date is start time.",2023AJ....165..104D,98/39/36/82/WASP_43_b_3.11469_5869_319.tbl
WASP-43 b,Eclipse,Deming et al. 2023,,1,Infrared Array Camera (IRAC),Spitzer Space Telescope satellite,4.5,4.5,2455772.642134,2455772.642134,"AOR = 42615040, date is start time.",2023AJ....165..104D,22/12/79/24/WASP_43_b_3.11469_5869_320.tbl
WASP-43 b,Eclipse,Deming et al. 2023,,1,Infrared Array Camera (IRAC),Spitzer Space Telescope satellite,4.5,4.5,2456896.892992,2456896.892992,"AOR = 51777024, date is start time.",2023AJ....165..104D,14/60/24/40/WASP_43_b_3.11469_5869_321.tbl
WASP-43 b,Eclipse,Deming et al. 2023,,1,Infrared Array Camera (IRAC),Spitzer Space Telescope satellite,4.5,4.5,2456897.599297,2456897.599297,"AOR = 51777792, date is start time.",2023AJ....165..104D,09/81/46/71/WASP_43_b_3.11469_5869_322.tbl
WASP-46 b,Eclipse,Deming et al. 2023,,1,Infrared Array Camera (IRAC),Spitzer Space Telescope satellite,3.6,3.6,2457001.020653,2457001.020653,"AOR = 51823872, date is start time.",2023AJ....165..104D,56/95/38/50/WASP_46_b_3.11472_5869_323.tbl
WASP-46 b,Eclipse,Deming et al. 2023,,1,Infrared Array Camera (IRAC),Spitzer Space Telescope satellite,4.5,4.5,2457005.308293,2457005.308293,"AOR = 51821568, date is start time.",2023AJ....165..104D,10/14/54/56/WASP_46_b_3.11472_5869_324.tbl
WASP-48 b,Eclipse,Deming et al. 2023,,1,Infrared Array Camera (IRAC),Spitzer Space Telescope satellite,3.6,3.6,2455783.729821,2455783.729821,"AOR = 42805504, date is start time.",2023AJ....165..104D,00/86/42/39/WASP_48_b_3.11473_5869_325.tbl
WASP-48 b,Eclipse,Deming et al. 2023,,1,Infrared Array Camera (IRAC),Spitzer Space Telescope satellite,4.5,4.5,2455811.609199,2455811.609199,"AOR = 42805248, date is start time.",2023AJ....165..104D,58/54/99/83/WASP_48_b_3.11473_5869_326.tbl
WASP-49 b,Eclipse,Deming et al. 2023,,1,Infrared Array Camera (IRAC),Spitzer Space Telescope satellite,3.6,3.6,2457003.661384,2457003.661384,"AOR = 51828480, date is start time.",2023AJ....165..104D,03/37/10/87/WASP_49_b_3.11541_5869_327.tbl
WASP-49 b,Eclipse,Deming et al. 2023,,1,Infrared Array Camera (IRAC),Spitzer Space Telescope satellite,4.5,4.5,2457012.009407,2457012.009407,"AOR = 51826688, date is start time.",2023AJ....165..104D,72/09/93/96/WASP_49_b_3.11541_5869_328.tbl
WASP-50 b,Eclipse,Deming et al. 2023,,1,Infrared Array Camera (IRAC),Spitzer Space Telescope satellite,3.6,3.6,2456977.29053,2456977.29053,"AOR = 51832576, date is start time.",2023AJ....165..104D,92/53/97/94/WASP_50_b_3.11475_5869_329.tbl
WASP-50 b,Eclipse,Deming et al. 2023,,1,Infrared Array Camera (IRAC),Spitzer Space Telescope satellite,4.5,4.5,2456987.063031,2456987.063031,"AOR = 51830016, date is start time.",2023AJ....165..104D,25/58/85/83/WASP_50_b_3.11475_5869_330.tbl
WASP-52 b,Eclipse,Deming et al. 2023,,1,Infrared Array Camera (IRAC),Spitzer Space Telescope satellite,3.6,3.6,2457065.105549,2457065.105549,"AOR = 51829248, date is start time.",2023AJ....165..104D,26/53/24/27/WASP_52_b_3.11565_5869_331.tbl
WASP-52 b,Eclipse,Deming et al. 2023,,1,Infrared Array Camera (IRAC),Spitzer Space Telescope satellite,3.6,3.6,2457680.563481,2457680.563481,"AOR = 61516800, date is start time.",2023AJ....165..104D,42/20/17/99/WASP_52_b_3.11565_5869_332.tbl
WASP-52 b,Eclipse,Deming et al. 2023,,1,Infrared Array Camera (IRAC),Spitzer Space Telescope satellite,3.6,3.6,2457679.210216,2457679.210216,"AOR = 61517568, date is start time.",2023AJ....165..104D,25/10/40/49/WASP_52_b_3.11565_5869_333.tbl
WASP-52 b,Eclipse,Deming et al. 2023,,1,Infrared Array Camera (IRAC),Spitzer Space Telescope satellite,3.6,3.6,2458049.416515,2458049.416515,"AOR = 63247360, date is start time.",2023AJ....165..104D,17/41/42/01/WASP_52_b_3.11565_5869_334.tbl
WASP-52 b,Eclipse,Deming et al. 2023,,1,Infrared Array Camera (IRAC),Spitzer Space Telescope satellite,3.6,3.6,2458048.4169,2458048.4169,"AOR = 63247616, date is start time.",2023AJ....165..104D,04/66/70/85/WASP_52_b_3.11565_5869_335.tbl
WASP-52 b,Eclipse,Deming et al. 2023,,1,Infrared Array Camera (IRAC),Spitzer Space Telescope satellite,4.5,4.5,2458198.898437,2458198.898437,"AOR = 61516032, date is start time.",2023AJ....165..104D,19/06/33/98/WASP_52_b_3.11565_5869_336.tbl
WASP-62 b,Eclipse,Deming et al. 2023,,1,Infrared Array Camera (IRAC),Spitzer Space Telescope satellite,3.6,3.6,2456545.996784,2456545.996784,"AOR = 48680960, date is start time.",2023AJ....165..104D,90/86/89/40/WASP_62_b_3.11544_5869_337.tbl
WASP-62 b,Eclipse,Deming et al. 2023,,1,Infrared Array Camera (IRAC),Spitzer Space Telescope satellite,3.6,3.6,2456991.588682,2456991.588682,"AOR = 51823360, date is start time.",2023AJ....165..104D,92/97/11/38/WASP_62_b_3.11544_5869_338.tbl
WASP-62 b,Eclipse,Deming et al. 2023,,1,Infrared Array Camera (IRAC),Spitzer Space Telescope satellite,4.5,4.5,2456554.829148,2456554.829148,"AOR = 48680448, date is start time.",2023AJ....165..104D,49/18/22/89/WASP_62_b_3.11544_5869_339.tbl
WASP-62 b,Eclipse,Deming et al. 2023,,1,Infrared Array Camera (IRAC),Spitzer Space Telescope satellite,4.5,4.5,2457062.182147,2457062.182147,"AOR = 51821056, date is start time.",2023AJ....165..104D,86/67/52/94/WASP_62_b_3.11544_5869_340.tbl
WASP-63 b,Eclipse,Deming et al. 2023,,1,Infrared Array Camera (IRAC),Spitzer Space Telescope satellite,3.6,3.6,2457014.010997,2457014.010997,"AOR = 51835904, date is start time.",2023AJ....165..104D,65/48/16/58/WASP_63_b_3.11545_5869_341.tbl
WASP-63 b,Eclipse,Deming et al. 2023,,1,Infrared Array Camera (IRAC),Spitzer Space Telescope satellite,4.5,4.5,2457035.903674,2457035.903674,"AOR = 51834112, date is start time.",2023AJ....165..104D,11/33/74/42/WASP_63_b_3.11545_5869_342.tbl
WASP-64 b,Eclipse,Deming et al. 2023,,1,Infrared Array Camera (IRAC),Spitzer Space Telescope satellite,3.6,3.6,2457019.999196,2457019.999196,"AOR = 51816704, date is start time.",2023AJ....165..104D,21/75/89/60/WASP_64_b_3.11583_5869_343.tbl
WASP-64 b,Eclipse,Deming et al. 2023,,1,Infrared Array Camera (IRAC),Spitzer Space Telescope satellite,4.5,4.5,2457015.285,2457015.285,"AOR = 51842560, date is start time.",2023AJ....165..104D,88/34/84/45/WASP_64_b_3.11583_5869_344.tbl
WASP-65 b,Eclipse,Deming et al. 2023,,1,Infrared Array Camera (IRAC),Spitzer Space Telescope satellite,3.6,3.6,2457048.156891,2457048.156891,"AOR = 51828224, date is start time.",2023AJ....165..104D,75/97/47/12/WASP_65_b_3.11622_5869_345.tbl
WASP-65 b,Eclipse,Deming et al. 2023,,1,Infrared Array Camera (IRAC),Spitzer Space Telescope satellite,4.5,4.5,2457050.451399,2457050.451399,"AOR = 51826432, date is start time.",2023AJ....165..104D,24/28/47/19/WASP_65_b_3.11622_5869_346.tbl
WASP-67 b,Eclipse,Deming et al. 2023,,1,Infrared Array Camera (IRAC),Spitzer Space Telescope satellite,3.6,3.6,2456837.407195,2456837.407195,"AOR = 50666496, date is start time.",2023AJ....165..104D,67/75/91/63/WASP_67_b_3.11547_5869_347.tbl
WASP-67 b,Eclipse,Deming et al. 2023,,1,Infrared Array Camera (IRAC),Spitzer Space Telescope satellite,4.5,4.5,2456869.714168,2456869.714168,"AOR = 50675712, date is start time.",2023AJ....165..104D,09/78/01/01/WASP_67_b_3.11547_5869_348.tbl
WASP-67 b,Eclipse,Deming et al. 2023,,1,Infrared Array Camera (IRAC),Spitzer Space Telescope satellite,4.5,4.5,2456846.642539,2456846.642539,"AOR = 50675968, date is start time.",2023AJ....165..104D,47/80/40/81/WASP_67_b_3.11547_5869_349.tbl
WASP-69 b,Eclipse,Deming et al. 2023,,1,Infrared Array Camera (IRAC),Spitzer Space Telescope satellite,3.6,3.6,2456861.00988,2456861.00988,"AOR = 50777088, date is start time.",2023AJ....165..104D,29/17/77/47/WASP_69_b_3.11714_5869_350.tbl
WASP-69 b,Eclipse,Deming et al. 2023,,1,Infrared Array Camera (IRAC),Spitzer Space Telescope satellite,3.6,3.6,2456868.74049,2456868.74049,"AOR = 50777344, date is start time.",2023AJ....165..104D,40/45/31/76/WASP_69_b_3.11714_5869_351.tbl
WASP-69 b,Eclipse,Deming et al. 2023,,1,Infrared Array Camera (IRAC),Spitzer Space Telescope satellite,4.5,4.5,2456888.076477,2456888.076477,"AOR = 50776064, date is start time.",2023AJ....165..104D,34/01/56/64/WASP_69_b_3.11714_5869_352.tbl
WASP-69 b,Eclipse,Deming et al. 2023,,1,Infrared Array Camera (IRAC),Spitzer Space Telescope satellite,4.5,4.5,2457031.240391,2457031.240391,"AOR = 51884032, date is start time.",2023AJ....165..104D,40/84/00/11/WASP_69_b_3.11714_5869_353.tbl
WASP-72 b,Eclipse,Deming et al. 2023,,1,Infrared Array Camera (IRAC),Spitzer Space Telescope satellite,3.6,3.6,2456979.199093,2456979.199093,"AOR = 51816192, date is start time.",2023AJ....165..104D,80/28/88/63/WASP_72_b_3.11584_5869_354.tbl
WASP-72 b,Eclipse,Deming et al. 2023,,1,Infrared Array Camera (IRAC),Spitzer Space Telescope satellite,4.5,4.5,2456981.414671,2456981.414671,"AOR = 51842304, date is start time.",2023AJ....165..104D,46/24/25/26/WASP_72_b_3.11584_5869_355.tbl
WASP-74 b,Eclipse,Deming et al. 2023,,1,Infrared Array Camera (IRAC),Spitzer Space Telescope satellite,3.6,3.6,2457769.411062,2457769.411062,"AOR = 62170880, date is start time.",2023AJ....165..104D,61/23/16/32/WASP_74_b_3.11772_5869_356.tbl
WASP-74 b,Eclipse,Deming et al. 2023,,1,Infrared Array Camera (IRAC),Spitzer Space Telescope satellite,4.5,4.5,2457797.196251,2457797.196251,"AOR = 62171904, date is start time.",2023AJ....165..104D,40/00/31/35/WASP_74_b_3.11772_5869_357.tbl
WASP-74 b,Eclipse,Deming et al. 2023,,1,Infrared Array Camera (IRAC),Spitzer Space Telescope satellite,4.5,4.5,2458512.620066,2458512.620066,"AOR = 67660032, date is start time.",2023AJ....165..104D,33/98/32/81/WASP_74_b_3.11772_5869_358.tbl
WASP-74 b,Eclipse,Deming et al. 2023,,1,Infrared Array Camera (IRAC),Spitzer Space Telescope satellite,4.5,4.5,2458511.204078,2458511.204078,"AOR = 67660544, date is start time.",2023AJ....165..104D,94/81/05/51/WASP_74_b_3.11772_5869_359.tbl
WASP-75 b,Eclipse,Deming et al. 2023,,1,Infrared Array Camera (IRAC),Spitzer Space Telescope satellite,3.6,3.6,2457056.155841,2457056.155841,"AOR = 51826176, date is start time.",2023AJ....165..104D,25/59/41/37/WASP_75_b_3.11623_5869_360.tbl
WASP-75 b,Eclipse,Deming et al. 2023,,1,Infrared Array Camera (IRAC),Spitzer Space Telescope satellite,4.5,4.5,2457058.647447,2457058.647447,"AOR = 51824384, date is start time.",2023AJ....165..104D,69/25/09/12/WASP_75_b_3.11623_5869_361.tbl
WASP-76 b,Eclipse,Deming et al. 2023,,1,Infrared Array Camera (IRAC),Spitzer Space Telescope satellite,3.6,3.6,2457469.870967,2457469.870967,"AOR = 58239232, date is start time.",2023AJ....165..104D,85/88/29/65/WASP_76_b_3.11846_5869_362.tbl
WASP-97 b,Eclipse,Deming et al. 2023,,1,Infrared Array Camera (IRAC),Spitzer Space Telescope satellite,4.5,4.5,2457699.618586,2457699.618586,"AOR = 62177536, date is start time.",2023AJ....165..104D,01/11/82/33/WASP_97_b_3.11668_5869_395.tbl
WASP-100 b,Eclipse,Deming et al. 2023,,1,Infrared Array Camera (IRAC),Spitzer Space Telescope satellite,3.6,3.6,2457698.490292,2457698.490292,"AOR = 62156544, date is start time.",2023AJ....165..104D,45/30/99/98/WASP_100_b_3.11671_5869_396.tbl
WASP-100 b,Eclipse,Deming et al. 2023,,1,Infrared Array Camera (IRAC),Spitzer Space Telescope satellite,4.5,4.5,2457704.227678,2457704.227678,"AOR = 62157056, date is start time.",2023AJ....165..104D,79/47/79/02/WASP_100_b_3.11671_5869_397.tbl
WASP-101 b,Eclipse,Deming et al. 2023,,1,Infrared Array Camera (IRAC),Spitzer Space Telescope satellite,3.6,3.6,2457762.280928,2457762.280928,"AOR = 62157568, date is start time.",2023AJ....165..104D,93/97/72/05/WASP_101_b_3.11672_5869_398.tbl
WASP-101 b,Eclipse,Deming et al. 2023,,1,Infrared Array Camera (IRAC),Spitzer Space Telescope satellite,4.5,4.5,2457780.208031,2457780.208031,"AOR = 62158592, date is start time.",2023AJ....165..104D,96/38/48/09/WASP_101_b_3.11672_5869_399.tbl
WASP-103 b,Eclipse,Deming et al. 2023,,1,Infrared Array Camera (IRAC),Spitzer Space Telescope satellite,3.6,3.6,2457171.824416,2457171.824416,"AOR = 53518080, date is start time.",2023AJ....165..104D,39/77/64/88/WASP_103_b_3.11649_5869_400.tbl
WASP-103 b,Eclipse,Deming et al. 2023,,1,Infrared Array Camera (IRAC),Spitzer Space Telescope satellite,3.6,3.6,2457171.013421,2457171.013421,"AOR = 53519104, date is start time.",2023AJ....165..104D,44/17/03/65/WASP_103_b_3.11649_5869_401.tbl
WASP-103 b,Eclipse,Deming et al. 2023,,1,Infrared Array Camera (IRAC),Spitzer Space Telescope satellite,4.5,4.5,2457163.489732,2457163.489732,"AOR = 53513472, date is start time.",2023AJ....165..104D,96/38/17/09/WASP_103_b_3.11649_5869_402.tbl
WASP-103 b,Eclipse,Deming et al. 2023,,1,Infrared Array Camera (IRAC),Spitzer Space Telescope satellite,4.5,4.5,2457162.678904,2457162.678904,"AOR = 53514240, date is start time.",2023AJ....165..104D,87/73/60/10/WASP_103_b_3.11649_5869_403.tbl
WASP-104 b,Eclipse,Deming et al. 2023,,1,Infrared Array Camera (IRAC),Spitzer Space Telescope satellite,3.6,3.6,2457851.890425,2457851.890425,"AOR = 62179584, date is start time.",2023AJ....165..104D,13/58/04/12/WASP_104_b_3.11702_5869_404.tbl
WASP-104 b,Eclipse,Deming et al. 2023,,1,Infrared Array Camera (IRAC),Spitzer Space Telescope satellite,4.5,4.5,2457857.146669,2457857.146669,"AOR = 62180864, date is start time.",2023AJ....165..104D,76/59/64/60/WASP_104_b_3.11702_5869_405.tbl
WASP-107 b,Eclipse,Deming et al. 2023,,1,Infrared Array Camera (IRAC),Spitzer Space Telescope satellite,3.6,3.6,2458016.462749,2458016.462749,"AOR = 63160576, date is start time.",2023AJ....165..104D,42/49/68/31/WASP_107_b_3.12045_5869_406.tbl
WASP-107 b,Eclipse,Deming et al. 2023,,1,Infrared Array Camera (IRAC),Spitzer Space Telescope satellite,3.6,3.6,2458245.045037,2458245.045037,"AOR = 65315840, date is start time.",2023AJ....165..104D,85/39/05/03/WASP_107_b_3.12045_5869_407.tbl
WASP-107 b,Eclipse,Deming et al. 2023,,1,Infrared Array Camera (IRAC),Spitzer Space Telescope satellite,4.5,4.5,2458022.183013,2458022.183013,"AOR = 63161344, date is start time.",2023AJ....165..104D,54/11/85/89/WASP_107_b_3.12045_5869_408.tbl
WASP-107 b,Eclipse,Deming et al. 2023,,1,Infrared Array Camera (IRAC),Spitzer Space Telescope satellite,4.5,4.5,2458227.877842,2458227.877842,"AOR = 65315328, date is start time.",2023AJ....165..104D,59/53/39/66/WASP_107_b_3.12045_5869_409.tbl
WASP-121 b,Eclipse,Deming et al. 2023,,1,Infrared Array Camera (IRAC),Spitzer Space Telescope satellite,3.6,3.6,2457783.915932,2457783.915932,"AOR = 62159616, date is start time.",2023AJ....165..104D,33/22/32/09/WASP_121_b_3.11900_5869_410.tbl
WASP-121 b,Eclipse,Deming et al. 2023,,1,Infrared Array Camera (IRAC),Spitzer Space Telescope satellite,3.6,3.6,2458148.532941,2458148.532941,"AOR = 64973056, date is start time.",2023AJ....165..104D,02/01/64/80/WASP_121_b_3.11900_5869_411.tbl
WASP-121 b,Eclipse,Deming et al. 2023,,1,Infrared Array Camera (IRAC),Spitzer Space Telescope satellite,3.6,3.6,2458149.665697,2458149.665697,"AOR = 64975104, date is start time.",2023AJ....165..104D,19/79/22/64/WASP_121_b_3.11900_5869_412.tbl
WASP-121 b,Eclipse,Deming et al. 2023,,1,Infrared Array Camera (IRAC),Spitzer Space Telescope satellite,4.5,4.5,2457906.26287,2457906.26287,"AOR = 62160640, date is start time.",2023AJ....165..104D,24/23/67/46/WASP_121_b_3.11900_5869_413.tbl
WASP-121 b,Eclipse,Deming et al. 2023,,1,Infrared Array Camera (IRAC),Spitzer Space Telescope satellite,4.5,4.5,2458147.127883,2458147.127883,"AOR = 64972288, date is start time.",2023AJ....165..104D,53/97/57/24/WASP_121_b_3.11900_5869_414.tbl
WASP-121 b,Eclipse,Deming et al. 2023,,1,Infrared Array Camera (IRAC),Spitzer Space Telescope satellite,4.5,4.5,2458145.995398,2458145.995398,"AOR = 64974592, date is start time.",2023AJ....165..104D,86/18/91/83/WASP_121_b_3.11900_5869_415.tbl
KELT-14 b,Eclipse,Deming et al. 2023,,1,Infrared Array Camera (IRAC),Spitzer Space Telescope satellite,3.6,3.6,2457782.195205,2457782.195205,"AOR = 61521920, date is start time.",2023AJ....165..104D,36/91/43/56/WASP_122_b_3.11866_5869_416.tbl
KELT-14 b,Eclipse,Deming et al. 2023,,1,Infrared Array Camera (IRAC),Spitzer Space Telescope satellite,3.6,3.6,2457781.204029,2457781.204029,"AOR = 61522176, date is start time.",2023AJ....165..104D,27/90/24/03/WASP_122_b_3.11866_5869_417.tbl
KELT-14 b,Eclipse,Deming et al. 2023,,1,Infrared Array Camera (IRAC),Spitzer Space Telescope satellite,4.5,4.5,2457775.36683,2457775.36683,"AOR = 61520128, date is start time.",2023AJ....165..104D,36/60/48/42/WASP_122_b_3.11866_5869_418.tbl
KELT-14 b,Eclipse,Deming et al. 2023,,1,Infrared Array Camera (IRAC),Spitzer Space Telescope satellite,4.5,4.5,2457774.375743,2457774.375743,"AOR = 61520384, date is start time.",2023AJ....165..104D,25/65/87/16/WASP_122_b_3.11866_5869_419.tbl
WASP-127 b,Eclipse,Deming et al. 2023,,1,Infrared Array Camera (IRAC),Spitzer Space Telescope satellite,3.6,3.6,2457986.179241,2457986.179241,"AOR = 62161664, date is start time.",2023AJ....165..104D,08/93/37/19/WASP_127_b_3.11973_5869_420.tbl
WASP-127 b,Eclipse,Deming et al. 2023,,1,Infrared Array Camera (IRAC),Spitzer Space Telescope satellite,4.5,4.5,2457998.718218,2457998.718218,"AOR = 62162176, date is start time.",2023AJ....165..104D,52/88/62/09/WASP_127_b_3.11973_5869_421.tbl
WASP-131 b,Eclipse,Deming et al. 2023,,1,Infrared Array Camera (IRAC),Spitzer Space Telescope satellite,3.6,3.6,2457917.745234,2457917.745234,"AOR = 62162688, date is start time.",2023AJ....165..104D,48/09/02/52/WASP_131_b_3.11960_5869_422.tbl
WASP-131 b,Eclipse,Deming et al. 2023,,1,Infrared Array Camera (IRAC),Spitzer Space Telescope satellite,4.5,4.5,2457912.420252,2457912.420252,"AOR = 62163712, date is start time.",2023AJ....165..104D,17/29/53/50/WASP_131_b_3.11960_5869_423.tbl
WASP-140 b,Eclipse,Deming et al. 2023,,1,Infrared Array Camera (IRAC),Spitzer Space Telescope satellite,4.5,4.5,2458487.049723,2458487.049723,"AOR = 67658752, date is start time.",2023AJ....165..104D,78/71/15/95/WASP_140_b_3.11963_5869_424.tbl
WASP-140 b,Eclipse,Deming et al. 2023,,1,Infrared Array Camera (IRAC),Spitzer Space Telescope satellite,4.5,4.5,2458485.566301,2458485.566301,"AOR = 67659520, date is start time.",2023AJ....165..104D,09/67/76/56/WASP_140_b_3.11963_5869_425.tbl
XO-1 b,Eclipse,Deming et al. 2023,,1,Infrared Array Camera (IRAC),Spitzer Space Telescope satellite,3.6,3.6,2454323.437346,2454323.437346,"AOR = 21374208, date is start time.",2023AJ....165..104D,23/86/54/84/XO_1_b_3.11480_5869_426.tbl
XO-1 b,Eclipse,Deming et al. 2023,,1,Infrared Array Camera (IRAC),Spitzer Space Telescope satellite,4.5,4.5,2454193.366939,2454193.366939,"AOR = 21374464, date is start time.",2023AJ....165..104D,44/55/15/63/XO_1_b_3.11480_5869_427.tbl
XO-2 N b,Eclipse,Deming et al. 2023,,1,Infrared Array Camera (IRAC),Spitzer Space Telescope satellite,3.6,3.6,2454421.289816,2454421.289816,"AOR = 24462080, date is start time.",2023AJ....165..104D,15/96/36/64/XO_2_b_3.11481_5869_428.tbl
XO-2 N b,Eclipse,Deming et al. 2023,,1,Infrared Array Camera (IRAC),Spitzer Space Telescope satellite,4.5,4.5,2454423.910447,2454423.910447,"AOR = 24462336, date is start time.",2023AJ....165..104D,41/57/08/25/XO_2_b_3.11481_5869_429.tbl
XO-3 b,Eclipse,Deming et al. 2023,,1,Infrared Array Camera (IRAC),Spitzer Space Telescope satellite,3.6,3.6,2454908.554822,2454908.554822,"AOR = 31618560, date is start time.",2023AJ....165..104D,91/57/45/16/XO_3_b_3.11482_5869_430.tbl
XO-3 b,Eclipse,Deming et al. 2023,,1,Infrared Array Camera (IRAC),Spitzer Space Telescope satellite,3.6,3.6,2455278.556134,2455278.556134,"AOR = 39117056, date is start time.",2023AJ....165..104D,92/56/77/07/XO_3_b_3.11482_5869_431.tbl
XO-3 b,Eclipse,Deming et al. 2023,,1,Infrared Array Camera (IRAC),Spitzer Space Telescope satellite,3.6,3.6,2456398.702024,2456398.702024,"AOR = 46482944, date is start time.",2023AJ....165..104D,72/22/24/91/XO_3_b_3.11482_5869_432.tbl
XO-3 b,Eclipse,Deming et al. 2023,,1,Infrared Array Camera (IRAC),Spitzer Space Telescope satellite,3.6,3.6,2456395.693395,2456395.693395,"AOR = 46485760, date is start time.",2023AJ....165..104D,50/08/99/03/XO_3_b_3.11482_5869_433.tbl
XO-3 b,Eclipse,Deming et al. 2023,,1,Infrared Array Camera (IRAC),Spitzer Space Telescope satellite,4.5,4.5,2454943.673213,2454943.673213,"AOR = 31618816, date is start time.",2023AJ....165..104D,68/60/78/33/XO_3_b_3.11482_5869_434.tbl
XO-3 b,Eclipse,Deming et al. 2023,,1,Infrared Array Camera (IRAC),Spitzer Space Telescope satellite,4.5,4.5,2455294.510175,2455294.510175,"AOR = 39117824, date is start time.",2023AJ....165..104D,54/07/27/43/XO_3_b_3.11482_5869_435.tbl
XO-3 b,Eclipse,Deming et al. 2023,,1,Infrared Array Camera (IRAC),Spitzer Space Telescope satellite,4.5,4.5,2456437.2333,2456437.2333,"AOR = 46468096, date is start time.",2023AJ....165..104D,03/07/10/68/XO_3_b_3.11482_5869_436.tbl
XO-3 b,Eclipse,Deming et al. 2023,,1,Infrared Array Camera (IRAC),Spitzer Space Telescope satellite,4.5,4.5,2456434.049408,2456434.049408,"AOR = 46468352, date is start time.",2023AJ....165..104D,77/07/69/55/XO_3_b_3.11482_5869_437.tbl
XO-3 b,Eclipse,Deming et al. 2023,,1,Infrared Array Camera (IRAC),Spitzer Space Telescope satellite,4.5,4.5,2456430.858328,2456430.858328,"AOR = 46468608, date is start time.",2023AJ....165..104D,93/44/67/37/XO_3_b_3.11482_5869_438.tbl
XO-3 b,Eclipse,Deming et al. 2023,,1,Infrared Array Camera (IRAC),Spitzer Space Telescope satellite,4.5,4.5,2456405.322612,2456405.322612,"AOR = 46469120, date is start time.",2023AJ....165..104D,60/40/70/96/XO_3_b_3.11482_5869_439.tbl
XO-3 b,Eclipse,Deming et al. 2023,,1,Infrared Array Camera (IRAC),Spitzer Space Telescope satellite,4.5,4.5,2456271.325495,2456271.325495,"AOR = 46469632, date is start time.",2023AJ....165..104D,01/03/87/56/XO_3_b_3.11482_5869_440.tbl
XO-3 b,Eclipse,Deming et al. 2023,,1,Infrared Array Camera (IRAC),Spitzer Space Telescope satellite,4.5,4.5,2456264.937606,2456264.937606,"AOR = 46470400, date is start time.",2023AJ....165..104D,07/55/99/42/XO_3_b_3.11482_5869_441.tbl
XO-3 b,Eclipse,Deming et al. 2023,,1,Infrared Array Camera (IRAC),Spitzer Space Telescope satellite,4.5,4.5,2456255.364579,2456255.364579,"AOR = 46470656, date is start time.",2023AJ....165..104D,84/73/13/47/XO_3_b_3.11482_5869_442.tbl
XO-3 b,Eclipse,Deming et al. 2023,,1,Infrared Array Camera (IRAC),Spitzer Space Telescope satellite,4.5,4.5,2456252.166644,2456252.166644,"AOR = 46470912, date is start time.",2023AJ....165..104D,88/71/52/81/XO_3_b_3.11482_5869_443.tbl
XO-3 b,Eclipse,Deming et al. 2023,,1,Infrared Array Camera (IRAC),Spitzer Space Telescope satellite,4.5,4.5,2456248.996182,2456248.996182,"AOR = 46471168, date is start time.",2023AJ....165..104D,61/28/75/21/XO_3_b_3.11482_5869_444.tbl
XO-3 b,Eclipse,Deming et al. 2023,,1,Infrared Array Camera (IRAC),Spitzer Space Telescope satellite,4.5,4.5,2456242.588121,2456242.588121,"AOR = 46471424, date is start time.",2023AJ....165..104D,74/65/43/66/XO_3_b_3.11482_5869_445.tbl
XO-3 b,Eclipse,Deming et al. 2023,,1,Infrared Array Camera (IRAC),Spitzer Space Telescope satellite,4.5,4.5,2456421.039252,2456421.039252,"AOR = 46484992, date is start time.",2023AJ....165..104D,06/19/17/03/XO_3_b_3.11482_5869_446.tbl
XO-3 b,Eclipse,Deming et al. 2023,,1,Infrared Array Camera (IRAC),Spitzer Space Telescope satellite,4.5,4.5,2456418.031371,2456418.031371,"AOR = 46487296, date is start time.",2023AJ....165..104D,38/00/66/78/XO_3_b_3.11482_5869_447.tbl
XO-4 b,Eclipse,Deming et al. 2023,,1,Infrared Array Camera (IRAC),Spitzer Space Telescope satellite,3.6,3.6,2455181.143071,2455181.143071,"AOR = 31766784, date is start time.",2023AJ....165..104D,49/15/54/01/XO_4_b_3.11483_5869_448.tbl
XO-4 b,Eclipse,Deming et al. 2023,,1,Infrared Array Camera (IRAC),Spitzer Space Telescope satellite,4.5,4.5,2455172.894673,2455172.894673,"AOR = 31761920, date is start time.",2023AJ....165..104D,50/77/09/22/XO_4_b_3.11483_5869_449.tbl
GJ 3090 b,Transmission,Ahrer et al. 2025,,70,Near Infrared Imager and Slitless Spectrograph (NIRISS),NASA 6.5m James Webb Space Telescope (JWST) Satellite Mission,0.6123,2.8269,2460284.5,2460284.5,NIRISS/SOSS; exoTEDRF reduction; Visit 1; Figure 3,2025ApJ...985L..10A,77/18/53/48/GJ_3090_b_3.13217_5885_1.tbl
GJ 3090 b,Transmission,Ahrer et al. 2025,,82,Near Infrared Imager and Slitless Spectrograph (NIRISS),NASA 6.5m James Webb Space Telescope (JWST) Satellite Mission,0.6069,2.8266,2460284.5,2460284.5,NIRISS/SOSS; NAMELESS reduction; Visit 1,2025ApJ...985L..10A,88/48/78/46/GJ_3090_b_3.13217_5885_2.tbl
GJ 3090 b,Transmission,Ahrer et al. 2025,,56,Near Infrared Spectrograph (NIRSpec) - G395H,NASA 6.5m James Webb Space Telescope (JWST) Satellite Mission,2.9149,5.1687,2460158.5,2460158.5,exoTEDRF reduction; Visit 1; Figure 4,2025ApJ...985L..10A,31/93/93/94/GJ_3090_b_3.13217_5885_3.tbl
GJ 3090 b,Transmission,Ahrer et al. 2025,,61,Near Infrared Spectrograph (NIRSpec) - G395H,NASA 6.5m James Webb Space Telescope (JWST) Satellite Mission,2.7765,5.1797,2460158.5,2460158.5,Eureka! reduction; Visit 1,2025ApJ...985L..10A,61/05/46/78/GJ_3090_b_3.13217_5885_4.tbl
GJ 3090 b,Transmission,Ahrer et al. 2025,,70,Near Infrared Imager and Slitless Spectrograph (NIRISS),NASA 6.5m James Webb Space Telescope (JWST) Satellite Mission,0.6123,2.8269,2460495.5,2460495.5,NIRISS/SOSS; exoTEDRF reduction; Visit 2; Figure 3,2025ApJ...985L..10A,55/38/63/47/GJ_3090_b_3.13217_5885_5.tbl
GJ 3090 b,Transmission,Ahrer et al. 2025,,82,Near Infrared Imager and Slitless Spectrograph (NIRISS),NASA 6.5m James Webb Space Telescope (JWST) Satellite Mission,0.6069,2.8266,2960495.5,2960495.5,NIRISS/SOSS; NAMELESS reduction; Visit 2,2025ApJ...985L..10A,09/39/14/90/GJ_3090_b_3.13217_5885_6.tbl
GJ 3090 b,Transmission,Ahrer et al. 2025,,56,Near Infrared Spectrograph (NIRSpec) - G395H,NASA 6.5m James Webb Space Telescope (JWST) Satellite Mission,2.9147,5.1676,2460189.5,2460189.5,exoTEDRF reduction; Visit 2; Figure 4,2025ApJ...985L..10A,42/68/82/69/GJ_3090_b_3.13217_5885_7.tbl
GJ 3090 b,Transmission,Ahrer et al. 2025,,61,Near Infrared Spectrograph (NIRSpec) - G395H,NASA 6.5m James Webb Space Telescope (JWST) Satellite Mission,2.7765,5.1797,2460189.5,2460189.5,Eureka! reduction; Visit 2,2025ApJ...985L..10A,92/35/56/78/GJ_3090_b_3.13217_5885_8.tbl
HAT-P-14 b,Transmission,Liu et al. 2025,,137,Near Infrared Imager and Slitless Spectrograph (NIRISS),NASA 6.5m James Webb Space Telescope (JWST) Satellite Mission,0.6035,2.7591,2459738.962267,2459738.962267,SOSS order combined; Figure 8,2025AJ....169..335L,04/00/36/66/HAT_P_14_b_3.10996_5886_1.tbl
HAT-P-14 b,Transmission,Liu et al. 2025,,63,Near Infrared Spectrograph (NIRSpec) - G395H,NASA 6.5m James Webb Space Telescope (JWST) Satellite Mission,2.7374,5.1328,2459730.206739,2459730.206739,NRS1 & NRS2 combined; Figure 8,2025AJ....169..335L,08/31/52/21/HAT_P_14_b_3.10996_5886_2.tbl
HR 8799 c,Direct Imaging,Ruffio et al. 2026,,2222,Near Infrared Spectrograph (NIRSpec) - G395H,NASA 6.5m James Webb Space Telescope (JWST) Satellite Mission,2.859,4.1028,2460154.5,2460154.5,Figure 2; spectra are high-pass filtered; NRS1,2026NatAs..10..511R,99/49/84/47/HR_8799_c_3.11391_5887_1.tbl
HR 8799 c,Direct Imaging,Ruffio et al. 2026,,2142,Near Infrared Spectrograph (NIRSpec) - G395H,NASA 6.5m James Webb Space Telescope (JWST) Satellite Mission,4.081,5.28,2460154.5,2460154.5,Figure 2; spectra are high-pass filtered; NRS2,2026NatAs..10..511R,12/19/20/04/HR_8799_c_3.11391_5887_2.tbl
HR 8799 d,Direct Imaging,Ruffio et al. 2026,,2222,Near Infrared Spectrograph (NIRSpec) - G395H,NASA 6.5m James Webb Space Telescope (JWST) Satellite Mission,2.859,4.1028,2460154.5,2460154.5,Figure 2; spectra are high-pass filtered; NRS1,2026NatAs..10..511R,59/26/27/26/HR_8799_d_3.11392_5887_3.tbl
HR 8799 d,Direct Imaging,Ruffio et al. 2026,,2142,Near Infrared Spectrograph (NIRSpec) - G395H,NASA 6.5m James Webb Space Telescope (JWST) Satellite Mission,4.081,5.28,2460154.5,2460154.5,Figure 2; spectra are high-pass filtered; NRS2,2026NatAs..10..511R,85/45/03/02/HR_8799_d_3.11392_5887_4.tbl
HR 8799 e,Direct Imaging,Ruffio et al. 2026,,2222,Near Infrared Spectrograph (NIRSpec) - G395H,NASA 6.5m James Webb Space Telescope (JWST) Satellite Mission,2.859,4.1028,2460154.5,2460154.5,Figure 2; spectra are high-pass filtered; NRS1,2026NatAs..10..511R,85/13/03/49/HR_8799_e_3.11393_5887_5.tbl
HR 8799 e,Direct Imaging,Ruffio et al. 2026,,2142,Near Infrared Spectrograph (NIRSpec) - G395H,NASA 6.5m James Webb Space Telescope (JWST) Satellite Mission,4.081,5.28,2460154.5,2460154.5,Figure 2; spectra are high-pass filtered; NRS2,2026NatAs..10..511R,41/92/98/79/HR_8799_e_3.11393_5887_6.tbl
2MASS J01033563-5515561 AB b,Direct Imaging,M&acirc;lin et al. 2025,,10920,Mid-Infrared Instrument (MIRI) - MRS,NASA 6.5m James Webb Space Telescope (JWST) Satellite Mission,4.9004,24.485,,,Figure 2; Circumplanetary disk features present,2025A&A...704A.181M,98/85/23/58/Delorme_1_AB_b_3.12580_5933_1.tbl
TYC 8998-760-1 b,Direct Imaging,Hoch et al. 2025,,240,Mid-Infrared Instrument (MIRI),NASA 6.5m James Webb Space Telescope (JWST) Satellite Mission,5.0646,11.986,,,Figure 1; Circumplanetary disk features present,2025Natur.643..938H,38/23/69/60/YSES_1_b_3.12512_5932_1.tbl
TYC 8998-760-1 c,Direct Imaging,Hoch et al. 2025,,240,Mid-Infrared Instrument (MIRI),NASA 6.5m James Webb Space Telescope (JWST) Satellite Mission,5.0646,11.986,,,Figure 1,2025Natur.643..938H,50/71/12/44/YSES_1_c_3.12559_5932_2.tbl
TYC 8998-760-1 b,Direct Imaging,Hoch et al. 2025,,941,Near Infrared Spectrograph (NIRSpec) - PRISM,NASA 6.5m James Webb Space Telescope (JWST) Satellite Mission,0.6025,5.3025,,,Figure 1,2025Natur.643..938H,25/92/75/38/YSES_1_b_3.12512_5932_3.tbl
TYC 8998-760-1 c,Direct Imaging,Hoch et al. 2025,,941,Near Infrared Spectrograph (NIRSpec) - PRISM,NASA 6.5m James Webb Space Telescope (JWST) Satellite Mission,0.6025,5.3025,,,Figure 1,2025Natur.643..938H,92/15/77/97/YSES_1_c_3.12559_5932_4.tbl
HD 145675 c,Direct Imaging,Bardalez Gagliuffi et al. 2025,,2,Near Infrared Camera (NIRCam),NASA 6.5m James Webb Space Telescope (JWST) Satellite Mission,1.991,4.432,2460449.272049,2460449.272049,Data from Section 2.2; F200W and F444W filters; date is start time,2025ApJ...988L..18B,83/94/38/60/14_Her_c_3.12723_5946_1.tbl
TOI-1685 b,Transmission,Fisher et al. 2026,,53,Near Infrared Spectrograph (NIRSpec) - G395H,NASA 6.5m James Webb Space Telescope (JWST) Satellite Mission,2.9101,5.1049,,,Eureka!; Figure 6,2026MNRAS.545f2187F,30/92/15/94/TOI_1685_b_3.12738_5947_1.tbl
TOI-1685 b,Transmission,Fisher et al. 2026,,53,Near Infrared Spectrograph (NIRSpec) - G395H,NASA 6.5m James Webb Space Telescope (JWST) Satellite Mission,2.9101,5.1049,,,transitspectroscopy; Figure 6,2026MNRAS.545f2187F,21/41/46/34/TOI_1685_b_3.12738_5947_2.tbl
TOI-1685 b,Transmission,Fisher et al. 2026,,53,Near Infrared Spectrograph (NIRSpec) - G395H,NASA 6.5m James Webb Space Telescope (JWST) Satellite Mission,2.9101,5.1049,,,merlin; Figure 6,2026MNRAS.545f2187F,94/46/41/85/TOI_1685_b_3.12738_5947_3.tbl
LTT 3780 c,Transmission,Rigby et al. 2025,,1018,Near Infrared Imager and Slitless Spectrograph (NIRISS),NASA 6.5m James Webb Space Telescope (JWST) Satellite Mission,0.8527,2.8262,2460421.441727,2460421.441727,"Figure 2, SOSS",2025ApJ...995L..70R,22/07/32/14/TOI_732_c_3.12529_5941_3.tbl
LTT 3780 c,Transmission,Rigby et al. 2025,,29,Mid-Infrared Instrument (MIRI),NASA 6.5m James Webb Space Telescope (JWST) Satellite Mission,5.777,11.7932,2460654.235275,2460654.235275,"Figure 4, JexoPipe pipeline",2025ApJ...995L..70R,46/26/39/65/TOI_732_c_3.12529_5941_1.tbl
LTT 3780 c,Transmission,Rigby et al. 2025,,29,Mid-Infrared Instrument (MIRI),NASA 6.5m James Webb Space Telescope (JWST) Satellite Mission,5.777,11.7932,2460654.2354,2460654.2354,"Figure 4, JexoRes pipeline",2025ApJ...995L..70R,65/90/15/73/TOI_732_c_3.12529_5941_2.tbl
LTT 3780 c,Transmission,Rigby et al. 2025,,695,Near Infrared Spectrograph (NIRSpec) - G395H,NASA 6.5m James Webb Space Telescope (JWST) Satellite Mission,2.7423,3.7138,2460458.198845,2460458.198845,"Figure 2, NRS1",2025ApJ...995L..70R,68/93/16/79/TOI_732_c_3.12529_5941_4.tbl
LTT 3780 c,Transmission,Rigby et al. 2025,,980,Near Infrared Spectrograph (NIRSpec) - G395H,NASA 6.5m James Webb Space Telescope (JWST) Satellite Mission,3.8242,5.1721,2460458.198845,2460458.198845,"Figure 2, NRS2",2025ApJ...995L..70R,37/47/53/19/TOI_732_c_3.12529_5941_5.tbl
TOI-270 d,Transmission,Holmberg &amp; Madhusudhan 2024,,34,Near Infrared Spectrograph (NIRSpec) - G395H,NASA 6.5m James Webb Space Telescope (JWST) Satellite Mission,2.7671,5.1275,2460221.80143,2460221.80143,"Constant Limb Darkening, low resolution",2024A&A...683L...2H,00/08/96/61/TOI_270_d_3.12406_5949_1.tbl
TOI-270 d,Transmission,Holmberg &amp; Madhusudhan 2024,,3393,Near Infrared Spectrograph (NIRSpec) - G395H,NASA 6.5m James Webb Space Telescope (JWST) Satellite Mission,2.742,5.174,2460221.80143,2460221.80143,"Constant Limb Darkening, native resolution",2024A&A...683L...2H,31/22/86/47/TOI_270_d_3.12406_5949_2.tbl
TOI-270 d,Transmission,Holmberg &amp; Madhusudhan 2024,,34,Near Infrared Spectrograph (NIRSpec) - G395H,NASA 6.5m James Webb Space Telescope (JWST) Satellite Mission,2.7671,5.1275,2460221.80143,2460221.80143,"Dual transit, low resolution",2024A&A...683L...2H,84/84/25/74/TOI_270_d_3.12406_5949_3.tbl
TOI-270 d,Transmission,Holmberg &amp; Madhusudhan 2024,,3394,Near Infrared Spectrograph (NIRSpec) - G395H,NASA 6.5m James Webb Space Telescope (JWST) Satellite Mission,2.742,5.174,2460221.80143,2460221.80143,"Dual transit, native resolution",2024A&A...683L...2H,67/70/19/39/TOI_270_d_3.12406_5949_4.tbl
TOI-270 d,Transmission,Holmberg &amp; Madhusudhan 2024,,34,Near Infrared Spectrograph (NIRSpec) - G395H,NASA 6.5m James Webb Space Telescope (JWST) Satellite Mission,2.7671,5.1275,2460221.80143,2460221.80143,Low resolution,2024A&A...683L...2H,23/30/84/84/TOI_270_d_3.12406_5949_5.tbl
TOI-270 d,Transmission,Holmberg &amp; Madhusudhan 2024,,3393,Near Infrared Spectrograph (NIRSpec) - G395H,NASA 6.5m James Webb Space Telescope (JWST) Satellite Mission,2.742,5.174,2460221.80143,2460221.80143,Native resolution,2024A&A...683L...2H,21/33/33/63/TOI_270_d_3.12406_5949_6.tbl
WASP-80 b,Eclipse,Morel et al. 2025,,28,Near Infrared Imager and Slitless Spectrograph (NIRISS),NASA 6.5m James Webb Space Telescope (JWST) Satellite Mission,0.7169,2.7708,2460243.873787,2460243.873787,"SOSS, figure 3",2025AJ....169..277M,87/74/64/56/WASP_80_b_3.11585_5950_1.tbl
WASP-166 b,Transmission,Mayo et al. 2025,,62,Near Infrared Spectrograph (NIRSpec) - G395M,NASA 6.5m James Webb Space Telescope (JWST) Satellite Mission,2.8093,5.1345,2460326.2213,2460326.2213,R=100,2025AJ....170...50M,06/12/08/35/WASP_166_b_3.12399_5951_3.tbl
WASP-166 b,Transmission,Mayo et al. 2025,,110,Near Infrared Imager and Slitless Spectrograph (NIRISS),NASA 6.5m James Webb Space Telescope (JWST) Satellite Mission,0.858,2.8167,2460309.890933,2460309.890933,SOSS; Constant Width bins,2025AJ....170...50M,16/86/90/81/WASP_166_b_3.12399_5951_2.tbl
WASP-166 b,Transmission,Mayo et al. 2025,,119,Near Infrared Imager and Slitless Spectrograph (NIRISS),NASA 6.5m James Webb Space Telescope (JWST) Satellite Mission,0.8534,2.8154,2460309.890933,2460309.890933,SOSS; R=100,2025AJ....170...50M,38/58/06/44/WASP_166_b_3.12399_5951_1.tbl
WASP-166 b,Transmission,Mayo et al. 2025,,132,Near Infrared Spectrograph (NIRSpec) - G395M,NASA 6.5m James Webb Space Telescope (JWST) Satellite Mission,2.8094,5.164,2460326.2213,2460326.2213,Constant Width bins,2025AJ....170...50M,67/60/20/08/WASP_166_b_3.12399_5951_4.tbl
Kepler-51 d,Transmission,Libby-Roberts et al. 2026,,408,Near Infrared Spectrograph (NIRSpec) - PRISM,NASA 6.5m James Webb Space Telescope (JWST) Satellite Mission,0.6015,5.2965,2460121.347283,2460121.347283,"Table 2, Eureka!, native binning",2026AJ....171..221L,12/24/43/29/Kepler_51_d_3.2966_5961_1.tbl
HR 8799 b,Direct Imaging,Xuan et al. 2026,,2222,Near Infrared Spectrograph (NIRSpec) - G395H,NASA 6.5m James Webb Space Telescope (JWST) Satellite Mission,2.859,4.1028,2460502.5,2460502.5,NRS1; spectra are high-pass filtered,2026ApJ..1000...27X,83/37/38/97/HR_8799_b_3.11390_5962_1.tbl
HR 8799 b,Direct Imaging,Xuan et al. 2026,,2142,Near Infrared Spectrograph (NIRSpec) - G395H,NASA 6.5m James Webb Space Telescope (JWST) Satellite Mission,4.081,5.28,2460502.5,2460502.5,NRS2; spectra are high-pass filtered,2026ApJ..1000...27X,17/53/54/68/HR_8799_b_3.11390_5962_2.tbl
HR 8799 c,Direct Imaging,Xuan et al. 2026,,2222,Near Infrared Spectrograph (NIRSpec) - G395H,NASA 6.5m James Webb Space Telescope (JWST) Satellite Mission,2.859,4.1028,2460502.5,2460502.5,NRS1; spectra are high-pass filtered,2026ApJ..1000...27X,61/64/92/29/HR_8799_c_3.11391_5962_3.tbl
HR 8799 c,Direct Imaging,Xuan et al. 2026,,2142,Near Infrared Spectrograph (NIRSpec) - G395H,NASA 6.5m James Webb Space Telescope (JWST) Satellite Mission,4.081,5.28,2460502.5,2460502.5,NRS2; spectra are high-pass filtered,2026ApJ..1000...27X,45/51/63/13/HR_8799_c_3.11391_5962_4.tbl
HR 8799 d,Direct Imaging,Xuan et al. 2026,,2222,Near Infrared Spectrograph (NIRSpec) - G395H,NASA 6.5m James Webb Space Telescope (JWST) Satellite Mission,2.859,4.1028,2460502.5,2460502.5,NRS1; spectra are high-pass filtered,2026ApJ..1000...27X,20/12/85/00/HR_8799_d_3.11392_5962_5.tbl
HR 8799 d,Direct Imaging,Xuan et al. 2026,,2142,Near Infrared Spectrograph (NIRSpec) - G395H,NASA 6.5m James Webb Space Telescope (JWST) Satellite Mission,4.081,5.28,2460502.5,2460502.5,NRS2; spectra are high-pass filtered,2026ApJ..1000...27X,67/62/25/28/HR_8799_d_3.11392_5962_6.tbl
HR 8799 e,Direct Imaging,Xuan et al. 2026,,2222,Near Infrared Spectrograph (NIRSpec) - G395H,NASA 6.5m James Webb Space Telescope (JWST) Satellite Mission,2.859,4.1028,2460502.5,2460502.5,NRS1; spectra are high-pass filtered,2026ApJ..1000...27X,92/28/94/39/HR_8799_e_3.11393_5962_7.tbl
HR 8799 e,Direct Imaging,Xuan et al. 2026,,2142,Near Infrared Spectrograph (NIRSpec) - G395H,NASA 6.5m James Webb Space Telescope (JWST) Satellite Mission,4.081,5.28,2460502.5,2460502.5,NRS2; spectra are high-pass filtered,2026ApJ..1000...27X,79/20/99/08/HR_8799_e_3.11393_5962_8.tbl
LP 791-18 c,Transmission,Roy et al. 2026,,40,Near Infrared Spectrograph (NIRSpec) - PRISM,NASA 6.5m James Webb Space Telescope (JWST) Satellite Mission,0.6925,5.1217,2460113.341144,2460113.341144,Figure 2; R=25; Eureka! reduction,2026NatAs..10..371R,75/17/03/70/LP_791_18_c_3.12458_5963_1.tbl
TOI-5205 b,Transmission,Ca&ntilde;as et al. 2026,,470,Near Infrared Spectrograph (NIRSpec) - PRISM,NASA 6.5m James Webb Space Telescope (JWST) Satellite Mission,0.5215,5.5822,,,Eureka! reduction; coadded spectrum; figure 2.5,2026AJ....171..260C,17/68/59/71/TOI_5205_b_3.17776_5968_1.tbl
TOI-5205 b,Transmission,Ca&ntilde;as et al. 2026,,470,Near Infrared Spectrograph (NIRSpec) - PRISM,NASA 6.5m James Webb Space Telescope (JWST) Satellite Mission,0.5224,5.5843,,,ExoTiC-JEDI reduction; coadded spectrum; figure 2.4,2026AJ....171..260C,10/79/44/89/TOI_5205_b_3.17776_5968_2.tbl
TOI-5205 b,Transmission,Ca&ntilde;as et al. 2026,,470,Near Infrared Spectrograph (NIRSpec) - PRISM,NASA 6.5m James Webb Space Telescope (JWST) Satellite Mission,0.5202,5.5793,2460227.5,2460227.5,Eureka! reduction; visit 1; figure 2.1,2026AJ....171..260C,55/15/26/52/TOI_5205_b_3.17776_5968_3.tbl
TOI-5205 b,Transmission,Ca&ntilde;as et al. 2026,,470,Near Infrared Spectrograph (NIRSpec) - PRISM,NASA 6.5m James Webb Space Telescope (JWST) Satellite Mission,0.5218,5.5828,2460227.5,2460227.5,ExoTiC-JEDI reduction; visit 1; figure 2.1,2026AJ....171..260C,86/72/24/68/TOI_5205_b_3.17776_5968_4.tbl
TOI-5205 b,Transmission,Ca&ntilde;as et al. 2026,,470,Near Infrared Spectrograph (NIRSpec) - PRISM,NASA 6.5m James Webb Space Telescope (JWST) Satellite Mission,0.5212,5.5816,2460228.5,2460228.5,Eureka! reduction; visit 2; figure 2.2,2026AJ....171..260C,27/13/91/38/TOI_5205_b_3.17776_5968_5.tbl
TOI-5205 b,Transmission,Ca&ntilde;as et al. 2026,,470,Near Infrared Spectrograph (NIRSpec) - PRISM,NASA 6.5m James Webb Space Telescope (JWST) Satellite Mission,0.5227,5.5851,2460228.5,2460228.5,ExoTiC-JEDI reduction; visit 2; figure 2.2,2026AJ....171..260C,85/30/33/17/TOI_5205_b_3.17776_5968_6.tbl
TOI-5205 b,Transmission,Ca&ntilde;as et al. 2026,,470,Near Infrared Spectrograph (NIRSpec) - PRISM,NASA 6.5m James Webb Space Telescope (JWST) Satellite Mission,0.5229,5.5857,2460230.5,2460230.5,Eureka! reduction; visit 3; figure 2.3,2026AJ....171..260C,54/23/92/23/TOI_5205_b_3.17776_5968_7.tbl
TOI-5205 b,Transmission,Ca&ntilde;as et al. 2026,,470,Near Infrared Spectrograph (NIRSpec) - PRISM,NASA 6.5m James Webb Space Telescope (JWST) Satellite Mission,0.5227,5.5851,2460230.5,2460230.5,ExoTiC-JEDI reduction; visit 3; figure 2.3,2026AJ....171..260C,22/72/02/16/TOI_5205_b_3.17776_5968_8.tbl
GJ 3473 b,Eclipse,Holmberg et al. 2026,,1,Mid-Infrared Instrument (MIRI),NASA 6.5m James Webb Space Telescope (JWST) Satellite Mission,15.0,15.0,,,F1500W bandpass; Figure 5,2026AJ....171..251H,06/34/35/34/GJ_3473_b_3.12612_5969_1.tbl
eps Ind A b,Direct Imaging,Matthews et al. 2026,,3,Mid-Infrared Instrument (MIRI),NASA 6.5m James Webb Space Telescope (JWST) Satellite Mission,10.575,15.5,2460805.5,2460805.5,"Table 2, Adopted Flux values",2026arXiv260308780M,00/39/78/89/eps_Ind_A_b_3.12456_5978_1.tbl
AF Lep b,Direct Imaging,De Rosa et al. 2023,,27,SPHERE - IFS and IRDIS,European Southern Observatory (ESO) 8.2m Very Large Telescope (VLT) Melipal (UT3) at Paranal Observatory,1.239,2.253,2459872.5,2459872.5,Table 6,2023A&A...672A..94D,89/68/34/60/AF_Lep_b_3.18764_5101_1.tbl
AF Lep b,Direct Imaging,Mesa et al. 2023,,36,SPHERE - IFS and IRDIS,European Southern Observatory (ESO) 8.2m Very Large Telescope (VLT) Melipal (UT3) at Paranal Observatory,0.941,2.251,2459868.5,2459868.5,Figure 4,2023A&A...672A..93M,30/36/80/38/AF_Lep_b_3.18764_5100_1.tbl
HD 86226 c,Transmission,Kahle et al. 2025,,27,Wide Field Camera 3,Hubble Space Telescope satellite,1.13,1.65,,,"G141 grism, figure 6, Eureka! reduction",2025A&A...701A.184K,77/83/07/56/HD_86226_c_3.12569_5977_1.tbl
HD 86226 c,Transmission,Kahle et al. 2025,,21,Wide Field Camera 3,Hubble Space Telescope satellite,1.133,1.637,,,"G141 grism, figure 6, PACMAN reduction",2025A&A...701A.184K,36/49/84/11/HD_86226_c_3.12569_5977_2.tbl
kap And b,Direct Imaging,Godoy et al. 2025,,3,Mid-Infrared Instrument (MIRI),NASA 6.5m James Webb Space Telescope (JWST) Satellite Mission,10.575,15.5,2460206.5,2460206.5,Table 4,2025A&A...702A...4G,46/20/64/48/Kappa_And_b_3.11572_5987_1.tbl
WASP-96 b,Transmission,Wang et al. 2026,,278,Near Infrared Imager and Slitless Spectrograph (NIRISS),NASA 6.5m James Webb Space Telescope (JWST) Satellite Mission,0.606,2.824,2459751.5,2459751.5,"SOSS, Figure 5",2026AJ....171..147W,21/55/10/87/WASP_96_b_3.11667_5995_1.tbl
BD+60 1417 b,Direct Imaging,Faherty et al. 2021,,811,SpeX Prism,Infrared Telescope Facility,0.6861,2.5394,2459218.5,2459218.5,Figure 2; Combined spectrum from 2 epochs.,2021ApJ...923...48F,12/32/75/74/TIC_159527171_b_3.13030_4875_1.tbl
Kepler-51 b,Transmission,Libby-Roberts et al. 2020,,20,Wide Field Camera 3,Hubble Space Telescope satellite,1.164,1.613,2457295.03189,2457295.03189,"Visit 1, Table 4",2020AJ....159...57L,56/96/64/57/Kepler_51_b_3.362_4859_1.tbl
Kepler-51 b,Transmission,Libby-Roberts et al. 2020,,20,Wide Field Camera 3,Hubble Space Telescope satellite,1.164,1.613,2457565.95248,2457565.95248,"Visit 2, Table 4",2020AJ....159...57L,12/33/18/46/Kepler_51_b_3.362_4859_2.tbl
Kepler-51 d,Transmission,Libby-Roberts et al. 2020,,20,Wide Field Camera 3,Hubble Space Telescope satellite,1.164,1.613,2457388.20063,2457388.20063,"Visit 1, Table 5",2020AJ....159...57L,37/20/48/02/Kepler_51_d_3.2966_4859_3.tbl
Kepler-51 d,Transmission,Libby-Roberts et al. 2020,,20,Wide Field Camera 3,Hubble Space Telescope satellite,1.164,1.613,2457778.75336,2457778.75336,"Visit 2, Table 5",2020AJ....159...57L,62/45/28/79/Kepler_51_d_3.2966_4859_4.tbl
HD 97658 b,Transmission,Guo et al. 2020,,28,Wide Field Camera 3,Hubble Space Telescope satellite,1.132,1.641,,,"Table 3, Logarithmic trend, averaged over four visits",2020AJ....159..239G,87/27/68/80/HD_97658_b_3.11371_5996_1.tbl
L 98-59 b,Transmission,Zhou et al. 2022,,25,Wide Field Camera 3,Hubble Space Telescope satellite,1.1263,1.6294,,,"Table 2, Visit 1",2022AJ....164..203Z,00/01/16/47/L98_59_b_3.12372_5988_1.tbl
L 98-59 b,Transmission,Zhou et al. 2022,,25,Wide Field Camera 3,Hubble Space Telescope satellite,1.1263,1.6294,,,"Table 2, Visit 2",2022AJ....164..203Z,34/24/31/13/L98_59_b_3.12372_5988_2.tbl
L 98-59 b,Transmission,Zhou et al. 2022,,25,Wide Field Camera 3,Hubble Space Telescope satellite,1.1263,1.6294,,,"Table 2, Visit 3",2022AJ....164..203Z,78/87/14/18/L98_59_b_3.12372_5988_3.tbl
L 98-59 b,Transmission,Zhou et al. 2022,,25,Wide Field Camera 3,Hubble Space Telescope satellite,1.1263,1.6294,,,"Table 2, Visit 4",2022AJ....164..203Z,00/94/72/35/L98_59_b_3.12372_5988_4.tbl
L 98-59 b,Transmission,Zhou et al. 2022,,25,Wide Field Camera 3,Hubble Space Telescope satellite,1.1263,1.6294,,,"Table 2, Visit 5",2022AJ....164..203Z,57/93/01/93/L98_59_b_3.12372_5988_5.tbl
L 98-59 b,Transmission,Zhou et al. 2022,,25,Wide Field Camera 3,Hubble Space Telescope satellite,1.1263,1.6294,,,"Table 2, Weighted Average",2022AJ....164..203Z,41/58/67/76/L98_59_b_3.12372_5988_6.tbl
HD 97658 b,Transmission,Guo et al. 2020,,10,Space Telescope Imaging Spectrograph,Hubble Space Telescope satellite,0.553,0.992,2457149.4191,2457149.4191,"Table 4, Observation 1",2020AJ....159..239G,73/81/83/11/HD_97658_b_3.11371_5996_2.tbl
HD 97658 b,Transmission,Guo et al. 2020,,10,Space Telescope Imaging Spectrograph,Hubble Space Telescope satellite,0.553,0.992,2457196.8642,2457196.8642,"Table 4, Observation 2",2020AJ....159..239G,73/00/24/95/HD_97658_b_3.11371_5996_3.tbl
HD 97658 b,Transmission,Guo et al. 2020,,10,Space Telescope Imaging Spectrograph,Hubble Space Telescope satellite,0.553,0.992,2457206.3537,2457206.3537,"Table 4, Observation 3",2020AJ....159..239G,84/44/11/34/HD_97658_b_3.11371_5996_4.tbl
LTT 1445 A b,Transmission,Bennett et al. 2025,,25,Wide Field Camera 3,Hubble Space Telescope satellite,1.1355,1.6395,,,G141; Figure 8,2025AJ....169..111B,24/78/86/68/LTT_1445_A_b_3.12411_5999_1.tbl
LTT 1445 A b,Transmission,Bennett et al. 2025,,11,Wide Field Camera 3,Hubble Space Telescope satellite,0.3995,0.9648,,,G280; 3 visit average; Figure 8,2025AJ....169..111B,28/70/46/14/LTT_1445_A_b_3.12411_5999_2.tbl
HD 106315 c,Transmission,Kreidberg et al. 2022,,21,Wide Field Camera 3,Hubble Space Telescope satellite,1.138,1.638,2458455.5,2458455.5,Table 1,2022AJ....164..124K,75/03/63/68/HD_106315_c_3.11995_6000_1.tbl
HD 106315 c,Transmission,Kreidberg et al. 2022,,1,Kepler CCD Array,The Kepler Mission,0.66,0.66,2457611.132,2457611.132,Table 1,2022AJ....164..124K,48/49/12/24/HD_106315_c_3.11995_6000_2.tbl
HD 106315 c,Transmission,Kreidberg et al. 2022,,1,Infrared Array Camera (IRAC),Spitzer Space Telescope satellite,4.5,4.5,2457863.8079,2457863.8079,Table 1,2022AJ....164..124K,89/75/15/93/HD_106315_c_3.11995_6000_3.tbl
HAT-P-44 b,Transmission,Claringbold et al. 2026,,20,ACAM,Isaac Newton Group (ING) 4.2m William Herschel Telescope (WHT) at Observatorio del Roque de los Muchachos,0.505,0.864,2458560.5,2458560.5,Figure 9; night 2,2026MNRAS.547ag384C,98/38/78/48/HAT_P_44_b_3.11676_6004_2.tbl
HD 97658 b,Transmission,Guo et al. 2020,,11,Infrared Array Camera (IRAC),Spitzer Space Telescope satellite,3.6,4.5,2456864.73938,2457481.54364,Table 5,2020AJ....159..239G,09/71/36/09/HD_97658_b_3.11371_5996_5.tbl
HIP 41378 b,Transmission,Brande et al. 2024,,10,Wide Field Camera 3,Hubble Space Telescope satellite,1.175,1.625,,,G141 grism; Table 4,2024ApJ...961L..23B,97/26/76/77/HIP_41378_b_3.11908_6001_1.tbl
HAT-P-41 b,Transmission,Sheppard et al. 2021,,30,Space Telescope Imaging Spectrograph,Hubble Space Telescope satellite,0.32,0.566,2458000.5,2458000.5,Table 6; G430L grism; R~500; visit 83 and 84,2021AJ....161...51S,79/32/39/05/HAT_P_41_b_3.11534_6003_1.tbl
HAT-P-41 b,Transmission,Sheppard et al. 2021,,17,Space Telescope Imaging Spectrograph,Hubble Space Telescope satellite,0.541,0.907,2458280.5,2458280.5,Table 6; G750L grism; R~500; visit 85,2021AJ....161...51S,17/59/28/25/HAT_P_41_b_3.11534_6003_2.tbl
HAT-P-41 b,Transmission,Sheppard et al. 2021,,29,Wide Field Camera 3,Hubble Space Telescope satellite,1.132,1.652,2457677.5,2457677.5,Table 6; G141 prism; R~150,2021AJ....161...51S,19/11/96/10/HAT_P_41_b_3.11534_6003_3.tbl
HAT-P-41 b,Transmission,Sheppard et al. 2021,,2,Infrared Array Camera (IRAC),Spitzer Space Telescope satellite,3.6,4.5,,,Table 6,2021AJ....161...51S,75/69/13/87/HAT_P_41_b_3.11534_6003_4.tbl
HAT-P-44 b,Transmission,Claringbold et al. 2026,,20,ACAM,Isaac Newton Group (ING) 4.2m William Herschel Telescope (WHT) at Observatorio del Roque de los Muchachos,0.505,0.864,2458203.5,2458203.5,Figure 9; night 1,2026MNRAS.547ag384C,23/44/70/62/HAT_P_44_b_3.11676_6004_1.tbl
TOI-824 b,Eclipse,Roy et al. 2022,,2,Infrared Array Camera (IRAC),Spitzer Space Telescope satellite,3.55,4.49,2458809.5,2458809.5,"Eclipse Depths taken from abstract, wavelength and observation date from Table 1",2022ApJ...941...89R,27/02/93/55/TOI_824_b_3.12602_6002_1.tbl
NGTS-2 b,Transmission,Fairman et al. 2026,,61,Near Infrared Spectrograph (NIRSpec) - G395H,NASA 6.5m James Webb Space Telescope (JWST) Satellite Mission,2.7767,5.1641,2460501.889218,2460501.889218,ExoTiC-JEDI reduction; R~100; figure 3,2026MNRAS.548ag528F,67/88/65/23/NGTS_2_b_3.12216_6018_1.tbl
NGTS-2 b,Transmission,Fairman et al. 2026,,239,Near Infrared Spectrograph (NIRSpec) - G395H,NASA 6.5m James Webb Space Telescope (JWST) Satellite Mission,2.773,5.1663,2460501.889218,2460501.889218,ExoTiC-JEDI reduction; R~400; figure 3,2026MNRAS.548ag528F,30/22/97/43/NGTS_2_b_3.12216_6018_2.tbl
NGTS-2 b,Transmission,Fairman et al. 2026,,61,Near Infrared Spectrograph (NIRSpec) - G395H,NASA 6.5m James Webb Space Telescope (JWST) Satellite Mission,2.7765,5.1797,2460501.88923,2460501.88923,Tiberius reduction; R~100; figure 3,2026MNRAS.548ag528F,92/01/66/78/NGTS_2_b_3.12216_6018_3.tbl
NGTS-2 b,Transmission,Fairman et al. 2026,,241,Near Infrared Spectrograph (NIRSpec) - G395H,NASA 6.5m James Webb Space Telescope (JWST) Satellite Mission,2.7662,5.1661,2460501.88923,2460501.88923,Tiberius reduction; R~400; figure 3,2026MNRAS.548ag528F,78/69/91/42/NGTS_2_b_3.12216_6018_4.tbl
LTT 9779 b,Eclipse,Dragomir et al. 2020,,2,Infrared Array Camera (IRAC),Spitzer Space Telescope satellite,3.6,4.5,2458541.53906,2458562.13302,Table 2; global ch1 & ch2,2020ApJ...903L...6D,85/85/05/29/LTT_9779_b_3.12596_6011_1.tbl
LTT 9779 b,Transmission,Crossfield et al. 2020,,2,Infrared Array Camera (IRAC),Spitzer Space Telescope satellite,3.6,4.5,2458781.13997,2458783.51684,Table 2,2020ApJ...903L...7C,67/76/08/52/LTT_9779_b_3.12596_6019_1.tbl
WASP-127 b,Transmission,Spake et al. 2021,,15,Space Telescope Imaging Spectrograph,Hubble Space Telescope satellite,0.3299,0.5634,2458293.2528,2458293.2528,G430L; Table 4; Figure 10,2021MNRAS.500.4042S,65/51/75/31/WASP_127_b_3.11973_6012_1.tbl
WASP-127 b,Transmission,Spake et al. 2021,,20,Space Telescope Imaging Spectrograph,Hubble Space Telescope satellite,0.555,0.9613,2458293.2528,2458293.2528,G750L; Table 5; Figure 10,2021MNRAS.500.4042S,37/77/08/47/WASP_127_b_3.11973_6012_2.tbl
WASP-127 b,Transmission,Spake et al. 2021,,28,Wide Field Camera 3,Hubble Space Telescope satellite,1.1317,1.6303,2458293.2528,2458293.2528,G141; Table 6; Figure 10,2021MNRAS.500.4042S,54/70/32/65/WASP_127_b_3.11973_6012_3.tbl
KELT-20 b,Transmission,Chachan et al. 2025,,30,Wide Field Camera 3,Hubble Space Telescope satellite,0.815,1.655,,,Table 2; G102 & G141 combined,2025AJ....170..234C,97/27/05/95/KELT_20_b_3.12080_6020_1.tbl
KELT-20 b,Transmission,Chachan et al. 2025,,30,Wide Field Camera 3,Hubble Space Telescope satellite,0.21,0.79,,,Table 3; UVIS 1 order,2025AJ....170..234C,19/30/37/94/KELT_20_b_3.12080_6020_2.tbl
KELT-20 b,Transmission,Chachan et al. 2025,,30,Wide Field Camera 3,Hubble Space Telescope satellite,0.21,0.79,,,Table 4; UVIS -1 order,2025AJ....170..234C,46/67/48/74/KELT_20_b_3.12080_6020_3.tbl
COCONUTS-2 b,Direct Imaging,Kiman et al. 2026,,3270,Near Infrared Spectrograph (NIRSpec) - G395H,NASA 6.5m James Webb Space Telescope (JWST) Satellite Mission,2.8608,5.1424,,,Figure 1; R~2700,2026AJ....171...60K,95/33/83/54/COCONUTS_2_b_3.12783_6008_1.tbl
WASP-18 b,Eclipse,Deline et al. 2025,,4,Infrared Array Camera (IRAC),Spitzer Space Telescope satellite,3.6,8.0,,,Ch. 1-4 combined; Table 3,2025A&A...699A.150D,80/57/18/05/WASP_18_b_3.11447_6021_1.tbl
TOI-1130 b,Transmission,Barat et al. 2026,,40,Near Infrared Imager and Slitless Spectrograph (NIRISS),NASA 6.5m James Webb Space Telescope (JWST) Satellite Mission,0.8729,2.7658,2460546.5,2460546.5,SOSS; order 1; figure 2,2026ApJ..1002L..32B,45/64/48/23/TOI_1130_b_3.12513_6013_1.tbl
TOI-1130 b,Transmission,Barat et al. 2026,,2,Near Infrared Imager and Slitless Spectrograph (NIRISS),NASA 6.5m James Webb Space Telescope (JWST) Satellite Mission,0.7366,0.9258,2460546.5,2460546.5,SOSS; order 2; figure 2,2026ApJ..1002L..32B,44/50/59/23/TOI_1130_b_3.12513_6013_2.tbl
TOI-1130 b,Transmission,Barat et al. 2026,,29,Near Infrared Spectrograph (NIRSpec) - G395H,NASA 6.5m James Webb Space Telescope (JWST) Satellite Mission,2.7203,3.6813,2460542.5,2460542.5,NRS1; figure 2,2026ApJ..1002L..32B,54/81/79/30/TOI_1130_b_3.12513_6013_3.tbl
TOI-1130 b,Transmission,Barat et al. 2026,,39,Near Infrared Spectrograph (NIRSpec) - G395H,NASA 6.5m James Webb Space Telescope (JWST) Satellite Mission,3.8441,5.1293,2460542.5,2460542.5,NRS2; figure 2,2026ApJ..1002L..32B,95/15/13/89/TOI_1130_b_3.12513_6013_4.tbl
WASP-96 b,Transmission,Yip et al. 2021,,38,Wide Field Camera 3,Hubble Space Telescope satellite,0.8125,1.6295,,,Table 6; figure 9; G102 and G141 combined,2021AJ....161....4Y,61/57/73/44/WASP_96_b_3.11667_6014_1.tbl
WASP-96 b,Transmission,Yip et al. 2021,,2,Infrared Array Camera (IRAC),Spitzer Space Telescope satellite,3.6,4.5,,,Table 6; figure 9,2021AJ....161....4Y,96/42/34/98/WASP_96_b_3.11667_6014_2.tbl
WASP-96 b,Transmission,Yip et al. 2021,,1,TESS CCD Array,Transiting Exoplanet Survey Satellite,0.8,0.8,,,Table 6; figure 9,2021AJ....161....4Y,34/26/43/79/WASP_96_b_3.11667_6014_3.tbl
WASP-43 b,Eclipse,Fraine et al. 2021,,1,Wide Field Camera 3,Hubble Space Telescope satellite,0.584,0.584,2458667.510405,2458667.510405,from Section 3; UVIS F350LP filter,2021AJ....161..269F,37/63/04/69/WASP_43_b_3.11469_6022_1.tbl
GJ 436 b,Eclipse,Morley et al. 2017,,2,Infrared Array Camera (IRAC),Spitzer Space Telescope satellite,3.6,4.5,,,Table 3,2017AJ....153...86M,25/36/46/79/GJ_436_b_3.10974_6023_1.tbl
K2-33 b,Transmission,Thao et al. 2023,,2,Infrared Array Camera (IRAC),Spitzer Space Telescope satellite,3.6,4.5,,,Combined transits; Table 3,2023AJ....165...23T,98/97/20/39/K2_33_b_3.8940_6034_1.tbl
K2-33 b,Transmission,Thao et al. 2023,,15,Wide Field Camera 3,Hubble Space Telescope satellite,1.1092,1.6589,2457896.5,2457896.5,Table 5; G141 grating,2023AJ....165...23T,97/88/44/97/K2_33_b_3.8940_6034_2.tbl
HAT-P-12 b,Transmission,Alexoudi et al. 2018,,17,Space Telescope Imaging Spectrograph,Hubble Space Telescope satellite,0.38,0.965,,,"Figure 8, Table 3",2018A&A...620A.142A,79/62/13/90/HAT_P_12_b_3.10993_6027_1.tbl
GJ 436 b,Transmission,Lothringer et al. 2018,,10,Space Telescope Imaging Spectrograph,Hubble Space Telescope satellite,0.5526,0.9918,,,Table 3; G750L grism,2018AJ....155...66L,81/70/89/90/GJ_436_b_3.10974_6026_1.tbl
WASP-19 b,Transmission,Sedaghati et al. 2017,,35,FORS2,European Southern Observatory (ESO) 8.2m Very Large Telescope (VLT) Antu (UT1) at Paranal Observatory,0.44,0.61,2457418.73368,2457418.73368,Figure 2; Blue dataset,2017Natur.549..238S,20/91/66/44/WASP_19_b_3.11448_6025_1.tbl
WASP-19 b,Transmission,Sedaghati et al. 2017,,62,FORS2,European Southern Observatory (ESO) 8.2m Very Large Telescope (VLT) Antu (UT1) at Paranal Observatory,0.541,0.846,2456977.77754,2456977.77754,Figure 2; Green dataset,2017Natur.549..238S,60/34/97/55/WASP_19_b_3.11448_6025_2.tbl
WASP-19 b,Transmission,Sedaghati et al. 2017,,58,FORS2,European Southern Observatory (ESO) 8.2m Very Large Telescope (VLT) Antu (UT1) at Paranal Observatory,0.745,1.03,2457448.70885,2457448.70885,Figure 2; Red dataset,2017Natur.549..238S,96/60/29/82/WASP_19_b_3.11448_6025_3.tbl
HAT-P-32 b,Transmission,Damiano et al. 2017,,20,Wide Field Camera 3,Hubble Space Telescope satellite,1.1381,1.6323,2457408.95783,2457408.95783,Table 3; G141 grism; Stripe-ICA,2017AJ....154...39D,23/93/49/64/HAT_P_32_b_3.11017_6024_1.tbl
HAT-P-32 b,Transmission,Damiano et al. 2017,,20,Wide Field Camera 3,Hubble Space Telescope satellite,1.1381,1.6323,2457408.95783,2457408.95783,Table 3; G141 grism; UCL Pipeline,2017AJ....154...39D,69/72/21/91/HAT_P_32_b_3.11017_6024_2.tbl
Qatar-1 b,Eclipse,Keating et al. 2020,,2,Infrared Array Camera (IRAC),Spitzer Space Telescope satellite,3.6,4.5,2458236.5,2458240.5,from Table 2,2020AJ....159..225K,76/15/48/23/Qatar_1_b_3.11424_6037_1.tbl
WASP-43 b,Eclipse,May &amp; Stevenson 2020,,1,Infrared Array Camera (IRAC),Spitzer Space Telescope satellite,4.5,4.5,,,from Table 1,2020AJ....160..140M,83/28/14/84/WASP_43_b_3.11469_6038_1.tbl
WASP-33 b,Eclipse,Haynes et al. 2015,,11,Wide Field Camera 3,Hubble Space Telescope satellite,1.155,1.606,2456256.905,2456256.905,from Table 8; binned data; G141 grism,2015ApJ...806..146H,51/91/17/00/WASP_33_b_3.11460_4120_2.tbl
WASP-12 b,Eclipse,Swain et al. 2013,,110,Wide Field Camera 3,Hubble Space Telescope satellite,1.1306,1.636,,,from Table 2; G141 grism; R=300,2013Icar..225..432S,13/51/40/07/WASP_12_b_3.11441_6039_1.tbl
WASP-12 b,Transmission,Swain et al. 2013,,110,Wide Field Camera 3,Hubble Space Telescope satellite,1.1306,1.636,,,from Table 2; G141 grism; R=300,2013Icar..225..432S,16/67/35/91/WASP_12_b_3.11441_6039_2.tbl
HD 80606 b,Eclipse,de Wit et al. 2016,,2,Infrared Array Camera (IRAC),Spitzer Space Telescope satellite,4.5,8.0,2455202.5,2455202.5,from Table 1,2016ApJ...820L..33D,61/91/30/78/HD_80606_b_3.11343_6040_1.tbl
HD 209458 b,Transmission,Tsiaras et al. 2016,,25,Wide Field Camera 3,Hubble Space Telescope satellite,1.127,1.6185,2456196.28836,2456196.28836,from Table 3; G141 grism,2016ApJ...832..202T,00/21/32/40/HD_209458_b_3.11218_6041_1.tbl
WASP-43 b,Eclipse,Stevenson et al. 2017,,2,Infrared Array Camera (IRAC),Spitzer Space Telescope satellite,3.6,4.5,2455772.5045,2455773.3182,from Table 3,2017AJ....153...68S,16/80/09/91/WASP_43_b_3.11469_6042_1.tbl
WASP-43 b,Transmission,Stevenson et al. 2017,,2,Infrared Array Camera (IRAC),Spitzer Space Telescope satellite,3.6,4.5,2456897.13195,2457089.11181,from Table 3,2017AJ....153...68S,64/95/17/19/WASP_43_b_3.11469_6042_2.tbl
WASP-33 b,Eclipse,Zhang et al. 2018,,2,Infrared Array Camera (IRAC),Spitzer Space Telescope satellite,3.6,4.5,2456028.5,2456082.5,"from Table 2, 5",2018AJ....155...83Z,62/50/09/44/WASP_33_b_3.11460_4779_1.tbl
WASP-33 b,Transmission,Zhang et al. 2018,,2,Infrared Array Camera (IRAC),Spitzer Space Telescope satellite,3.6,4.5,2456024.74659,2456029.62604,from Table 2,2018AJ....155...83Z,13/03/91/08/WASP_33_b_3.11460_4779_2.tbl
HD 149026 b,Eclipse,Zhang et al. 2018,,2,Infrared Array Camera (IRAC),Spitzer Space Telescope satellite,3.6,4.5,2455659.5,2455659.5,"from Table 2, 5",2018AJ....155...83Z,81/97/26/05/HD_149026_b_3.11121_4779_1.tbl
HD 149026 b,Transmission,Zhang et al. 2018,,2,Infrared Array Camera (IRAC),Spitzer Space Telescope satellite,3.6,4.5,2455661.78488,2455673.28848,from Table 2,2018AJ....155...83Z,49/83/54/48/HD_149026_b_3.11121_4779_2.tbl
WASP-52 b,Transmission,Bruno et al. 2018,,19,Wide Field Camera 3,Hubble Space Telescope satellite,1.129,1.631,2457629.20145,2457629.20145,from Table 5; Spot-free transit Model,2018AJ....156..124B,68/00/47/82/WASP_52_b_3.11565_6043_1.tbl
WASP-52 b,Transmission,Bruno et al. 2018,,19,Wide Field Camera 3,Hubble Space Telescope satellite,1.129,1.631,,,from Table 5; Spot-transit Model,2018AJ....156..124B,94/72/62/01/WASP_52_b_3.11565_6043_2.tbl
WASP-52 b,Transmission,Bruno et al. 2018,,19,Wide Field Camera 3,Hubble Space Telescope satellite,1.129,1.631,2457629.20015,2457629.20015,from Table 5; GP Model,2018AJ....156..124B,13/49/13/51/WASP_52_b_3.11565_6043_3.tbl
TRAPPIST-1 c,Transmission,Zhang et al. 2018,,12,Wide Field Camera 3,Hubble Space Telescope satellite,1.1505,1.6613,2457512.8807,2457512.8807,from Table 13; G141; transit 1,2018AJ....156..178Z,81/69/11/48/TRAPPIST_1_c_3.11877_6044_1.tbl
TRAPPIST-1 b,Transmission,Zhang et al. 2018,,12,Wide Field Camera 3,Hubble Space Telescope satellite,1.1505,1.6613,2457512.8876,2457512.8876,from Table 13; G141; transit 2,2018AJ....156..178Z,61/17/26/88/TRAPPIST_1_b_3.11876_6044_1.tbl
TRAPPIST-1 d,Transmission,Zhang et al. 2018,,12,Wide Field Camera 3,Hubble Space Telescope satellite,1.1465,1.6572,2457726.84,2457726.84,from Table 13; G141; transit 3,2018AJ....156..178Z,89/30/39/55/TRAPPIST_1_d_3.11878_6044_1.tbl
TRAPPIST-1 g,Transmission,Zhang et al. 2018,,12,Wide Field Camera 3,Hubble Space Telescope satellite,1.1377,1.6485,2457751.8397,2457751.8397,from Table 13; G141; transit 4,2018AJ....156..178Z,83/20/38/87/TRAPPIST_1_g_3.11992_6044_1.tbl
TRAPPIST-1 e,Transmission,Zhang et al. 2018,,12,Wide Field Camera 3,Hubble Space Telescope satellite,1.1377,1.6485,2457751.8701,2457751.8701,from Table 13; G141; transit 5,2018AJ....156..178Z,05/49/46/85/TRAPPIST_1_e_3.11990_6044_1.tbl
TRAPPIST-1 f,Transmission,Zhang et al. 2018,,12,Wide Field Camera 3,Hubble Space Telescope satellite,1.1408,1.6516,2457763.4462,2457763.4462,from Table 13; G141; transit 6,2018AJ....156..178Z,34/69/61/40/TRAPPIST_1_f_3.11991_6044_1.tbl
TRAPPIST-1 e,Transmission,Zhang et al. 2018,,12,Wide Field Camera 3,Hubble Space Telescope satellite,1.1442,1.655,2457764.0671,2457764.0671,from Table 13; G141; transit 7,2018AJ....156..178Z,78/10/49/76/TRAPPIST_1_e_3.11990_6044_2.tbl
WASP-121 b,Transmission,Evans et al. 2018,,30,Wide Field Camera 3,Hubble Space Telescope satellite,0.3199,0.5661,2457705.36884,2457705.36884,from Table 2; G430L,2018AJ....156..283E,34/10/32/36/WASP_121_b_3.11900_6045_1.tbl
WASP-121 b,Transmission,Evans et al. 2018,,30,Wide Field Camera 3,Hubble Space Telescope satellite,0.5407,0.9772,2457424.88323,2457424.88323,from Table 3; G750L,2018AJ....156..283E,19/41/38/85/WASP_121_b_3.11900_6045_2.tbl
WASP-52 b,Transmission,Alam et al. 2018,,36,Space Telescope Imaging Spectrograph,Hubble Space Telescope satellite,0.33,0.9643,,,from Table 5; G430L and G750L; R~500; corrected,2018AJ....156..298A,61/84/81/64/WASP_52_b_3.11565_6046_1.tbl
WASP-52 b,Transmission,Alam et al. 2018,,36,Space Telescope Imaging Spectrograph,Hubble Space Telescope satellite,0.33,0.9643,,,from Table 5; G430L and G750L; R~500; uncorrected,2018AJ....156..298A,81/48/30/33/WASP_52_b_3.11565_6046_2.tbl
WASP-52 b,Transmission,Alam et al. 2018,,2,Infrared Array Camera (IRAC),Spitzer Space Telescope satellite,3.6,4.5,,,from Table 5,2018AJ....156..298A,55/97/04/51/WASP_52_b_3.11565_6046_3.tbl
WASP-94 A b,Transmission,Mukherjee et al. 2026,,59,Near Infrared Imager and Slitless Spectrograph (NIRISS),NASA 6.5m James Webb Space Telescope (JWST) Satellite Mission,0.8695,2.7946,,,SOSS; FIREFLy reduction; spherically symmetric spectrum,2026Sci...392..858M,19/70/88/93/WASP_94_A_b_3.11708_6047_1.tbl
HAT-P-11 b,Transmission,Mansfield et al. 2018,,12,Wide Field Camera 3,Hubble Space Telescope satellite,0.8617,1.1184,,,from Table 1; G102; R~40; Broadband,2018ApJ...868L..34M,18/85/42/32/HAT_P_11_b_3.9_6048_1.tbl
HAT-P-11 b,Transmission,Mansfield et al. 2018,,11,Wide Field Camera 3,Hubble Space Telescope satellite,1.0639,1.1126,,,from Table 1; G102; Narrowband,2018ApJ...868L..34M,87/13/00/94/HAT_P_11_b_3.9_6048_2.tbl
HD 189733 b,Transmission,Morvan et al. 2020,,1,Infrared Array Camera (IRAC),Spitzer Space Telescope satellite,8.0,8.0,2454281.655329,2454281.655329,from Table 3,2020AJ....159..109M,12/26/64/67/HD_189733_b_3.11185_6049_1.tbl
HD 189733 b,Transmission,Morvan et al. 2020,,1,Infrared Array Camera (IRAC),Spitzer Space Telescope satellite,8.0,8.0,2454283.873934,2454283.873934,from Table 3,2020AJ....159..109M,82/46/83/06/HD_189733_b_3.11185_6049_2.tbl
HD 189733 b,Transmission,Morvan et al. 2020,,1,Infrared Array Camera (IRAC),Spitzer Space Telescope satellite,8.0,8.0,2454394.802829,2454394.802829,from Table 3,2020AJ....159..109M,54/20/91/78/HD_189733_b_3.11185_6049_3.tbl
HD 189733 b,Transmission,Morvan et al. 2020,,1,Infrared Array Camera (IRAC),Spitzer Space Telescope satellite,8.0,8.0,2454419.206955,2454419.206955,from Table 3,2020AJ....159..109M,34/35/46/59/HD_189733_b_3.11185_6049_4.tbl
HD 189733 b,Transmission,Morvan et al. 2020,,1,Infrared Array Camera (IRAC),Spitzer Space Telescope satellite,8.0,8.0,2454629.97177,2454629.97177,from Table 3,2020AJ....159..109M,68/46/90/63/HD_189733_b_3.11185_6049_5.tbl
HD 189733 b,Transmission,Morvan et al. 2020,,1,Infrared Array Camera (IRAC),Spitzer Space Telescope satellite,8.0,8.0,2454632.190498,2454632.190498,from Table 3,2020AJ....159..109M,60/72/10/82/HD_189733_b_3.11185_6049_6.tbl
HAT-P-11 b,Transmission,Chachan et al. 2019,,4,Space Telescope Imaging Spectrograph,Hubble Space Telescope satellite,0.374,0.539,,,from Table 3; figure 15; G430L,2019AJ....158..244C,07/29/02/32/HAT_P_11_b_3.9_6050_1.tbl
HAT-P-11 b,Transmission,Chachan et al. 2019,,12,Space Telescope Imaging Spectrograph,Hubble Space Telescope satellite,0.553,0.9915,,,from Table 3; figure 15; G750L,2019AJ....158..244C,04/71/81/52/HAT_P_11_b_3.9_6050_2.tbl
HAT-P-11 b,Transmission,Chachan et al. 2019,,12,Wide Field Camera 3,Hubble Space Telescope satellite,0.861,1.119,,,from Table 3; figure 15; G102,2019AJ....158..244C,67/09/26/30/HAT_P_11_b_3.9_6050_3.tbl
HAT-P-11 b,Transmission,Chachan et al. 2019,,19,Wide Field Camera 3,Hubble Space Telescope satellite,1.135,1.675,,,from Table 3; figure 15; G141,2019AJ....158..244C,57/91/81/24/HAT_P_11_b_3.9_6050_4.tbl
TOI-199 b,Transmission,Bello-Arufe et al. 2026,,575,Near Infrared Spectrograph (NIRSpec) - G395M,NASA 6.5m James Webb Space Telescope (JWST) Satellite Mission,2.872,5.168,2460667.5,2460667.5,Eureka! reduction; Native spectral resolution,2026AJ....171..354B,62/82/43/70/TOI_199_b_3.13229_6051_1.tbl
TOI-199 b,Transmission,Bello-Arufe et al. 2026,,25,Near Infrared Spectrograph (NIRSpec) - G395M,NASA 6.5m James Webb Space Telescope (JWST) Satellite Mission,2.8927,5.0503,2460667.5,2460667.5,Tswift reduction; figure 4,2026AJ....171..354B,96/28/17/86/TOI_199_b_3.13229_6051_2.tbl
KELT-16 b,Transmission,Bell et al. 2021,,1,Infrared Array Camera (IRAC),Spitzer Space Telescope satellite,4.5,4.5,2457247.24795,2457247.24795,Table 4,2021MNRAS.504.3316B,80/05/18/93/KELT_16_b_3.11989_6052_1.tbl
KELT-16 b,Eclipse,Bell et al. 2021,,1,Infrared Array Camera (IRAC),Spitzer Space Telescope satellite,4.5,4.5,,,Table 4,2021MNRAS.504.3316B,62/67/94/53/KELT_16_b_3.11989_6052_2.tbl
MASCARA-1 b,Transmission,Bell et al. 2021,,1,Infrared Array Camera (IRAC),Spitzer Space Telescope satellite,4.5,4.5,2457097.2782,2457097.2782,Table 4,2021MNRAS.504.3316B,55/61/10/33/MASCARA_1_b_3.12076_6052_1.tbl
MASCARA-1 b,Eclipse,Bell et al. 2021,,1,Infrared Array Camera (IRAC),Spitzer Space Telescope satellite,4.5,4.5,,,Table 4,2021MNRAS.504.3316B,80/11/26/38/MASCARA_1_b_3.12076_6052_2.tbl
WASP-121 b,Eclipse,Mikal-Evans et al. 2019,,17,Wide Field Camera 3,Hubble Space Telescope satellite,0.81,1.122,2458063.5,2458063.5,from Table 2; Figure 5; G102 grism; R~200; Visit 1 & 2 joint analysis.,2019MNRAS.488.2222M,42/24/26/31/WASP_121_b_3.11900_4353_1.tbl
K2-25 b,Transmission,Thao et al. 2020,,1,Kepler CCD Array,The Kepler Mission,0.66,0.66,2457062.5795,2457062.5795,from Table 4,2020AJ....159...32T,62/11/10/71/K2_25_b_3.11841_6076_1.tbl
K2-25 b,Transmission,Thao et al. 2020,,1,2048 x 2048 pixel CCD,The MEarth project Fred Lawrence Whipple Observatory (FLWO) and Cerro Tololo Inter-American Observatory (CTIO) 40-cm telescopes,0.85,0.85,2457062.5799,2457062.5799,from Table 4; Schott RG715 filter,2020AJ....159...32T,84/51/89/54/K2_25_b_3.11841_6076_2.tbl
K2-25 b,Transmission,Thao et al. 2020,,1,Sinistro 4k x 4k CCD imagers,Las Cumbres Observatory Global Telescope (LCOGT) 1m telescopes,0.7545,0.7545,2457062.5799,2457062.5799,from Table 4; BANZAI pipeline,2020AJ....159...32T,29/53/29/72/K2_25_b_3.11841_6076_3.tbl
K2-25 b,Transmission,Thao et al. 2020,,2,Infrared Array Camera (IRAC),Spitzer Space Telescope satellite,3.6,4.5,2457062.5794,2457062.5816,from Table 4; Channels 1 & 2,2020AJ....159...32T,58/32/59/25/K2_25_b_3.11841_6076_4.tbl
HAT-P-32 b,Transmission,Alam et al. 2020,,30,Space Telescope Imaging Spectrograph,Hubble Space Telescope satellite,0.31,0.985,,,from Table 3; Figure 9; G430L & G750L; R~500,2020AJ....160...51A,60/23/55/75/HAT_P_32_A_b_3.11017_6077_1.tbl
HAT-P-32 b,Transmission,Alam et al. 2020,,19,Wide Field Camera 3,Hubble Space Telescope satellite,1.133,1.635,,,from Table 3; Figure 9; F139M filter; G141 grism,2020AJ....160...51A,03/63/60/61/HAT_P_32_A_b_3.11017_6077_2.tbl
HAT-P-32 b,Transmission,Alam et al. 2020,,2,Infrared Array Camera (IRAC),Spitzer Space Telescope satellite,3.6,4.5,,,from Table 3; Figure 9; Channels 1 & 2,2020AJ....160...51A,80/24/35/01/HAT_P_32_A_b_3.11017_6077_3.tbl
XO-3 b,Transmission,Corrales et al. 2021,,1,UVOT,The Neil Gehrels Swift Observatory,0.2246,0.2246,,,from table 4; uvm2 filter,2021AJ....162..287C,67/67/87/63/XO_3_b_3.11482_6068_1.tbl
KELT-3 b,Transmission,Corrales et al. 2021,,1,UVOT,The Neil Gehrels Swift Observatory,0.2246,0.2246,,,from table 4; uvm2 filter,2021AJ....162..287C,67/44/97/92/KELT_3_b_3.11599_6068_1.tbl
WASP-3 b,Transmission,Corrales et al. 2021,,1,UVOT,The Neil Gehrels Swift Observatory,0.2246,0.2246,,,from table 4; uvm2 filter,2021AJ....162..287C,68/32/36/06/WASP_3_b_3.11467_6068_1.tbl
WASP-62 b,Transmission,Corrales et al. 2021,,1,UVOT,The Neil Gehrels Swift Observatory,0.2246,0.2246,,,from table 4; uvm2 filter,2021AJ....162..287C,46/04/52/39/WASP_62_b_3.11544_6068_1.tbl
HAT-P-6 b,Transmission,Corrales et al. 2021,,1,UVOT,The Neil Gehrels Swift Observatory,0.2246,0.2246,,,from table 4; uvm2 filter,2021AJ....162..287C,38/71/74/21/HAT_P_6_b_3.11026_6068_1.tbl
HAT-P-5 b,Eclipse,Wallack et al. 2021,,2,Infrared Array Camera (IRAC),Spitzer Space Telescope satellite,3.6,4.5,2455120.5,2455123.5,from Table 3,2021AJ....162...36W,56/14/92/16/HAT_P_5_b_3.11025_6079_1.tbl
HAT-P-38 b,Eclipse,Wallack et al. 2021,,2,Infrared Array Camera (IRAC),Spitzer Space Telescope satellite,3.6,4.5,2457488.5,2457498.5,from Table 3,2021AJ....162...36W,46/84/90/79/HAT_P_38_b_3.11548_6079_1.tbl
WASP-7 b,Eclipse,Wallack et al. 2021,,2,Infrared Array Camera (IRAC),Spitzer Space Telescope satellite,3.6,4.5,2455359.5,2455374.5,from Table 3,2021AJ....162...36W,00/72/74/32/WASP_7_b_3.11478_6079_1.tbl
WASP-72 b,Eclipse,Wallack et al. 2021,,2,Infrared Array Camera (IRAC),Spitzer Space Telescope satellite,3.6,4.5,2456978.5,2456980.5,from Table 3,2021AJ....162...36W,10/02/78/63/WASP_72_b_3.11584_6079_1.tbl
WASP-127 b,Eclipse,Wallack et al. 2021,,2,Infrared Array Camera (IRAC),Spitzer Space Telescope satellite,3.6,4.5,2457985.5,2457997.5,from Table 3,2021AJ....162...36W,97/95/11/59/WASP_127_b_3.11973_6079_1.tbl
eps Ind A b,Direct Imaging,Sanghi et al. 2026,,3,Near Infrared Camera (NIRCam),NASA 6.5m James Webb Space Telescope (JWST) Satellite Mission,1.988,4.281,2460915.5,2460915.5,"Table 2; F200W, F410M, F430M",2026arXiv260308787S,40/34/41/76/eps_Ind_A_b_3.12456_6080_1.tbl
eps Ind A b,Direct Imaging,Sanghi et al. 2026,,3,Mid-Infrared Instrument (MIRI),NASA 6.5m James Webb Space Telescope (JWST) Satellite Mission,18.0,25.5,2460922.5,2460922.5,"Table 2; F1800W, F2100W, F2550W",2026arXiv260308787S,78/74/20/75/eps_Ind_A_b_3.12456_6080_2.tbl
LHS 1140 b,Transmission,Edwards et al. 2021,,25,Wide Field Camera 3,Hubble Space Telescope satellite,1.1262,1.6295,,,from Table 2; G141,2021AJ....161...44E,15/36/14/66/LHS_1140_b_3.12019_6081_1.tbl
LHS 1140 b,Transmission,Edwards et al. 2021,,1,TESS CCD Array,Transiting Exoplanet Survey Satellite,0.8,0.8,2458103.083434,2458103.083434,from Table 2,2021AJ....161...44E,38/07/35/47/LHS_1140_b_3.12019_6081_2.tbl
HD 189733 b,Eclipse,Kilpatrick et al. 2020,,7,Infrared Array Camera (IRAC),Spitzer Space Telescope satellite,3.6,3.6,2455558.5,2456853.5,from Table 4; channel 1; figure 3,2020AJ....159...51K,99/52/63/54/HD_189733_b_3.11185_6069_1.tbl
HD 189733 b,Eclipse,Kilpatrick et al. 2020,,7,Infrared Array Camera (IRAC),Spitzer Space Telescope satellite,4.5,4.5,2455187.5,2456880.5,from Table 4; channel 2,2020AJ....159...51K,16/69/87/85/HD_189733_b_3.11185_6069_2.tbl
HD 209458 b,Eclipse,Kilpatrick et al. 2020,,12,Infrared Array Camera (IRAC),Spitzer Space Telescope satellite,3.6,3.6,2455573.5,2457050.5,from Table 4; channel 1; figure 3,2020AJ....159...51K,11/94/46/73/HD_209458_b_3.11218_6069_1.tbl
HD 209458 b,Eclipse,Kilpatrick et al. 2020,,8,Infrared Array Camera (IRAC),Spitzer Space Telescope satellite,4.5,4.5,2455217.5,2456912.5,from Table 4; channel 2; figure 3,2020AJ....159...51K,42/85/77/23/HD_209458_b_3.11218_6069_2.tbl
WASP-19 b,Eclipse,Wong et al. 2020,,1,TESS CCD Array,Transiting Exoplanet Survey Satellite,0.7865,0.7865,2458542.5,2458542.5,from Table 2,2020AJ....159..104W,01/83/43/80/WASP_19_b_3.11448_6070_1.tbl
Kepler-79 d,Transmission,Chachan et al. 2020,,18,Wide Field Camera 3,Hubble Space Telescope satellite,1.135,1.645,,,from Table 3; figure 5; G141 grism; visit 1 & 2 joint fit,2020AJ....160..201C,62/22/70/55/Kepler_79_d_3.24_6082_1.tbl
KELT-9 b,Eclipse,Mansfield et al. 2020,,1,Infrared Array Camera (IRAC),Spitzer Space Telescope satellite,4.5,4.5,2458416.10367,2458416.10367,from Table 1,2020ApJ...888L..15M,90/73/42/62/KELT_9_b_3.12026_6072_1.tbl
KELT-9 b,Transmission,Mansfield et al. 2020,,1,Infrared Array Camera (IRAC),Spitzer Space Telescope satellite,4.5,4.5,2458415.36261,2458415.36261,from Table 1,2020ApJ...888L..15M,62/91/50/80/KELT_9_b_3.12026_6072_2.tbl
HAT-P-11 b,Transmission,Chachan et al. 2019,,2,Infrared Array Camera (IRAC),Spitzer Space Telescope satellite,3.55,4.5,,,from Table 2; Channel 1 and 2 combined,2019AJ....158..244C,25/52/36/25/HAT_P_11_b_3.9_6050_5.tbl
LHS 3844 b,Eclipse,Zieba et al. 2026,,12,Mid-Infrared Instrument (MIRI) - LRS,NASA 6.5m James Webb Space Telescope (JWST) Satellite Mission,5.3645,12.0635,,,from Supplementary Table 4; figure 2,2026NatAs.tmp...97Z,23/79/00/87/LHS_3844_b_3.12293_6088_1.tbl
HAT-P-30 b,Transmission,Claringbold et al. 2026,,61,Near Infrared Spectrograph (NIRSpec) - G395H,NASA 6.5m James Webb Space Telescope (JWST) Satellite Mission,2.7765,5.1797,2460380.639363,2460380.639363,Figure 2; Eureka! reduction; R=100,2026MNRAS.546ag143C,39/74/56/60/HAT_P_30_b_3.11015_6098_1.tbl
HAT-P-30 b,Transmission,Claringbold et al. 2026,,241,Near Infrared Spectrograph (NIRSpec) - G395H,NASA 6.5m James Webb Space Telescope (JWST) Satellite Mission,2.7662,5.1661,2460380.639363,2460380.639363,Figure 2; Eureka! reduction; R=400,2026MNRAS.546ag143C,49/44/54/89/HAT_P_30_b_3.11015_6098_2.tbl
HAT-P-30 b,Transmission,Claringbold et al. 2026,,61,Near Infrared Spectrograph (NIRSpec) - G395H,NASA 6.5m James Webb Space Telescope (JWST) Satellite Mission,2.7765,5.1797,2460380.639356,2460380.639356,Figure 2; Tiberius reduction; R=100,2026MNRAS.546ag143C,84/82/64/38/HAT_P_30_b_3.11015_6098_3.tbl
HAT-P-30 b,Transmission,Claringbold et al. 2026,,241,Near Infrared Spectrograph (NIRSpec) - G395H,NASA 6.5m James Webb Space Telescope (JWST) Satellite Mission,2.7662,5.1661,2460380.639356,2460380.639356,Figure 2; Tiberius reduction; R=400,2026MNRAS.546ag143C,56/39/89/31/HAT_P_30_b_3.11015_6098_4.tbl
TOI-260 b,Transmission,Meech et al. 2026,,106,Near Infrared Spectrograph (NIRSpec) - G395H,NASA 6.5m James Webb Space Telescope (JWST) Satellite Mission,2.873,5.0725,,,Figure 4; Eureka! reduction; Joint,2026AJ....171..274M,56/48/16/46/TOI_260_b_3.20968_5975_1.tbl
TOI-260 b,Transmission,Meech et al. 2026,,106,Near Infrared Spectrograph (NIRSpec) - G395H,NASA 6.5m James Webb Space Telescope (JWST) Satellite Mission,2.873,5.0725,2460265.439374,2460265.439374,Figure 4; Eureka! reduction; Visit 1,2026AJ....171..274M,22/12/15/30/TOI_260_b_3.20968_5975_2.tbl
TOI-260 b,Transmission,Meech et al. 2026,,106,Near Infrared Spectrograph (NIRSpec) - G395H,NASA 6.5m James Webb Space Telescope (JWST) Satellite Mission,2.8728,5.0726,2460265.439544,2460265.439544,Figure 4; Tiberius reduction; Visit 1,2026AJ....171..274M,77/56/66/65/TOI_260_b_3.20968_5975_3.tbl
TOI-260 b,Transmission,Meech et al. 2026,,106,Near Infrared Spectrograph (NIRSpec) - G395H,NASA 6.5m James Webb Space Telescope (JWST) Satellite Mission,2.873,5.0725,2460278.915421,2460278.915421,Figure 4; Eureka! reduction; Visit 2,2026AJ....171..274M,48/62/40/84/TOI_260_b_3.20968_5975_4.tbl
TOI-260 b,Transmission,Meech et al. 2026,,106,Near Infrared Spectrograph (NIRSpec) - G395H,NASA 6.5m James Webb Space Telescope (JWST) Satellite Mission,2.8728,5.0726,2460278.915478,2460278.915478,Figure 4; Tiberius reduction; Visit 2,2026AJ....171..274M,85/91/02/89/TOI_260_b_3.20968_5975_5.tbl
TOI-260 b,Transmission,Meech et al. 2026,,106,Near Infrared Spectrograph (NIRSpec) - G395H,NASA 6.5m James Webb Space Telescope (JWST) Satellite Mission,2.8728,5.0726,,,Figure 4; Tiberius reduction; Weighted average,2026AJ....171..274M,52/47/23/61/TOI_260_b_3.20968_5975_6.tbl
HD 15337 c,Transmission,Wallack et al. 2026,,106,Near Infrared Spectrograph (NIRSpec) - G395H,NASA 6.5m James Webb Space Telescope (JWST) Satellite Mission,2.873,5.0725,2460149.75611,2460149.75611,Eureka!; joint; figure 9,2026AJ....171..180W,36/65/56/59/HD_15337_c_3.12351_6089_1.tbl
HD 15337 c,Transmission,Wallack et al. 2026,,106,Near Infrared Spectrograph (NIRSpec) - G395H,NASA 6.5m James Webb Space Telescope (JWST) Satellite Mission,2.873,5.0725,2460149.75605,2460149.75605,Eureka!; visit 1; figure 8,2026AJ....171..180W,73/47/15/99/HD_15337_c_3.12351_6089_2.tbl
HD 15337 c,Transmission,Wallack et al. 2026,,106,Near Infrared Spectrograph (NIRSpec) - G395H,NASA 6.5m James Webb Space Telescope (JWST) Satellite Mission,2.8728,5.0726,2460149.75623,2460149.75623,Tiberius; visit 1; figure 8,2026AJ....171..180W,56/77/68/65/HD_15337_c_3.12351_6089_3.tbl
HD 15337 c,Transmission,Wallack et al. 2026,,106,Near Infrared Spectrograph (NIRSpec) - G395H,NASA 6.5m James Webb Space Telescope (JWST) Satellite Mission,2.873,5.0725,2460184.11406,2460184.11406,Eureka!; visit 2; figure 8,2026AJ....171..180W,79/18/69/30/HD_15337_c_3.12351_6089_4.tbl
HD 15337 c,Transmission,Wallack et al. 2026,,106,Near Infrared Spectrograph (NIRSpec) - G395H,NASA 6.5m James Webb Space Telescope (JWST) Satellite Mission,2.8728,5.0726,2460184.1138,2460184.1138,Tiberius; visit 2; figure 8,2026AJ....171..180W,30/41/34/62/HD_15337_c_3.12351_6089_5.tbl
HD 15337 c,Transmission,Wallack et al. 2026,,106,Near Infrared Spectrograph (NIRSpec) - G395H,NASA 6.5m James Webb Space Telescope (JWST) Satellite Mission,2.8728,5.0726,,,Tiberius; wighted average; figure 9,2026AJ....171..180W,38/49/78/42/HD_15337_c_3.12351_6089_6.tbl
WASP-121 b,Eclipse,Pelletier et al. 2026,,480,Near Infrared Imager and Slitless Spectrograph (NIRISS),NASA 6.5m James Webb Space Telescope (JWST) Satellite Mission,0.6017,2.8244,2460244.236053,2460244.236053,SOSS; NAMELESS pipeline; figure 4,2026A&A...706A...2P,60/05/66/39/WASP_121_b_3.11900_6090_1.tbl
AU Mic b,Transmission,Waalkes et al. 2026,,42,Wide Field Camera 3,Hubble Space Telescope satellite,0.8032,1.6285,2459456.5,2459683.5,from Table 8; G102 and G141 combined; spectrum impacted by spot contamination/TLS effect.,2026arXiv260631281W,86/01/15/17/AU_Mic_b_3.12539_6096_1.tbl
WASP-43 b,Transmission,Weaver et al. 2020,,17,IMACS spectrograph,Magellan I Walter Baade Telescope,0.5433,0.8879,,,from Table 7; figure 8; combined spectrum; relative transit depths offset by 25071 ppm,2020AJ....159...13W,87/91/75/76/WASP_43_b_3.11469_6094_1.tbl
WASP-100 b,Eclipse,Jansen &amp; Kipping 2020,,1,TESS CCD Array,Transiting Exoplanet Survey Satellite,0.82,0.82,,,from Section 6.1 (eclipse depth) & Table 2 (brightness temperature),2020MNRAS.494.4077J,00/28/46/87/WASP_100_b_3.11671_6095_1.tbl
KELT-1 b,Eclipse,Beatty et al. 2020,,1,TESS CCD Array,Transiting Exoplanet Survey Satellite,0.82,0.82,2457307.58499,2457307.58499,"from Table 2, polynomial detrending solution",2020AJ....160..211B,71/60/47/44/KELT_1_b_3.11521_6071_1.tbl
WASP-6 b,Transmission,Carter et al. 2020,,12,FORS2,European Southern Observatory (ESO) 8.2m Very Large Telescope (VLT) Antu (UT1) at Paranal Observatory,0.4573,0.6093,2457298.672234,2457298.672234,from Table B1; figure 7 & 10; G600B grism,2020MNRAS.494.5449C,43/99/99/90/WASP_6_b_3.11477_6097_1.tbl
WASP-6 b,Transmission,Carter et al. 2020,,12,FORS2,European Southern Observatory (ESO) 8.2m Very Large Telescope (VLT) Antu (UT1) at Paranal Observatory,0.4573,0.6093,2457298.672253,2457298.672253,from Table B1; figure 10; G600B grism; TESS model fit,2020MNRAS.494.5449C,93/44/08/17/WASP_6_b_3.11477_6097_2.tbl
WASP-6 b,Transmission,Carter et al. 2020,,12,FORS2,European Southern Observatory (ESO) 8.2m Very Large Telescope (VLT) Antu (UT1) at Paranal Observatory,0.4573,0.6093,2457298.172246,2457298.172246,from Table B1; figure 10 & 13; G600B grism; AIT model fit,2020MNRAS.494.5449C,19/77/74/29/WASP_6_b_3.11477_6097_3.tbl
WASP-6 b,Transmission,Carter et al. 2020,,34,FORS2,European Southern Observatory (ESO) 8.2m Very Large Telescope (VLT) Antu (UT1) at Paranal Observatory,0.5373,0.8293,2457335.646823,2457335.646823,from Table B1; figure 7 & 10; G600RI grism,2020MNRAS.494.5449C,96/01/53/24/WASP_6_b_3.11477_6097_4.tbl
WASP-6 b,Transmission,Carter et al. 2020,,34,FORS2,European Southern Observatory (ESO) 8.2m Very Large Telescope (VLT) Antu (UT1) at Paranal Observatory,0.5373,0.8293,2457335.646826,2457335.646826,from Table B1; figure 10; G600RI grism; TESS model fit,2020MNRAS.494.5449C,79/15/59/33/WASP_6_b_3.11477_6097_5.tbl
WASP-6 b,Transmission,Carter et al. 2020,,34,FORS2,European Southern Observatory (ESO) 8.2m Very Large Telescope (VLT) Antu (UT1) at Paranal Observatory,0.5373,0.8293,2457335.646821,2457335.646821,from Table B1; figure 10 & 13; G600RI grism; AIT model fit,2020MNRAS.494.5449C,88/88/09/28/WASP_6_b_3.11477_6097_6.tbl
WASP-6 b,Transmission,Carter et al. 2020,,1,TESS CCD Array,Transiting Exoplanet Survey Satellite,0.8,0.8,2458357.894027,2458357.894027,from Table B1: figure 7 & 10,2020MNRAS.494.5449C,17/72/04/92/WASP_6_b_3.11477_6097_7.tbl
WASP-6 b,Transmission,Carter et al. 2020,,1,TESS CCD Array,Transiting Exoplanet Survey Satellite,0.8,0.8,2458357.893949,2458357.893949,from Table B1; figure 10; TESS model fit,2020MNRAS.494.5449C,29/76/34/78/WASP_6_b_3.11477_6097_8.tbl
WASP-6 b,Transmission,Carter et al. 2020,,1,TESS CCD Array,Transiting Exoplanet Survey Satellite,0.8,0.8,2458357.893948,2458357.893948,from Table B1; figure 10 & 13; AIT model fit,2020MNRAS.494.5449C,03/06/13/33/WASP_6_b_3.11477_6097_9.tbl
WASP-6 b,Transmission,Carter et al. 2020,,7,Space Telescope Imaging Spectrograph,Hubble Space Telescope satellite,0.3625,0.5575,2456088.716349,2456088.716349,from Table B2; figure 7 & 10; G430L grism,2020MNRAS.494.5449C,62/09/24/69/WASP_6_b_3.11477_6097_10.tbl
WASP-6 b,Transmission,Carter et al. 2020,,7,Space Telescope Imaging Spectrograph,Hubble Space Telescope satellite,0.3625,0.5575,2456088.716348,2456088.716348,from Table B2; figure 10; G430L grism; TESS model fit,2020MNRAS.494.5449C,50/30/64/17/WASP_6_b_3.11477_6097_11.tbl
WASP-6 b,Transmission,Carter et al. 2020,,7,Space Telescope Imaging Spectrograph,Hubble Space Telescope satellite,0.3625,0.5575,2456088.716337,2456088.716337,from Table B2; figure 10 & 13; G430L grism; AIT model fit,2020MNRAS.494.5449C,38/48/54/01/WASP_6_b_3.11477_6097_12.tbl
WASP-6 b,Transmission,Carter et al. 2020,,10,Space Telescope Imaging Spectrograph,Hubble Space Telescope satellite,0.5684,0.975,2456132.40613,2456132.40613,from Table B2; figure 7 & 10; G750L grism,2020MNRAS.494.5449C,24/55/41/87/WASP_6_b_3.11477_6097_13.tbl
WASP-6 b,Transmission,Carter et al. 2020,,10,Space Telescope Imaging Spectrograph,Hubble Space Telescope satellite,0.5684,0.975,2456132.406148,2456132.406148,from Table B2; figure 10; G750L grism; TESS model fit,2020MNRAS.494.5449C,96/71/85/42/WASP_6_b_3.11477_6097_14.tbl
WASP-6 b,Transmission,Carter et al. 2020,,10,Space Telescope Imaging Spectrograph,Hubble Space Telescope satellite,0.5684,0.975,2456132.506103,2456132.506103,from Table B2; figure 10 & 13; G750L grism; AIT model fit,2020MNRAS.494.5449C,80/64/66/22/WASP_6_b_3.11477_6097_15.tbl
WASP-6 b,Transmission,Carter et al. 2020,,28,Wide Field Camera 3,Hubble Space Telescope satellite,1.1401,1.6396,2457880.635381,2457880.635381,from Table B2; figure 7 & 10; G141 grism,2020MNRAS.494.5449C,48/42/12/74/WASP_6_b_3.11477_6097_16.tbl
WASP-6 b,Transmission,Carter et al. 2020,,28,Wide Field Camera 3,Hubble Space Telescope satellite,1.1401,1.6396,2457880.635372,2457880.635372,from Table B2; figure 10; G141 grism; TESS model fit,2020MNRAS.494.5449C,38/06/62/10/WASP_6_b_3.11477_6097_17.tbl
WASP-6 b,Transmission,Carter et al. 2020,,28,Wide Field Camera 3,Hubble Space Telescope satellite,1.1401,1.6396,2457880.635374,2457880.635374,from Table B2; figure 10 & 13; G141 grism; AIT model fit,2020MNRAS.494.5449C,33/17/27/03/WASP_6_b_3.11477_6097_18.tbl
HAT-P-32 b,Transmission,Baxter et al. 2021,,2,Infrared Array Camera (IRAC),Spitzer Space Telescope satellite,3.6,4.5,2456250.10352,2456370.504208,from Table 4,2021A&A...648A.127B,45/98/57/67/HAT_P_32_b_3.11017_6099_1.tbl
XO-1 b,Transmission,Baxter et al. 2021,,2,Infrared Array Camera (IRAC),Spitzer Space Telescope satellite,3.6,4.5,2456426.076095,2456437.900819,from Table 4,2021A&A...648A.127B,36/00/38/41/XO_1_b_3.11480_6099_1.tbl
HAT-P-1 b,Transmission,Baxter et al. 2021,,2,Infrared Array Camera (IRAC),Spitzer Space Telescope satellite,3.6,4.5,2456547.478364,2456556.409109,from Table 4,2021A&A...648A.127B,13/35/17/58/HAT_P_1_b_3.11003_6099_1.tbl
WASP-17 b,Transmission,Baxter et al. 2021,,2,Infrared Array Camera (IRAC),Spitzer Space Telescope satellite,3.6,4.5,2456423.188874,2456426.923243,from Table 4,2021A&A...648A.127B,40/98/71/63/WASP_17_b_3.11446_6099_1.tbl
WASP-39 b,Transmission,Baxter et al. 2021,,2,Infrared Array Camera (IRAC),Spitzer Space Telescope satellite,3.6,4.5,2456401.396438,2456575.774315,from Table 4,2021A&A...648A.127B,38/18/20/20/WASP_39_b_3.11466_6099_1.tbl
HAT-P-12 b,Transmission,Baxter et al. 2021,,2,Infrared Array Camera (IRAC),Spitzer Space Telescope satellite,3.6,4.5,2456359.882148,2456363.095398,from Table 4,2021A&A...648A.127B,87/63/56/71/HAT_P_12_b_3.10993_6099_1.tbl
HAT-P-18 b,Transmission,Baxter et al. 2021,,2,Infrared Array Camera (IRAC),Spitzer Space Telescope satellite,3.6,4.5,2456461.067141,2456483.099518,from Table 4,2021A&A...648A.127B,63/83/03/47/HAT_P_18_b_3.11001_6099_1.tbl
TrES-2 b,Transmission,Baxter et al. 2021,,2,Infrared Array Camera (IRAC),Spitzer Space Telescope satellite,3.6,4.5,2456252.834601,2456257.775215,from Table 4,2021A&A...648A.127B,67/96/22/39/TrES_2_b_3.237_6099_1.tbl
WASP-4 b,Transmission,Baxter et al. 2021,,2,Infrared Array Camera (IRAC),Spitzer Space Telescope satellite,3.6,4.5,2456288.955465,2456292.9695,from Table 4,2021A&A...648A.127B,89/91/98/77/WASP_4_b_3.11474_6099_1.tbl
XO-2 N b,Transmission,Baxter et al. 2021,,2,Infrared Array Camera (IRAC),Spitzer Space Telescope satellite,3.6,4.5,2456292.754728,2456295.370617,from Table 4,2021A&A...648A.127B,91/42/52/59/XO_2_b_3.11481_6099_1.tbl
GJ 3470 b,Transmission,Baxter et al. 2021,,2,Infrared Array Camera (IRAC),Spitzer Space Telescope satellite,3.6,4.5,2456284.001794,2456294.011801,from Table 4,2021A&A...648A.127B,33/41/41/91/GJ_3470_b_3.11524_6099_1.tbl
WASP-21 b,Transmission,Baxter et al. 2021,,2,Infrared Array Camera (IRAC),Spitzer Space Telescope satellite,3.6,4.5,2456532.561048,2456536.882998,from Table 4,2021A&A...648A.127B,50/51/65/60/WASP_21_b_3.11450_6099_1.tbl
WASP-31 b,Transmission,Baxter et al. 2021,,2,Infrared Array Camera (IRAC),Spitzer Space Telescope satellite,3.6,4.5,2456360.90766,2456371.12569,from Table 4,2021A&A...648A.127B,45/32/12/96/WASP_31_b_3.11458_6099_1.tbl
WASP-1 b,Transmission,Baxter et al. 2021,,2,Infrared Array Camera (IRAC),Spitzer Space Telescope satellite,3.6,4.5,2456361.902274,2456371.98215,from Table 4,2021A&A...648A.127B,32/21/53/37/WASP_1_b_3.11449_6099_1.tbl
HAT-P-26 b,Transmission,Baxter et al. 2021,,2,Infrared Array Camera (IRAC),Spitzer Space Telescope satellite,3.6,4.5,2456405.622835,2456545.361384,from Table 4,2021A&A...648A.127B,13/14/54/22/HAT_P_26_b_3.11010_6099_1.tbl
WASP-107 b,Transmission,Baxter et al. 2021,,2,Infrared Array Camera (IRAC),Spitzer Space Telescope satellite,3.6,4.5,2457870.403743,2457876.124941,from Table 4,2021A&A...648A.127B,44/08/90/63/WASP_107_b_3.12045_6099_1.tbl
WASP-13 b,Transmission,Baxter et al. 2021,,2,Infrared Array Camera (IRAC),Spitzer Space Telescope satellite,3.6,4.5,2456315.526437,2456480.940869,from Table 4,2021A&A...648A.127B,74/96/51/70/WASP_13_b_3.11442_6099_1.tbl
WASP-121 b,Transmission,Baxter et al. 2021,,2,Infrared Array Camera (IRAC),Spitzer Space Telescope satellite,3.6,4.5,2457906.807311,2457910.632374,from Table 4,2021A&A...648A.127B,90/15/09/80/WASP_121_b_3.11900_6099_1.tbl
WASP-69 b,Transmission,Baxter et al. 2021,,2,Infrared Array Camera (IRAC),Spitzer Space Telescope satellite,3.6,4.5,2457992.354188,2457996.222243,from Table 4,2021A&A...648A.127B,68/42/80/19/WASP_69_b_3.11714_6099_1.tbl
WASP-67 b,Transmission,Baxter et al. 2021,,2,Infrared Array Camera (IRAC),Spitzer Space Telescope satellite,3.6,4.5,2457776.271136,2457979.305753,from Table 4,2021A&A...648A.127B,67/09/44/04/WASP_67_b_3.11547_6099_1.tbl
HATS-7 b,Transmission,Baxter et al. 2021,,2,Infrared Array Camera (IRAC),Spitzer Space Telescope satellite,3.6,4.5,2457694.120917,2457697.305788,from Table 4,2021A&A...648A.127B,48/83/66/81/HATS_7_b_3.12160_6099_1.tbl
WASP-29 b,Transmission,Baxter et al. 2021,,2,Infrared Array Camera (IRAC),Spitzer Space Telescope satellite,3.6,4.5,2457807.234478,2457826.848225,from Table 4,2021A&A...648A.127B,55/73/16/28/WASP_29_b_3.11456_6099_1.tbl
HAT-P-41 b,Transmission,Baxter et al. 2021,,2,Infrared Array Camera (IRAC),Spitzer Space Telescope satellite,3.6,4.5,2457772.20386,2457788.367795,from Table 4,2021A&A...648A.127B,49/50/05/57/HAT_P_41_b_3.11534_6099_1.tbl
WASP-101 b,Transmission,Baxter et al. 2021,,2,Infrared Array Camera (IRAC),Spitzer Space Telescope satellite,3.6,4.5,2457760.332526,2457771.089626,from Table 4,2021A&A...648A.127B,08/78/03/79/WASP_101_b_3.11672_6099_1.tbl
WASP-131 b,Transmission,Baxter et al. 2021,,2,Infrared Array Camera (IRAC),Spitzer Space Telescope satellite,3.6,4.5,2457696.83708,2457909.718452,from Table 4,2021A&A...648A.127B,30/76/40/60/WASP_131_b_3.11960_6099_1.tbl
WASP-36 b,Transmission,Baxter et al. 2021,,2,Infrared Array Camera (IRAC),Spitzer Space Telescope satellite,3.6,4.5,2457805.166629,2457975.813843,from Table 4,2021A&A...648A.127B,23/21/04/44/WASP_36_b_3.11463_6099_1.tbl
WASP-63 b,Transmission,Baxter et al. 2021,,2,Infrared Array Camera (IRAC),Spitzer Space Telescope satellite,3.6,4.5,2457865.520635,2457922.436423,from Table 4,2021A&A...648A.127B,12/47/33/48/WASP_63_b_3.11545_6099_1.tbl
WASP-79 b,Transmission,Baxter et al. 2021,,2,Infrared Array Camera (IRAC),Spitzer Space Telescope satellite,3.6,4.5,2457713.374126,2457720.699409,from Table 4,2021A&A...648A.127B,63/96/10/88/WASP_79_b_3.11520_6099_1.tbl
WASP-94 A b,Transmission,Baxter et al. 2021,,2,Infrared Array Camera (IRAC),Spitzer Space Telescope satellite,3.6,4.5,2457795.02153,2457972.780291,from Table 4,2021A&A...648A.127B,71/24/87/73/WASP_94_A_b_3.11708_6099_1.tbl
WASP-74 b,Transmission,Baxter et al. 2021,,2,Infrared Array Camera (IRAC),Spitzer Space Telescope satellite,3.6,4.5,2457768.164558,2457770.304101,from Table 4,2021A&A...648A.127B,54/26/20/21/WASP_74_b_3.11772_6099_1.tbl
WASP-62 b,Transmission,Baxter et al. 2021,,2,Infrared Array Camera (IRAC),Spitzer Space Telescope satellite,3.6,4.5,2457717.229937,2457730.466206,from Table 4,2021A&A...648A.127B,09/33/04/29/WASP_62_b_3.11544_6099_1.tbl
Kepler-45 b,Transmission,Baxter et al. 2021,,2,Infrared Array Camera (IRAC),Spitzer Space Telescope satellite,3.6,4.5,,,from Table 4,2021A&A...648A.127B,01/98/95/42/Kepler_45_b_3.222_6099_1.tbl
