label,reduction_id,planet,spectrum_type,authors,bibcode,doi,facility,instrument,program,program_status,reduction_note,archive_spec_path,declared_points,wavelength_min_um,wavelength_max_um,data_source
OBSERVED,655b42bfd2e6f0e47282,2MASS J01033563-5515561 AB b,direct imaging,M&acirc;lin et al. 2025,2025A&A...704A.181M,,NASA 6.5m James Webb Space Telescope (JWST) Satellite Mission,Mid-Infrared Instrument (MIRI) - MRS,,not_provided_by_archive_index,Figure 2; Circumplanetary disk features present,98/85/23/58/Delorme_1_AB_b_3.12580_5933_1.tbl,10920,4.9004,24.485,NASA Exoplanet Archive spectra index
OBSERVED,c841bbd07850080bd652,2MASS J12073346-3932539 b,direct imaging,Luhman et al. 2023,2023ApJ...949L..36L,,NASA 6.5m James Webb Space Telescope (JWST) Satellite Mission,Near Infrared Spectrograph (NIRSpec),,not_provided_by_archive_index,,94/69/37/09/2MASS_J12073346_3932539_b_3.10912_5457_1.tbl,17434,0.9701,5.269,NASA Exoplanet Archive spectra index
OBSERVED,40c35b9504233928e2c2,51 Eri b,direct imaging,Macintosh et al. 2015,2015Sci...350...64M,,Association of Universities for Research in Astronomy (AURA) 8.1m Gemini South Telescope at Cerro Pachon,Gemini Planet Imager (GPI),,not_provided_by_archive_index,,72/22/26/09/51_Eri_b_3.11801_3607_3.tbl,74,1.1141,1.7974,NASA Exoplanet Archive spectra index
OBSERVED,b79c37137207066e6440,51 Eri b,direct imaging,Samland et al. 2017,2017A&A...603A..57S,,European Southern Observatory (ESO) 8.2m Very Large Telescope (VLT) Melipal (UT3) at Paranal Observatory,SPHERE - IRDIS,,not_provided_by_archive_index,"Table 2, ADI. Spectrum from multiple epochs.",33/57/16/02/51_Eri_b_3.11801_5468_1.tbl,5,1.589,2.255,NASA Exoplanet Archive spectra index
OBSERVED,cf3536d41e7cd9cc1ac1,51 Eri b,direct imaging,Samland et al. 2017,2017A&A...603A..57S,,European Southern Observatory (ESO) 8.2m Very Large Telescope (VLT) Melipal (UT3) at Paranal Observatory,SPHERE - IFS,,not_provided_by_archive_index,YJ. Spectrum from multiple epochs.,36/05/03/42/51_Eri_b_3.11801_5468_3.tbl,29,0.9814,1.3292,NASA Exoplanet Archive spectra index
OBSERVED,32dda31a2481cd5cbd86,51 Eri b,direct imaging,Samland et al. 2017,2017A&A...603A..57S,,European Southern Observatory (ESO) 8.2m Very Large Telescope (VLT) Melipal (UT3) at Paranal Observatory,SPHERE - IFS,,not_provided_by_archive_index,YH. Spectrum from multiple epochs.,50/30/28/82/51_Eri_b_3.11801_5468_2.tbl,33,1.0093,1.6407,NASA Exoplanet Archive spectra index
OBSERVED,f416389fd71cc2627d60,51 Eri b,direct imaging,Rajan et al. 2017,2017AJ....154...10R,,W. M. Keck Observatory,NIRC2 Camera,,not_provided_by_archive_index,Spectrum from multiple epochs.,08/37/70/26/51_Eri_b_3.11801_5469_2.tbl,2,3.776,4.67,NASA Exoplanet Archive spectra index
OBSERVED,66cd23321cbd214766d9,51 Eri b,direct imaging,Rajan et al. 2017,2017AJ....154...10R,,Association of Universities for Research in Astronomy (AURA) 8.1m Gemini South Telescope at Cerro Pachon,Gemini Planet Imager (GPI),,not_provided_by_archive_index,Spectrum from multiple epochs.,61/36/76/44/51_Eri_b_3.11801_5469_1.tbl,74,1.8861,2.3964,NASA Exoplanet Archive spectra index
OBSERVED,338c5dc5d411b7325f92,55 Cnc e,eclipse,Demory et al. 2012,2012ApJ...751L..28D,,Spitzer Space Telescope satellite,Infrared Array Camera (IRAC),,not_provided_by_archive_index,,36/94/31/60/55_Cnc_e_3.10924_4102_1.tbl,1,4.5,4.5,NASA Exoplanet Archive spectra index
OBSERVED,d48c50b39676a1ad7c12,55 Cnc e,eclipse,Demory et al. 2016,2016MNRAS.455.2018D,,Spitzer Space Telescope satellite,Infrared Array Camera (IRAC),,not_provided_by_archive_index,Table 2,27/26/74/71/55_Cnc_e_3.10924_3724_1.tbl,2,4.5,4.5,NASA Exoplanet Archive spectra index
OBSERVED,f0008b9239c04504effa,55 Cnc e,eclipse,Patel et al. 2024,2024A&A...690A.159P,,NASA 6.5m James Webb Space Telescope (JWST) Satellite Mission,Near Infrared Camera (NIRCam),,not_provided_by_archive_index,"Figure A.1, stark Method, Obs. Date corresponds to Start date, Visit 3",02/33/62/04/55_Cnc_e_3.10924_5518_6.tbl,30,3.9536,4.9102,NASA Exoplanet Archive spectra index
OBSERVED,18597a2d58dd5c3e0a16,55 Cnc e,eclipse,Patel et al. 2024,2024A&A...690A.159P,,NASA 6.5m James Webb Space Telescope (JWST) Satellite Mission,Near Infrared Camera (NIRCam),,not_provided_by_archive_index,"Figure A.1, HANSOLO Method, Obs. Date corresponds to Start date, Visit 3",09/06/38/72/55_Cnc_e_3.10924_5518_5.tbl,30,3.9529,4.9186,NASA Exoplanet Archive spectra index
OBSERVED,8a4581f105de3aaf1347,55 Cnc e,eclipse,Patel et al. 2024,2024A&A...690A.159P,,NASA 6.5m James Webb Space Telescope (JWST) Satellite Mission,Near Infrared Camera (NIRCam),,not_provided_by_archive_index,"Table 1, Obs. Date corresponds to Start date, stark pipeline",17/46/80/80/55_Cnc_e_3.10924_5518_14.tbl,2,2.12,4.5,NASA Exoplanet Archive spectra index
OBSERVED,585252d4508eb5e2ff10,55 Cnc e,eclipse,Patel et al. 2024,2024A&A...690A.159P,,NASA 6.5m James Webb Space Telescope (JWST) Satellite Mission,Near Infrared Camera (NIRCam),,not_provided_by_archive_index,"Figure A.1, stark Method, Obs. Date corresponds to Start date, Visit 4",20/68/57/63/55_Cnc_e_3.10924_5518_8.tbl,30,3.9536,4.9102,NASA Exoplanet Archive spectra index
OBSERVED,0c612e425c0fb7be1e22,55 Cnc e,eclipse,Patel et al. 2024,2024A&A...690A.159P,,NASA 6.5m James Webb Space Telescope (JWST) Satellite Mission,Near Infrared Camera (NIRCam),,not_provided_by_archive_index,"Figure A.1, stark Method, Obs. Date corresponds to Start date, Visit 5",24/05/07/90/55_Cnc_e_3.10924_5518_10.tbl,30,3.9536,4.9102,NASA Exoplanet Archive spectra index
OBSERVED,1b606431d720377a3420,55 Cnc e,eclipse,Patel et al. 2024,2024A&A...690A.159P,,NASA 6.5m James Webb Space Telescope (JWST) Satellite Mission,Near Infrared Camera (NIRCam),,not_provided_by_archive_index,"Figure A.1, stark Method, Obs. Date corresponds to Start date, Visit 2",28/36/47/75/55_Cnc_e_3.10924_5518_4.tbl,30,3.9536,4.9102,NASA Exoplanet Archive spectra index
OBSERVED,96e60a92b1be7de90021,55 Cnc e,eclipse,Patel et al. 2024,2024A&A...690A.159P,,NASA 6.5m James Webb Space Telescope (JWST) Satellite Mission,Near Infrared Camera (NIRCam),,not_provided_by_archive_index,"Table 1, Obs. Date corresponds to Start date, stark pipeline",37/45/30/30/55_Cnc_e_3.10924_5518_11.tbl,2,2.12,4.5,NASA Exoplanet Archive spectra index
OBSERVED,af1cd4526e0f2642a7d7,55 Cnc e,eclipse,Patel et al. 2024,2024A&A...690A.159P,,NASA 6.5m James Webb Space Telescope (JWST) Satellite Mission,Near Infrared Camera (NIRCam),,not_provided_by_archive_index,"Figure A.1, HANSOLO Method, Obs. Date corresponds to Start date, Visit 2",57/50/14/73/55_Cnc_e_3.10924_5518_3.tbl,30,3.9529,4.9186,NASA Exoplanet Archive spectra index
OBSERVED,865ee0fd11f2b92388dd,55 Cnc e,eclipse,Patel et al. 2024,2024A&A...690A.159P,,NASA 6.5m James Webb Space Telescope (JWST) Satellite Mission,Near Infrared Camera (NIRCam),,not_provided_by_archive_index,"Figure A.1, HANSOLO Method, Obs. Date corresponds to Start date, Visit 4",63/40/60/27/55_Cnc_e_3.10924_5518_7.tbl,30,3.9529,4.9186,NASA Exoplanet Archive spectra index
OBSERVED,57eebc5630bbac08eb0e,55 Cnc e,eclipse,Patel et al. 2024,2024A&A...690A.159P,,NASA 6.5m James Webb Space Telescope (JWST) Satellite Mission,Near Infrared Camera (NIRCam),,not_provided_by_archive_index,"Figure A.1, stark Method, Obs. Date corresponds to Start date, Visit 1",72/20/01/75/55_Cnc_e_3.10924_5518_2.tbl,30,3.9536,4.9102,NASA Exoplanet Archive spectra index
OBSERVED,04c3edec54ba72b60b40,55 Cnc e,eclipse,Patel et al. 2024,2024A&A...690A.159P,,NASA 6.5m James Webb Space Telescope (JWST) Satellite Mission,Near Infrared Camera (NIRCam),,not_provided_by_archive_index,"Table 1, Obs. Date corresponds to Start date, stark pipeline",75/80/20/09/55_Cnc_e_3.10924_5518_15.tbl,2,2.12,4.5,NASA Exoplanet Archive spectra index
OBSERVED,ef660dd5f9e449ebb303,55 Cnc e,eclipse,Patel et al. 2024,2024A&A...690A.159P,,NASA 6.5m James Webb Space Telescope (JWST) Satellite Mission,Near Infrared Camera (NIRCam),,not_provided_by_archive_index,"Figure A.1, HANSOLO Method, Obs. Date corresponds to Start date, Visit 5",75/98/87/03/55_Cnc_e_3.10924_5518_9.tbl,30,3.9529,4.9186,NASA Exoplanet Archive spectra index
OBSERVED,06fbb34c261c27f51e06,55 Cnc e,eclipse,Patel et al. 2024,2024A&A...690A.159P,,NASA 6.5m James Webb Space Telescope (JWST) Satellite Mission,Near Infrared Camera (NIRCam),,not_provided_by_archive_index,"Table 1, Obs. Date corresponds to Start date, stark pipeline",92/19/36/89/55_Cnc_e_3.10924_5518_12.tbl,2,2.12,4.5,NASA Exoplanet Archive spectra index
OBSERVED,77ca9d7d844acdd02d9f,55 Cnc e,eclipse,Patel et al. 2024,2024A&A...690A.159P,,NASA 6.5m James Webb Space Telescope (JWST) Satellite Mission,Near Infrared Camera (NIRCam),,not_provided_by_archive_index,"Figure A.1, HANSOLO Method, Obs. Date corresponds to Start date, Visit 1",95/23/06/90/55_Cnc_e_3.10924_5518_1.tbl,30,3.9529,4.9186,NASA Exoplanet Archive spectra index
OBSERVED,2af8d155b87a82b6deba,55 Cnc e,eclipse,Patel et al. 2024,2024A&A...690A.159P,,NASA 6.5m James Webb Space Telescope (JWST) Satellite Mission,Near Infrared Camera (NIRCam),,not_provided_by_archive_index,"Table 1, Obs. Date corresponds to Start date, stark pipeline",96/61/71/89/55_Cnc_e_3.10924_5518_13.tbl,2,2.12,4.5,NASA Exoplanet Archive spectra index
OBSERVED,43b249a15a961fb8f239,55 Cnc e,eclipse,Hu et al. 2024,2024Natur.630..609H,,NASA 6.5m James Webb Space Telescope (JWST) Satellite Mission,Mid-Infrared Instrument (MIRI),,not_provided_by_archive_index,Fig. 3,03/10/03/15/55_Cnc_e_3.10924_5378_1.tbl,9,6.5825,11.4545,NASA Exoplanet Archive spectra index
OBSERVED,105da36716a1d10141ee,55 Cnc e,eclipse,Hu et al. 2024,2024Natur.630..609H,,NASA 6.5m James Webb Space Telescope (JWST) Satellite Mission,Near Infrared Camera (NIRCam),,not_provided_by_archive_index,Relative eclipse depths offset by 60 ppm (Fig 3),48/20/90/63/55_Cnc_e_3.10924_5378_2.tbl,21,3.965,4.965,NASA Exoplanet Archive spectra index
OBSERVED,bc583a702f7b283a5754,55 Cnc e,transmission,Demory et al. 2011,2011A&A...533A.114D,,Spitzer Space Telescope satellite,Infrared Array Camera (IRAC),,not_provided_by_archive_index,,34/62/75/84/55_Cnc_e_3.10924_3696_1.tbl,1,4.5,4.5,NASA Exoplanet Archive spectra index
OBSERVED,a00a3b66e56c9ffeaa4b,55 Cnc e,transmission,de Mooij et al. 2014,2014ApJ...797L..21D,,Nordic Optical Telescope,ALFOSC,,not_provided_by_archive_index,,78/51/78/87/55_Cnc_e_3.10924_3673_1.tbl,8,0.4735,0.656,NASA Exoplanet Archive spectra index
OBSERVED,4fb3f86ddaca0574444b,55 Cnc e,transmission,Tsiaras et al. 2016,2016ApJ...820...99T,,Hubble Space Telescope satellite,Wide Field Camera 3,,not_provided_by_archive_index,,18/43/09/97/55_Cnc_e_3.10924_3750_1.tbl,25,1.132,1.6376,NASA Exoplanet Archive spectra index
OBSERVED,18f7c5e3e3e404b6453d,55 Cnc e,transmission,Demory et al. 2016,2016MNRAS.455.2018D,,Spitzer Space Telescope satellite,Infrared Array Camera (IRAC),,not_provided_by_archive_index,,94/76/47/41/55_Cnc_e_3.10924_3724_2.tbl,6,4.5,4.5,NASA Exoplanet Archive spectra index
OBSERVED,34c3def0f29125f42378,AF Lep b,direct imaging,Mesa et al. 2023,2023A&A...672A..93M,,European Southern Observatory (ESO) 8.2m Very Large Telescope (VLT) Melipal (UT3) at Paranal Observatory,SPHERE - IFS and IRDIS,,not_provided_by_archive_index,Figure 4,30/36/80/38/AF_Lep_b_3.18764_5100_1.tbl,36,0.941,2.251,NASA Exoplanet Archive spectra index
OBSERVED,6121084befafd54bb50f,AF Lep b,direct imaging,De Rosa et al. 2023,2023A&A...672A..94D,,European Southern Observatory (ESO) 8.2m Very Large Telescope (VLT) Melipal (UT3) at Paranal Observatory,SPHERE - IFS and IRDIS,,not_provided_by_archive_index,Table 6,89/68/34/60/AF_Lep_b_3.18764_5101_1.tbl,27,1.239,2.253,NASA Exoplanet Archive spectra index
OBSERVED,35540f2ac66bb9d753d3,AF Lep b,direct imaging,Franson et al. 2024,2024ApJ...974L..11F,,NASA 6.5m James Webb Space Telescope (JWST) Satellite Mission,Near Infrared Camera (NIRCam),,not_provided_by_archive_index,F444W Epoch 2,30/71/76/22/AF_Lep_b_3.18764_5640_2.tbl,1,4.402,4.402,NASA Exoplanet Archive spectra index
OBSERVED,1138ef87eb45f0f0bee5,AF Lep b,direct imaging,Franson et al. 2024,2024ApJ...974L..11F,,W. M. Keck Observatory,NIRC2 Camera,,not_provided_by_archive_index,L,39/45/61/56/AF_Lep_b_3.18764_5640_3.tbl,1,3.776,3.776,NASA Exoplanet Archive spectra index
OBSERVED,a4b4f74972ed8ea57cca,AF Lep b,direct imaging,Franson et al. 2024,2024ApJ...974L..11F,,NASA 6.5m James Webb Space Telescope (JWST) Satellite Mission,Near Infrared Camera (NIRCam),,not_provided_by_archive_index,F444W Epoch 1,40/43/35/07/AF_Lep_b_3.18764_5640_1.tbl,1,4.402,4.402,NASA Exoplanet Archive spectra index
OBSERVED,03b9092da86632bdd6b8,AU Mic b,transmission,Waalkes et al. 2026,2026arXiv260631281W,,Hubble Space Telescope satellite,Wide Field Camera 3,,not_provided_by_archive_index,from Table 8; G102 and G141 combined; spectrum impacted by spot contamination/TLS effect.,86/01/15/17/AU_Mic_b_3.12539_6096_1.tbl,42,0.8032,1.6285,NASA Exoplanet Archive spectra index
OBSERVED,06f7924456f06a69fee1,BD+60 1417 b,direct imaging,Faherty et al. 2021,2021ApJ...923...48F,,Infrared Telescope Facility,SpeX Prism,,not_provided_by_archive_index,Figure 2; Combined spectrum from 2 epochs.,12/32/75/74/TIC_159527171_b_3.13030_4875_1.tbl,811,0.6861,2.5394,NASA Exoplanet Archive spectra index
OBSERVED,9c34dce24fff65dd8a57,COCONUTS-2 b,direct imaging,Zhang et al. 2025,2025AJ....169....9Z,,Association of Universities for Research in Astronomy (AURA) 8.1m Gemini South Telescope at Cerro Pachon,FLAMINGOS-2 Spectrograph,,not_provided_by_archive_index,,21/45/82/44/COCONUTS_2_b_3.12783_5519_1.tbl,2001,1.0104,2.4977,NASA Exoplanet Archive spectra index
OBSERVED,589f089fecfc6865b8cd,COCONUTS-2 b,direct imaging,Kiman et al. 2026,2026AJ....171...60K,,NASA 6.5m James Webb Space Telescope (JWST) Satellite Mission,Near Infrared Spectrograph (NIRSpec) - G395H,,not_provided_by_archive_index,Figure 1; R~2700,95/33/83/54/COCONUTS_2_b_3.12783_6008_1.tbl,3270,2.8608,5.1424,NASA Exoplanet Archive spectra index
OBSERVED,072e35b1cfeb5dd66568,CoRoT-1 b,eclipse,Gillon et al. 2009,2009A&A...506..359G,,European Southern Observatory (ESO) 8.2m Very Large Telescope (VLT) Yepun at Paranal Observatory,High Acuity Wide-field K-band Imager (HAWK-I),,not_provided_by_archive_index,Table 1,52/88/66/83/CoRoT_1_b_3.10951_2058_1.tbl,1,2.095,2.095,NASA Exoplanet Archive spectra index
OBSERVED,0b2a2149cc2fef1579ac,CoRoT-1 b,eclipse,Rogers et al. 2009,2009ApJ...707.1707R,,Astrophysical Research Consortium (ARC) 3.5m Telescope At Apache Point Observatory (APO),Near-Infrared Camera & Fabry-Perot Spectrometer (NIC-FPS),,not_provided_by_archive_index,Table 3,14/77/50/86/CoRoT_1_b_3.10951_2066_1.tbl,1,2.147,2.147,NASA Exoplanet Archive spectra index
OBSERVED,7aa4c337d9ce312bc49c,CoRoT-1 b,eclipse,Deming et al. 2011,2011ApJ...726...95D,,Spitzer Space Telescope satellite,Infrared Array Camera (IRAC),,not_provided_by_archive_index,Table 1,09/39/37/92/CoRoT_1_b_3.10951_4094_1.tbl,2,3.6,4.5,NASA Exoplanet Archive spectra index
OBSERVED,0b3c8b280aa70e1ee2b1,CoRoT-1 b,eclipse,Zhao et al. 2012,2012ApJ...744..122Z,,California Institute of Technology 5.1m (200inch) Hale Telescope at Palomar Observatory,Wide-field InfraRed Camera (WIRC),,not_provided_by_archive_index,,87/47/21/70/CoRoT_1_b_3.10951_4099_1.tbl,1,1.635,1.635,NASA Exoplanet Archive spectra index
OBSERVED,fcf808e97cc98e484a07,CoRoT-1 b,eclipse,Glidic et al. 2022,2022AJ....164...19G,,Hubble Space Telescope satellite,Wide Field Camera 3,,not_provided_by_archive_index,,04/73/28/59/CoRoT_1_b_3.10951_5546_1.tbl,10,1.14,1.596,NASA Exoplanet Archive spectra index
OBSERVED,b083797523d6f3711b93,CoRoT-1 b,eclipse,Changeat et al. 2022,2022ApJS..260....3C,,Spitzer Space Telescope satellite,Infrared Array Camera (IRAC),,not_provided_by_archive_index,Figure 2,60/97/64/98/CoRoT_1_b_3.10951_5219_101.tbl,2,3.6,4.5,NASA Exoplanet Archive spectra index
OBSERVED,1502a1df8518a4aee141,CoRoT-1 b,eclipse,Changeat et al. 2022,2022ApJS..260....3C,,Hubble Space Telescope satellite,Wide Field Camera 3,,not_provided_by_archive_index,Figure 2,75/84/96/34/CoRoT_1_b_3.10951_5219_100.tbl,18,1.1262,1.6237,NASA Exoplanet Archive spectra index
OBSERVED,51fd832e11a4477ef266,CoRoT-1 b,eclipse,Deming et al. 2023,2023AJ....165..104D,,Spitzer Space Telescope satellite,Infrared Array Camera (IRAC),,not_provided_by_archive_index,"AOR = 36785920, date is start time.",27/60/34/54/CoRoT_1_b_3.10951_5869_2.tbl,1,4.5,4.5,NASA Exoplanet Archive spectra index
OBSERVED,2da67613a55fa589d788,CoRoT-1 b,eclipse,Deming et al. 2023,2023AJ....165..104D,,Spitzer Space Telescope satellite,Infrared Array Camera (IRAC),,not_provided_by_archive_index,"AOR = 36786176, date is start time.",78/18/29/10/CoRoT_1_b_3.10951_5869_1.tbl,1,3.6,3.6,NASA Exoplanet Archive spectra index
OBSERVED,a708a819564397ec25a1,CoRoT-1 b,transmission,Schlawin et al. 2014,2014ApJ...783....5S,,Infrared Telescope Facility,SpeX and MORIS,,not_provided_by_archive_index,,30/21/22/41/CoRoT_1_b_3.10951_3421_1.tbl,10,0.86,2.312,NASA Exoplanet Archive spectra index
OBSERVED,4e5224cbc4c7a5a7bf45,CoRoT-1 b,transmission,Ranjan et al. 2014,2014ApJ...785..148R,,Hubble Space Telescope satellite,WFC3,,not_provided_by_archive_index,,02/15/51/07/CoRoT_1_b_3.10951_3622_1.tbl,10,1.144,1.59,NASA Exoplanet Archive spectra index
OBSERVED,173c4f5497f285e33a50,CoRoT-1 b,transmission,Glidic et al. 2022,2022AJ....164...19G,,Hubble Space Telescope satellite,Wide Field Camera 3,,not_provided_by_archive_index,,18/94/22/47/CoRoT_1_b_3.10951_5546_2.tbl,10,1.14,1.596,NASA Exoplanet Archive spectra index
OBSERVED,8158721621c3afba909f,CoRoT-1 b,transmission,Changeat et al. 2022,2022ApJS..260....3C,,Hubble Space Telescope satellite,Wide Field Camera 3,,not_provided_by_archive_index,Figure 2,99/94/71/13/CoRoT_1_b_3.10951_5219_40.tbl,18,1.1262,1.6237,NASA Exoplanet Archive spectra index
OBSERVED,91c2617de9aef3036b90,CoRoT-1 b,transmission,Jiang et al. 2023,2023A&A...675A..62J,,Gran Telescopio CANARIAS 10.4m telescope,OSIRIS,,not_provided_by_archive_index,,92/39/84/15/CoRoT_1_b_3.10951_5312_1.tbl,40,0.53,0.92,NASA Exoplanet Archive spectra index
OBSERVED,23fb7eb31970256c3649,CoRoT-1 b,transmission,Edwards et al. 2023,2023ApJS..269...31E,,Hubble Space Telescope satellite,Wide Field Camera 3,,not_provided_by_archive_index,G141,70/45/91/25/CoRoT_1_b_3.10951_5286_40.tbl,25,1.1262,1.6295,NASA Exoplanet Archive spectra index
OBSERVED,c91cf852512be7e9f8ee,CoRoT-2 b,eclipse,Gillon et al. 2010,2010A&A...511A...3G,,Spitzer Space Telescope satellite,Infrared Array Camera (IRAC),,not_provided_by_archive_index,Table 1,66/17/12/99/CoRoT_2_b_3.10954_3283_1.tbl,2,4.5,8,NASA Exoplanet Archive spectra index
OBSERVED,ab041ef488502b9eb502,CoRoT-2 b,eclipse,Alonso et al. 2010,2010AJ....139.1481A,,Isaac Newton Group (ING) 4.2m William Herschel Telescope (WHT) at Observatorio del Roque de los Muchachos,LIRIS,,not_provided_by_archive_index,eclipse depth taken from Abstract,60/73/74/39/CoRoT_2_b_3.10954_4081_1.tbl,1,2.15,2.15,NASA Exoplanet Archive spectra index
OBSERVED,ef5c08945b1914ba0ce7,CoRoT-2 b,eclipse,Deming et al. 2011,2011ApJ...726...95D,,Spitzer Space Telescope satellite,Infrared Array Camera (IRAC),,not_provided_by_archive_index,Table 1,28/54/10/44/CoRoT_2_b_3.10954_4094_1.tbl,3,3.6,8,NASA Exoplanet Archive spectra index
OBSERVED,4f2e8666a7094e401691,CoRoT-2 b,eclipse,Deming et al. 2023,2023AJ....165..104D,,Spitzer Space Telescope satellite,Infrared Array Camera (IRAC),,not_provided_by_archive_index,"AOR = 57958656, date is start time.",15/97/69/56/CoRoT_2_b_3.10954_5869_6.tbl,1,4.5,4.5,NASA Exoplanet Archive spectra index
OBSERVED,7a2d05842b1e9ddb535a,CoRoT-2 b,eclipse,Deming et al. 2023,2023AJ....165..104D,,Spitzer Space Telescope satellite,Infrared Array Camera (IRAC),,not_provided_by_archive_index,"AOR = 57958144, date is start time.",17/00/09/42/CoRoT_2_b_3.10954_5869_5.tbl,1,4.5,4.5,NASA Exoplanet Archive spectra index
OBSERVED,9baeaa524babde17d40d,CoRoT-2 b,eclipse,Deming et al. 2023,2023AJ....165..104D,,Spitzer Space Telescope satellite,Infrared Array Camera (IRAC),,not_provided_by_archive_index,"AOR = 31774976, date is start time.",55/38/92/60/CoRoT_2_b_3.10954_5869_3.tbl,1,3.6,3.6,NASA Exoplanet Archive spectra index
OBSERVED,d501961b41e8ae269cba,CoRoT-2 b,eclipse,Deming et al. 2023,2023AJ....165..104D,,Spitzer Space Telescope satellite,Infrared Array Camera (IRAC),,not_provided_by_archive_index,"AOR = 28640000, date is start time.",71/97/73/26/CoRoT_2_b_3.10954_5869_4.tbl,1,4.5,4.5,NASA Exoplanet Archive spectra index
OBSERVED,dfac343b4a704a378847,GJ 1132 b,eclipse,Xue et al. 2024,2024ApJ...973L...8X,,NASA 6.5m James Webb Space Telescope (JWST) Satellite Mission,Mid-Infrared Instrument (MIRI) - LRS,,not_provided_by_archive_index,Figure 2,73/98/64/29/GJ_1132_b_3.11819_5472_1.tbl,14,5.25,11.75,NASA Exoplanet Archive spectra index
OBSERVED,4d9caeee26478a2e9fc3,GJ 1132 b,transmission,Southworth et al. 2017,2017AJ....153..191S,,Max Planck Gesellschaft 2.2 meter Telescope at European Southern Observatory,GROND,,not_provided_by_archive_index,,30/14/58/15/GJ_1132_b_3.11819_3971_1.tbl,4,0.477,0.9134,NASA Exoplanet Archive spectra index
OBSERVED,01d8146ab01254a2fa22,GJ 1132 b,transmission,Southworth et al. 2017,2017AJ....153..191S,,Carnegie Institution for Science (CIS) 6.5m Landon Clay Telescope at Las Campanas Observatory (LCO),PISCO,,not_provided_by_archive_index,,92/59/94/02/GJ_1132_b_3.11819_3971_2.tbl,2,0.475,0.775,NASA Exoplanet Archive spectra index
OBSERVED,a90576329b53e5270c7b,GJ 1132 b,transmission,Diamond-Lowe et al. 2018,2018AJ....156...42D,,Carnegie Institution for Science (CIS) 6.5m Landon Clay Telescope at Las Campanas Observatory (LCO),LDSS-3C,,not_provided_by_archive_index,,92/45/68/15/GJ_1132_b_3.11819_4179_1.tbl,17,0.71,1.03,NASA Exoplanet Archive spectra index
OBSERVED,e1155b71a754650586a8,GJ 1132 b,transmission,Swain et al. 2021,2021AJ....161..213S,,Hubble Space Telescope satellite,Wide Field Camera 3,,not_provided_by_archive_index,,05/45/36/57/GJ_1132_b_3.11819_4749_1.tbl,94,1.13,1.637,NASA Exoplanet Archive spectra index
OBSERVED,9fbdcf631d380617c951,GJ 1132 b,transmission,Mugnai et al. 2021,2021AJ....161..284M,,Hubble Space Telescope satellite,Wide Field Camera 3,,not_provided_by_archive_index,Table 4,77/71/03/31/GJ_1132_b_3.11819_5232_1.tbl,25,1.1263,1.6295,NASA Exoplanet Archive spectra index
OBSERVED,fb7c49bdd4472ff648c9,GJ 1132 b,transmission,Libby-Roberts et al. 2022,2022AJ....164...59L,,Hubble Space Telescope satellite,WFC3,,not_provided_by_archive_index,Table 2,34/13/28/78/GJ_1132_b_3.11819_5230_1.tbl,22,1.161,1.619,NASA Exoplanet Archive spectra index
OBSERVED,7f38283324032035f977,GJ 1132 b,transmission,May et al. 2023,2023ApJ...959L...9M,,NASA 6.5m James Webb Space Telescope (JWST) Satellite Mission,Near Infrared Spectrograph (NIRSpec),,not_provided_by_archive_index,Firefly R100 (Visit 1),06/67/32/21/GJ_1132_b_3.11819_5292_5.tbl,60,2.7663,5.1279,NASA Exoplanet Archive spectra index
OBSERVED,e9a7702a19a50c06aeb5,GJ 1132 b,transmission,May et al. 2023,2023ApJ...959L...9M,,NASA 6.5m James Webb Space Telescope (JWST) Satellite Mission,Near Infrared Spectrograph (NIRSpec),,not_provided_by_archive_index,Eureka R100 (Visit 1),33/48/32/55/GJ_1132_b_3.11819_5292_1.tbl,60,2.7663,5.1278,NASA Exoplanet Archive spectra index
OBSERVED,88ac6d076720fad7bb0a,GJ 1132 b,transmission,May et al. 2023,2023ApJ...959L...9M,,NASA 6.5m James Webb Space Telescope (JWST) Satellite Mission,Near Infrared Spectrograph (NIRSpec),,not_provided_by_archive_index,Exotic-jedi R100 (Visit 2),44/19/78/91/GJ_1132_b_3.11819_5292_4.tbl,59,2.794,5.1279,NASA Exoplanet Archive spectra index
OBSERVED,ccda4f5d938f8a0cb189,GJ 1132 b,transmission,May et al. 2023,2023ApJ...959L...9M,,NASA 6.5m James Webb Space Telescope (JWST) Satellite Mission,Near Infrared Spectrograph (NIRSpec),,not_provided_by_archive_index,Exotic-jedi R100 (Visit 1),48/20/81/70/GJ_1132_b_3.11819_5292_3.tbl,59,2.7935,5.1282,NASA Exoplanet Archive spectra index
OBSERVED,2913b30fc874194fd391,GJ 1132 b,transmission,May et al. 2023,2023ApJ...959L...9M,,NASA 6.5m James Webb Space Telescope (JWST) Satellite Mission,Near Infrared Spectrograph (NIRSpec),,not_provided_by_archive_index,Firefly R100 (Visit 2),53/81/32/91/GJ_1132_b_3.11819_5292_6.tbl,60,2.7666,5.1281,NASA Exoplanet Archive spectra index
OBSERVED,99c8b4d60cfe552236ab,GJ 1132 b,transmission,May et al. 2023,2023ApJ...959L...9M,,NASA 6.5m James Webb Space Telescope (JWST) Satellite Mission,Near Infrared Spectrograph (NIRSpec),,not_provided_by_archive_index,Eureka R100 (Visit 2),60/10/19/97/GJ_1132_b_3.11819_5292_2.tbl,60,2.7668,5.1283,NASA Exoplanet Archive spectra index
OBSERVED,b9e7937eb4cb5c4c7735,GJ 1132 b,transmission,Bennett et al. 2025,2025AJ....170..205B,,NASA 6.5m James Webb Space Telescope (JWST) Satellite Mission,Near Infrared Spectrograph (NIRSpec) - G395M,,not_provided_by_archive_index,"R~100, FIREFLy Reduction, Visit 4, Figure 3",03/69/88/69/GJ_1132_b_3.11819_5867_4.tbl,64,2.7651,5.1636,NASA Exoplanet Archive spectra index
OBSERVED,0d2f27b92f7eb1f1b946,GJ 1132 b,transmission,Bennett et al. 2025,2025AJ....170..205B,,NASA 6.5m James Webb Space Telescope (JWST) Satellite Mission,Near Infrared Spectrograph (NIRSpec) - G395M,,not_provided_by_archive_index,"R~100, ExoTiC-JEDI Reduction, Visit 3",09/87/92/88/GJ_1132_b_3.11819_5867_7.tbl,58,2.9343,5.1636,NASA Exoplanet Archive spectra index
OBSERVED,8e8e42d5e826c7749856,GJ 1132 b,transmission,Bennett et al. 2025,2025AJ....170..205B,,NASA 6.5m James Webb Space Telescope (JWST) Satellite Mission,Near Infrared Spectrograph (NIRSpec),,not_provided_by_archive_index,"R~100, Figure 4, FIREFLy weighted mean",13/50/40/04/GJ_1132_b_3.11819_5867_13.tbl,64,2.7651,5.1636,NASA Exoplanet Archive spectra index
OBSERVED,34cd19bef9dd5a8ac647,GJ 1132 b,transmission,Bennett et al. 2025,2025AJ....170..205B,,NASA 6.5m James Webb Space Telescope (JWST) Satellite Mission,Near Infrared Spectrograph (NIRSpec) - G395M,,not_provided_by_archive_index,"R~100, FIREFLy Reduction, Visit 3, Figure 3",14/19/75/68/GJ_1132_b_3.11819_5867_3.tbl,64,2.7651,5.1636,NASA Exoplanet Archive spectra index
OBSERVED,e1cc36892265fd6c1321,GJ 1132 b,transmission,Bennett et al. 2025,2025AJ....170..205B,,NASA 6.5m James Webb Space Telescope (JWST) Satellite Mission,Near Infrared Spectrograph (NIRSpec) - G395M,,not_provided_by_archive_index,"R~100, Eureka! Reduction, Visit 3",18/14/03/61/GJ_1132_b_3.11819_5867_11.tbl,64,2.7651,5.1636,NASA Exoplanet Archive spectra index
OBSERVED,d5aff0ed8476de423c5e,GJ 1132 b,transmission,Bennett et al. 2025,2025AJ....170..205B,,NASA 6.5m James Webb Space Telescope (JWST) Satellite Mission,Near Infrared Spectrograph (NIRSpec) - G395H,,not_provided_by_archive_index,"R~100, FIREFLy Reduction, Visit 1, Figure 3",32/06/67/57/GJ_1132_b_3.11819_5867_1.tbl,62,2.7653,5.1613,NASA Exoplanet Archive spectra index
OBSERVED,8e53d3b3532356b72da0,GJ 1132 b,transmission,Bennett et al. 2025,2025AJ....170..205B,,NASA 6.5m James Webb Space Telescope (JWST) Satellite Mission,Near Infrared Spectrograph (NIRSpec) - G395H,,not_provided_by_archive_index,"R~100, FIREFLy Reduction, Visit 2, Figure 3",33/56/32/59/GJ_1132_b_3.11819_5867_2.tbl,62,2.7653,5.1613,NASA Exoplanet Archive spectra index
OBSERVED,edf892d0fa214cf0c348,GJ 1132 b,transmission,Bennett et al. 2025,2025AJ....170..205B,,NASA 6.5m James Webb Space Telescope (JWST) Satellite Mission,Near Infrared Spectrograph (NIRSpec) - G395H,,not_provided_by_archive_index,"R~100, Eureka! Reduction, Visit 2",38/73/52/92/GJ_1132_b_3.11819_5867_10.tbl,62,2.7653,5.1613,NASA Exoplanet Archive spectra index
OBSERVED,bcd0cccaa8aed7c6700e,GJ 1132 b,transmission,Bennett et al. 2025,2025AJ....170..205B,,NASA 6.5m James Webb Space Telescope (JWST) Satellite Mission,Near Infrared Spectrograph (NIRSpec),,not_provided_by_archive_index,"R~100, Figure 4, ExoTiC-JEDI weighted mean",48/44/25/55/GJ_1132_b_3.11819_5867_14.tbl,58,2.9343,5.1636,NASA Exoplanet Archive spectra index
OBSERVED,1d6372ce0d55095bb25e,GJ 1132 b,transmission,Bennett et al. 2025,2025AJ....170..205B,,NASA 6.5m James Webb Space Telescope (JWST) Satellite Mission,Near Infrared Spectrograph (NIRSpec) - G395M,,not_provided_by_archive_index,"R~100, ExoTiC-JEDI Reduction, Visit 4",57/71/72/21/GJ_1132_b_3.11819_5867_8.tbl,58,2.9343,5.1636,NASA Exoplanet Archive spectra index
OBSERVED,3757a37131a6353e206c,GJ 1132 b,transmission,Bennett et al. 2025,2025AJ....170..205B,,NASA 6.5m James Webb Space Telescope (JWST) Satellite Mission,Near Infrared Spectrograph (NIRSpec) - G395M,,not_provided_by_archive_index,"R~100, Eureka! Reduction, Visit 4",61/42/94/90/GJ_1132_b_3.11819_5867_12.tbl,64,2.7651,5.1636,NASA Exoplanet Archive spectra index
OBSERVED,0dc4004861c0861ffe8f,GJ 1132 b,transmission,Bennett et al. 2025,2025AJ....170..205B,,NASA 6.5m James Webb Space Telescope (JWST) Satellite Mission,Near Infrared Spectrograph (NIRSpec) - G395H,,not_provided_by_archive_index,"R~100, ExoTiC-JEDI Reduction, Visit 2",61/44/75/29/GJ_1132_b_3.11819_5867_6.tbl,54,2.9344,5.1214,NASA Exoplanet Archive spectra index
OBSERVED,4cbdf4a5d6ba109dc31b,GJ 1132 b,transmission,Bennett et al. 2025,2025AJ....170..205B,,NASA 6.5m James Webb Space Telescope (JWST) Satellite Mission,Near Infrared Spectrograph (NIRSpec) - G395H,,not_provided_by_archive_index,"R~100, Eureka! Reduction, Visit 1",68/40/55/76/GJ_1132_b_3.11819_5867_9.tbl,62,2.7653,5.1613,NASA Exoplanet Archive spectra index
OBSERVED,2876068b004e72d79304,GJ 1132 b,transmission,Bennett et al. 2025,2025AJ....170..205B,,NASA 6.5m James Webb Space Telescope (JWST) Satellite Mission,Near Infrared Spectrograph (NIRSpec) - G395H,,not_provided_by_archive_index,"R~100, ExoTiC-JEDI Reduction, Visit 1",88/29/98/81/GJ_1132_b_3.11819_5867_5.tbl,54,2.9344,5.1214,NASA Exoplanet Archive spectra index
OBSERVED,1297abeebde3d22ac69f,GJ 1132 b,transmission,Bennett et al. 2025,2025AJ....170..205B,,NASA 6.5m James Webb Space Telescope (JWST) Satellite Mission,Near Infrared Spectrograph (NIRSpec),,not_provided_by_archive_index,"R~100, Figure 4, Eureka! weighted mean",91/40/56/31/GJ_1132_b_3.11819_5867_15.tbl,64,2.7651,5.1636,NASA Exoplanet Archive spectra index
OBSERVED,9110ea8d223f8f8d07b8,GJ 1214 b,eclipse,Kempton et al. 2023,2023Natur.620...67K,,NASA 6.5m James Webb Space Telescope (JWST) Satellite Mission,Mid-Infrared Instrument (MIRI) - LRS,,not_provided_by_archive_index,,33/68/66/96/GJ_1214_b_3.10969_5145_1.tbl,14,5.25,11.75,NASA Exoplanet Archive spectra index
OBSERVED,3be13e5be402ad2f44bf,GJ 1214 b,transmission,D&eacute;sert et al. 2011,2011ApJ...731L..40D,,Spitzer Space Telescope satellite,Infrared Array Camera (IRAC),,not_provided_by_archive_index,,86/99/43/84/GJ_1214_b_3.10969_3697_1.tbl,2,3.6,4.5,NASA Exoplanet Archive spectra index
OBSERVED,eb32ecc341b47fd39a17,GJ 1214 b,transmission,Croll et al. 2011,2011ApJ...736...78C,,Canada-France-Hawaii Telescope,WIRCam,,not_provided_by_archive_index,,70/51/04/19/GJ_1214_b_3.10969_3620_1.tbl,8,1.25,2.15,NASA Exoplanet Archive spectra index
OBSERVED,a783a846efdd3654a7bb,GJ 1214 b,transmission,Bean et al. 2011,2011ApJ...743...92B,,Carnegie Institution for Science (CIS) 6.5m Landon Clay Telescope at Las Campanas Observatory (LCO),MMIRS,,not_provided_by_archive_index,,45/78/69/11/GJ_1214_b_3.10969_3619_1.tbl,36,0.62,0.995,NASA Exoplanet Archive spectra index
OBSERVED,51192e847050835810b5,GJ 1214 b,transmission,de Mooij et al. 2012,2012A&A...538A..46D,,Isaac Newton Group (ING) 4.2m William Herschel Telescope (WHT) at Observatorio del Roque de los Muchachos,LIRIS,,not_provided_by_archive_index,,18/05/52/21/GJ_1214_b_3.10969_3663_2.tbl,1,2.27,2.27,NASA Exoplanet Archive spectra index
OBSERVED,54df3127ac7305e71208,GJ 1214 b,transmission,de Mooij et al. 2012,2012A&A...538A..46D,,Nordic Optical Telescope,NOTCam,,not_provided_by_archive_index,,25/44/72/05/GJ_1214_b_3.10969_3663_3.tbl,1,2.15,2.15,NASA Exoplanet Archive spectra index
OBSERVED,9698dbe4ac10d6045ec9,GJ 1214 b,transmission,de Mooij et al. 2012,2012A&A...538A..46D,,Isaac Newton Group's Isaac Newton Telescope,WFC,,not_provided_by_archive_index,,78/55/02/74/GJ_1214_b_3.10969_3663_4.tbl,2,0.63,0.82,NASA Exoplanet Archive spectra index
OBSERVED,2aea70146823e4827a95,GJ 1214 b,transmission,de Mooij et al. 2012,2012A&A...538A..46D,,Max Planck Gesellschaft 2.2 meter Telescope at European Southern Observatory,GROND,,not_provided_by_archive_index,,99/48/40/82/GJ_1214_b_3.10969_3663_1.tbl,4,0.46,0.9,NASA Exoplanet Archive spectra index
OBSERVED,e035ae899b9190b01b5b,GJ 1214 b,transmission,Murgas et al. 2012,2012A&A...544A..41M,,Gran Telescopio CANARIAS 10.4m telescope,OSIRIS,,not_provided_by_archive_index,,62/17/01/33/GJ_1214_b_3.10969_3699_1.tbl,3,0.6535,0.662,NASA Exoplanet Archive spectra index
OBSERVED,28f06fe4b070990cff33,GJ 1214 b,transmission,Berta et al. 2012,2012ApJ...747...35B,,Hubble Space Telescope satellite,WFC3,,not_provided_by_archive_index,,59/51/90/62/GJ_1214_b_3.10969_3608_1.tbl,24,1.123,1.656,NASA Exoplanet Archive spectra index
OBSERVED,b5cd8a5523f9e66829f0,GJ 1214 b,transmission,de Mooij et al. 2013,2013ApJ...771..109D,,Isaac Newton Group (ING) 4.2m William Herschel Telescope (WHT) at Observatorio del Roque de los Muchachos,ACAM,,not_provided_by_archive_index,,08/04/20/19/GJ_1214_b_3.10969_3698_3.tbl,1,0.4996,0.4996,NASA Exoplanet Archive spectra index
OBSERVED,ed25030a7646fcc39354,GJ 1214 b,transmission,de Mooij et al. 2013,2013ApJ...771..109D,,Isaac Newton Group's Isaac Newton Telescope,WFC,,not_provided_by_archive_index,,09/67/50/85/GJ_1214_b_3.10969_3698_1.tbl,1,0.4962,0.4962,NASA Exoplanet Archive spectra index
OBSERVED,927df17ad372e70f448c,GJ 1214 b,transmission,de Mooij et al. 2013,2013ApJ...771..109D,,European Southern Observatory (ESO) 8.2m Very Large Telescope (VLT) Antu (UT1) at Paranal Observatory,FORS,,not_provided_by_archive_index,,30/48/87/96/GJ_1214_b_3.10969_3698_2.tbl,1,0.4543,0.4543,NASA Exoplanet Archive spectra index
OBSERVED,fce7b1c5fa12da734a28,GJ 1214 b,transmission,Narita et al. 2013,2013PASJ...65...27N,,Infrared Survey Facility,SIRIUS,,not_provided_by_archive_index,,60/32/98/27/GJ_1214_b_3.10969_3643_1.tbl,3,1.25,2.14,NASA Exoplanet Archive spectra index
OBSERVED,3b311a63dcf77cf65ea6,GJ 1214 b,transmission,Gillon et al. 2014,2014A&A...563A..21G,,Spitzer Space Telescope satellite,Infrared Array Camera (IRAC),,not_provided_by_archive_index,,15/44/07/11/GJ_1214_b_3.10969_3420_1.tbl,4,3.6,4.5,NASA Exoplanet Archive spectra index
OBSERVED,c165a5964b743a44a30c,GJ 1214 b,transmission,Gillon et al. 2014,2014A&A...563A..21G,,European Southern Observatory (ESO) 0.6m TRAnsiting Planets and PlanetesImals Small Telescope (TRAPPIST) at La Silla Observatory,TRAPPISTCam,,not_provided_by_archive_index,,26/12/47/25/GJ_1214_b_3.10969_3420_2.tbl,1,0.838,0.838,NASA Exoplanet Archive spectra index
OBSERVED,3bc311baf7ab9033eec9,GJ 1214 b,transmission,C&aacute;ceres et al. 2014,2014A&A...565A...7C,,The Southern Astrophysical Research Telescope,OSIRIS,,not_provided_by_archive_index,,03/27/70/04/GJ_1214_b_3.10969_3574_1.tbl,1,2.14,2.14,NASA Exoplanet Archive spectra index
OBSERVED,f017299720ee327306ef,GJ 1214 b,transmission,C&aacute;ceres et al. 2014,2014A&A...565A...7C,,The Southern Astrophysical Research Telescope,SOI,,not_provided_by_archive_index,,84/08/19/77/GJ_1214_b_3.10969_3574_2.tbl,1,0.8665,0.8665,NASA Exoplanet Archive spectra index
OBSERVED,bd9152233cacd188f80c,GJ 1214 b,transmission,Wilson et al. 2014,2014MNRAS.438.2395W,,Gran Telescopio CANARIAS 10.4m telescope,OSIRIS,,not_provided_by_archive_index,,00/62/76/21/GJ_1214_b_3.10969_3419_1.tbl,8,0.81,0.885,NASA Exoplanet Archive spectra index
OBSERVED,0203266ba09a78ef9e27,GJ 1214 b,transmission,Kreidberg et al. 2014,2014Natur.505...69K,,Hubble Space Telescope satellite,Wide Field Camera 3,,not_provided_by_archive_index,,99/80/73/15/GJ_1214_b_3.10969_3621_1.tbl,22,1.1465,1.6305,NASA Exoplanet Archive spectra index
OBSERVED,3898c4bcbe137b5632b2,GJ 1214 b,transmission,Nascimbeni et al. 2015,2015A&A...579A.113N,,Large Binocular Telescope Observatory,LBC,,not_provided_by_archive_index,,65/62/26/12/GJ_1214_b_3.10969_3669_1.tbl,2,0.5,0.775,NASA Exoplanet Archive spectra index
OBSERVED,f04a4de72abd1978c1a6,GJ 1214 b,transmission,Rackham et al. 2017,2017ApJ...834..151R,,Magellan I Walter Baade Telescope,IMACS spectrograph,,not_provided_by_archive_index,,82/25/70/11/GJ_1214_b_3.10969_3940_1.tbl,14,0.5078,0.9162,NASA Exoplanet Archive spectra index
OBSERVED,edd66d631874cb5d64aa,GJ 1214 b,transmission,Edwards et al. 2023,2023ApJS..269...31E,,Hubble Space Telescope satellite,Wide Field Camera 3,,not_provided_by_archive_index,G141,54/40/61/54/GJ_1214_b_3.10969_5286_41.tbl,25,1.1262,1.6295,NASA Exoplanet Archive spectra index
OBSERVED,c02a3294fe0a7c11b4a5,GJ 1214 b,transmission,Kempton et al. 2023,2023Natur.620...67K,,NASA 6.5m James Webb Space Telescope (JWST) Satellite Mission,Mid-Infrared Instrument (MIRI) - LRS,,not_provided_by_archive_index,,10/30/25/01/GJ_1214_b_3.10969_5145_2.tbl,14,5.2817,11.747,NASA Exoplanet Archive spectra index
OBSERVED,3393336ae3334c9aba3c,GJ 1214 b,transmission,Schlawin et al. 2024,2024ApJ...974L..33S,,NASA 6.5m James Webb Space Telescope (JWST) Satellite Mission,Near Infrared Spectrograph (NIRSpec),,not_provided_by_archive_index,"Eureka! reduction, NRS1+NRS2 Visit 2",34/89/47/22/GJ_1214_b_3.10969_5520_3.tbl,59,2.7738,5.1269,NASA Exoplanet Archive spectra index
OBSERVED,f72940cb22733f6a3082,GJ 1214 b,transmission,Schlawin et al. 2024,2024ApJ...974L..33S,,NASA 6.5m James Webb Space Telescope (JWST) Satellite Mission,Near Infrared Spectrograph (NIRSpec),,not_provided_by_archive_index,"Eureka! reduction, NRS1+NRS2 Visit 1",58/25/27/76/GJ_1214_b_3.10969_5520_2.tbl,59,2.7738,5.1269,NASA Exoplanet Archive spectra index
OBSERVED,e810f66e25aea9eba273,GJ 1214 b,transmission,Schlawin et al. 2024,2024ApJ...974L..33S,,NASA 6.5m James Webb Space Telescope (JWST) Satellite Mission,Near Infrared Spectrograph (NIRSpec),,not_provided_by_archive_index,"Eureka! reduction, NRS1+NRS2 Averaged",95/27/13/32/GJ_1214_b_3.10969_5520_1.tbl,59,2.7738,5.1269,NASA Exoplanet Archive spectra index
OBSERVED,8f03325ca5c0fec1d55e,GJ 3090 b,transmission,Ahrer et al. 2025,2025ApJ...985L..10A,,NASA 6.5m James Webb Space Telescope (JWST) Satellite Mission,Near Infrared Imager and Slitless Spectrograph (NIRISS),,not_provided_by_archive_index,NIRISS/SOSS; NAMELESS reduction; Visit 2,09/39/14/90/GJ_3090_b_3.13217_5885_6.tbl,82,0.6069,2.8266,NASA Exoplanet Archive spectra index
OBSERVED,08c33ac741f025a69985,GJ 3090 b,transmission,Ahrer et al. 2025,2025ApJ...985L..10A,,NASA 6.5m James Webb Space Telescope (JWST) Satellite Mission,Near Infrared Spectrograph (NIRSpec) - G395H,,not_provided_by_archive_index,exoTEDRF reduction; Visit 1; Figure 4,31/93/93/94/GJ_3090_b_3.13217_5885_3.tbl,56,2.9149,5.1687,NASA Exoplanet Archive spectra index
OBSERVED,320f8416ed1532ca03a9,GJ 3090 b,transmission,Ahrer et al. 2025,2025ApJ...985L..10A,,NASA 6.5m James Webb Space Telescope (JWST) Satellite Mission,Near Infrared Spectrograph (NIRSpec) - G395H,,not_provided_by_archive_index,exoTEDRF reduction; Visit 2; Figure 4,42/68/82/69/GJ_3090_b_3.13217_5885_7.tbl,56,2.9147,5.1676,NASA Exoplanet Archive spectra index
OBSERVED,b37b92b70df1d4f93e4d,GJ 3090 b,transmission,Ahrer et al. 2025,2025ApJ...985L..10A,,NASA 6.5m James Webb Space Telescope (JWST) Satellite Mission,Near Infrared Imager and Slitless Spectrograph (NIRISS),,not_provided_by_archive_index,NIRISS/SOSS; exoTEDRF reduction; Visit 2; Figure 3,55/38/63/47/GJ_3090_b_3.13217_5885_5.tbl,70,0.6123,2.8269,NASA Exoplanet Archive spectra index
OBSERVED,5a7f0235af28d2af9caf,GJ 3090 b,transmission,Ahrer et al. 2025,2025ApJ...985L..10A,,NASA 6.5m James Webb Space Telescope (JWST) Satellite Mission,Near Infrared Spectrograph (NIRSpec) - G395H,,not_provided_by_archive_index,Eureka! reduction; Visit 1,61/05/46/78/GJ_3090_b_3.13217_5885_4.tbl,61,2.7765,5.1797,NASA Exoplanet Archive spectra index
OBSERVED,d220cb53b56bcac11524,GJ 3090 b,transmission,Ahrer et al. 2025,2025ApJ...985L..10A,,NASA 6.5m James Webb Space Telescope (JWST) Satellite Mission,Near Infrared Imager and Slitless Spectrograph (NIRISS),,not_provided_by_archive_index,NIRISS/SOSS; exoTEDRF reduction; Visit 1; Figure 3,77/18/53/48/GJ_3090_b_3.13217_5885_1.tbl,70,0.6123,2.8269,NASA Exoplanet Archive spectra index
OBSERVED,5f4e1f58232e87fbf1d4,GJ 3090 b,transmission,Ahrer et al. 2025,2025ApJ...985L..10A,,NASA 6.5m James Webb Space Telescope (JWST) Satellite Mission,Near Infrared Imager and Slitless Spectrograph (NIRISS),,not_provided_by_archive_index,NIRISS/SOSS; NAMELESS reduction; Visit 1,88/48/78/46/GJ_3090_b_3.13217_5885_2.tbl,82,0.6069,2.8266,NASA Exoplanet Archive spectra index
OBSERVED,45c60a5e9bbbd714169d,GJ 3090 b,transmission,Ahrer et al. 2025,2025ApJ...985L..10A,,NASA 6.5m James Webb Space Telescope (JWST) Satellite Mission,Near Infrared Spectrograph (NIRSpec) - G395H,,not_provided_by_archive_index,Eureka! reduction; Visit 2,92/35/56/78/GJ_3090_b_3.13217_5885_8.tbl,61,2.7765,5.1797,NASA Exoplanet Archive spectra index
OBSERVED,ad5ece9c7340d7c5b69b,GJ 341 b,transmission,Kirk et al. 2024,2024AJ....167...90K,,NASA 6.5m James Webb Space Telescope (JWST) Satellite Mission,Near Infrared Camera (NIRCam),,not_provided_by_archive_index,Tiberius; Visit 2,19/58/98/80/GJ_341_b_3.19698_5705_7.tbl,57,3.9064,5.0036,NASA Exoplanet Archive spectra index
OBSERVED,aa0e5a0d109c64d0e845,GJ 341 b,transmission,Kirk et al. 2024,2024AJ....167...90K,,NASA 6.5m James Webb Space Telescope (JWST) Satellite Mission,Near Infrared Camera (NIRCam),,not_provided_by_archive_index,Eureka!; Visit 2,23/10/96/12/GJ_341_b_3.19698_5705_3.tbl,55,3.91,4.99,NASA Exoplanet Archive spectra index
OBSERVED,38ec4ff1354ac772ad86,GJ 341 b,transmission,Kirk et al. 2024,2024AJ....167...90K,,NASA 6.5m James Webb Space Telescope (JWST) Satellite Mission,Near Infrared Camera (NIRCam),,not_provided_by_archive_index,Tiberius; 3 Visit Weighted Mean,28/62/39/97/GJ_341_b_3.19698_5705_5.tbl,57,3.9064,5.0036,NASA Exoplanet Archive spectra index
OBSERVED,5231ac373bf0fe521280,GJ 341 b,transmission,Kirk et al. 2024,2024AJ....167...90K,,NASA 6.5m James Webb Space Telescope (JWST) Satellite Mission,Near Infrared Camera (NIRCam),,not_provided_by_archive_index,Tswift; 3 Visit Weighted Mean,30/82/22/55/GJ_341_b_3.19698_5705_9.tbl,54,3.9353,4.9737,NASA Exoplanet Archive spectra index
OBSERVED,7b855d849a674f21a6c9,GJ 341 b,transmission,Kirk et al. 2024,2024AJ....167...90K,,NASA 6.5m James Webb Space Telescope (JWST) Satellite Mission,Near Infrared Camera (NIRCam),,not_provided_by_archive_index,Tiberius; Visit 1,51/27/14/29/GJ_341_b_3.19698_5705_6.tbl,57,3.9064,5.0036,NASA Exoplanet Archive spectra index
OBSERVED,a0a728bc5fb81cb5ee17,GJ 341 b,transmission,Kirk et al. 2024,2024AJ....167...90K,,NASA 6.5m James Webb Space Telescope (JWST) Satellite Mission,Near Infrared Camera (NIRCam),,not_provided_by_archive_index,Eureka!; Visit 1,63/80/25/89/GJ_341_b_3.19698_5705_2.tbl,55,3.91,4.99,NASA Exoplanet Archive spectra index
OBSERVED,5bd4a705cb8a26a4485f,GJ 341 b,transmission,Kirk et al. 2024,2024AJ....167...90K,,NASA 6.5m James Webb Space Telescope (JWST) Satellite Mission,Near Infrared Camera (NIRCam),,not_provided_by_archive_index,Eureka!; 3 Visit Weighted Mean,65/23/18/38/GJ_341_b_3.19698_5705_1.tbl,55,3.91,4.99,NASA Exoplanet Archive spectra index
OBSERVED,fc35181e9a2bb32ce49f,GJ 341 b,transmission,Kirk et al. 2024,2024AJ....167...90K,,NASA 6.5m James Webb Space Telescope (JWST) Satellite Mission,Near Infrared Camera (NIRCam),,not_provided_by_archive_index,Eureka!; Visit 3,66/94/28/21/GJ_341_b_3.19698_5705_4.tbl,55,3.91,4.99,NASA Exoplanet Archive spectra index
OBSERVED,e34c21d440fe5bfe47fd,GJ 341 b,transmission,Kirk et al. 2024,2024AJ....167...90K,,NASA 6.5m James Webb Space Telescope (JWST) Satellite Mission,Near Infrared Camera (NIRCam),,not_provided_by_archive_index,Tswift; Visit 2,70/50/94/26/GJ_341_b_3.19698_5705_11.tbl,54,3.9353,4.9737,NASA Exoplanet Archive spectra index
OBSERVED,77b55367e0cf8b7e9409,GJ 341 b,transmission,Kirk et al. 2024,2024AJ....167...90K,,NASA 6.5m James Webb Space Telescope (JWST) Satellite Mission,Near Infrared Camera (NIRCam),,not_provided_by_archive_index,Tswift; Visit 1,77/62/89/73/GJ_341_b_3.19698_5705_10.tbl,54,3.9353,4.9737,NASA Exoplanet Archive spectra index
OBSERVED,c9dc26a7e15e765b3b8b,GJ 341 b,transmission,Kirk et al. 2024,2024AJ....167...90K,,NASA 6.5m James Webb Space Telescope (JWST) Satellite Mission,Near Infrared Camera (NIRCam),,not_provided_by_archive_index,Tswift; Visit 3,82/40/97/21/GJ_341_b_3.19698_5705_12.tbl,54,3.9353,4.9737,NASA Exoplanet Archive spectra index
OBSERVED,4003ec653fd7bb56354b,GJ 341 b,transmission,Kirk et al. 2024,2024AJ....167...90K,,NASA 6.5m James Webb Space Telescope (JWST) Satellite Mission,Near Infrared Camera (NIRCam),,not_provided_by_archive_index,Tiberius; Visit 3,82/48/48/91/GJ_341_b_3.19698_5705_8.tbl,57,3.9064,5.0036,NASA Exoplanet Archive spectra index
OBSERVED,70ef5a14689f6c106b64,GJ 3470 b,eclipse,Benneke et al. 2019,2019NatAs...3..813B,,Spitzer Space Telescope satellite,Infrared Array Camera (IRAC),,not_provided_by_archive_index,Supplementary Table 3,60/43/60/96/GJ_3470_b_3.11524_4359_1.tbl,2,3.6,4.5,NASA Exoplanet Archive spectra index
OBSERVED,d1a858248cce96de3154,GJ 3470 b,transmission,Nascimbeni et al. 2013,2013A&A...559A..32N,,Large Binocular Telescope Observatory,LBC,,not_provided_by_archive_index,,10/68/91/22/GJ_3470_b_3.11524_3572_1.tbl,2,0.3575,0.9635,NASA Exoplanet Archive spectra index
OBSERVED,72b5797f42c38e8423ee,GJ 3470 b,transmission,Crossfield et al. 2013,2013A&A...559A..33C,,W. M. Keck Observatory,MOSFIRE,,not_provided_by_archive_index,,58/26/65/35/GJ_3470_b_3.11524_3571_1.tbl,6,2.11,2.335,NASA Exoplanet Archive spectra index
OBSERVED,979721fcae3b69891f06,GJ 3470 b,transmission,Fukui et al. 2013,2013ApJ...770...95F,,National Astronomical Observatory of Japan's Okayama Astrophysical Observatory 1.88m Telescope,ISLE,,not_provided_by_archive_index,,05/10/04/98/GJ_3470_b_3.11524_3570_2.tbl,1,1.215,1.215,NASA Exoplanet Archive spectra index
OBSERVED,c7223222f6055b326c03,GJ 3470 b,transmission,Fukui et al. 2013,2013ApJ...770...95F,,National Astronomical Observatory of Japan's Okayama Astrophysical Observatory 0.5m Telescope,,,not_provided_by_archive_index,,74/33/69/86/GJ_3470_b_3.11524_3570_1.tbl,3,0.4858,0.7886,NASA Exoplanet Archive spectra index
OBSERVED,2046283d6645320bc7b0,GJ 3470 b,transmission,Ehrenreich et al. 2014,2014A&A...570A..89E,,Hubble Space Telescope satellite,Wide Field Camera 3,,not_provided_by_archive_index,,61/55/86/38/GJ_3470_b_3.11524_3569_1.tbl,107,1.153,1.645,NASA Exoplanet Archive spectra index
OBSERVED,a31ffb70488acd68f5c1,GJ 3470 b,transmission,Biddle et al. 2014,2014MNRAS.443.1810B,,Faulkes Telescope North,,,not_provided_by_archive_index,,00/00/58/91/GJ_3470_b_3.11524_3413_4.tbl,1,0.4326,0.4326,NASA Exoplanet Archive spectra index
OBSERVED,80634e4fa0d7a0a1ca36,GJ 3470 b,transmission,Biddle et al. 2014,2014MNRAS.443.1810B,,The Swiss Euler 1.2m Telescope,EulerCam,,not_provided_by_archive_index,,07/17/88/10/GJ_3470_b_3.11524_3413_11.tbl,1,0.9222,0.9222,NASA Exoplanet Archive spectra index
OBSERVED,46ede4fa0c1c07092813,GJ 3470 b,transmission,Biddle et al. 2014,2014MNRAS.443.1810B,,Lowell Observatory's 4.3-m Discovery Channel Telescope,Large Monolithic Imager,,not_provided_by_archive_index,,37/90/72/19/GJ_3470_b_3.11524_3413_9.tbl,1,0.7886,0.7886,NASA Exoplanet Archive spectra index
OBSERVED,89a3e8da24e685af865d,GJ 3470 b,transmission,Biddle et al. 2014,2014MNRAS.443.1810B,,LCOGT 1m telescope at Cerro Tololo Inter-American Observatory,SBIG imager,,not_provided_by_archive_index,,38/30/73/76/GJ_3470_b_3.11524_3413_7.tbl,2,0.6274,0.87,NASA Exoplanet Archive spectra index
OBSERVED,65ac50fdf0185e99a48a,GJ 3470 b,transmission,Biddle et al. 2014,2014MNRAS.443.1810B,,Large Binocular Telescope Observatory,,,not_provided_by_archive_index,,56/03/48/86/GJ_3470_b_3.11524_3413_1.tbl,2,0.3575,0.9635,NASA Exoplanet Archive spectra index
OBSERVED,cecacaa9df247f725649,GJ 3470 b,transmission,Biddle et al. 2014,2014MNRAS.443.1810B,,LCOGT 1m telescope at McDonald Observatory,SBIG imager,,not_provided_by_archive_index,,64/74/60/84/GJ_3470_b_3.11524_3413_6.tbl,3,0.6274,0.7695,NASA Exoplanet Archive spectra index
OBSERVED,ae77c25918dac74239d0,GJ 3470 b,transmission,Biddle et al. 2014,2014MNRAS.443.1810B,,Calar Alto observatory's 1.23m Telescope,,,not_provided_by_archive_index,,69/07/41/00/GJ_3470_b_3.11524_3413_5.tbl,1,0.7886,0.7886,NASA Exoplanet Archive spectra index
OBSERVED,c900ef026218faf0882e,GJ 3470 b,transmission,Biddle et al. 2014,2014MNRAS.443.1810B,,National Astronomical Observatory of Japan's Okayama Astrophysical Observatory 1.88m Telescope,ISLE,,not_provided_by_archive_index,,73/18/86/45/GJ_3470_b_3.11524_3413_12.tbl,1,1.215,1.215,NASA Exoplanet Archive spectra index
OBSERVED,3a3ae7f8bdf2b5b1c0e0,GJ 3470 b,transmission,Biddle et al. 2014,2014MNRAS.443.1810B,,Lick Observatory's 1m Nickel Telescope,CCD-2 Direct Imaging Camera,,not_provided_by_archive_index,,79/09/13/31/GJ_3470_b_3.11524_3413_10.tbl,3,0.9222,0.9222,NASA Exoplanet Archive spectra index
OBSERVED,8f3c26c28f9790a8d7e0,GJ 3470 b,transmission,Biddle et al. 2014,2014MNRAS.443.1810B,,Steward Observatory's 1.5 meter Kuiper Telescope,Mont4K CCD Imager,,not_provided_by_archive_index,,82/56/96/89/GJ_3470_b_3.11524_3413_8.tbl,1,0.7886,0.7886,NASA Exoplanet Archive spectra index
OBSERVED,e828af2571212e36baa8,GJ 3470 b,transmission,Biddle et al. 2014,2014MNRAS.443.1810B,,National Astronomical Observatory of Japan's Okayama Astrophysical Observatory 0.5m Telescope,,,not_provided_by_archive_index,,92/58/04/44/GJ_3470_b_3.11524_3413_2.tbl,3,0.4858,0.7886,NASA Exoplanet Archive spectra index
OBSERVED,ea74f03a1e2aeafa7091,GJ 3470 b,transmission,Biddle et al. 2014,2014MNRAS.443.1810B,,European Southern Observatory (ESO) 0.6m TRAnsiting Planets and PlanetesImals Small Telescope (TRAPPIST) at La Silla Observatory,,,not_provided_by_archive_index,,93/70/66/95/GJ_3470_b_3.11524_3413_3.tbl,2,0.9222,0.9222,NASA Exoplanet Archive spectra index
OBSERVED,d8944372d5e19b89124e,GJ 3470 b,transmission,Dragomir et al. 2015,2015ApJ...814..102D,,LCOGT 2m telescope at Haleakala Observatory,Fairchild CCD486 BI,,not_provided_by_archive_index,,03/65/03/60/GJ_3470_b_3.11524_3712_3.tbl,1,0.49,0.49,NASA Exoplanet Archive spectra index
OBSERVED,e8d3821efc9c7132195b,GJ 3470 b,transmission,Dragomir et al. 2015,2015ApJ...814..102D,,Steward Observatory's 1.5 meter Kuiper Telescope,Mont4k CCD,,not_provided_by_archive_index,,15/64/46/23/GJ_3470_b_3.11524_3712_2.tbl,2,0.437,0.545,NASA Exoplanet Archive spectra index
OBSERVED,80c38a7a41603d0b4b7a,GJ 3470 b,transmission,Dragomir et al. 2015,2015ApJ...814..102D,,LCOGT 2m telescope at Siding Springs Observatory,Fairchild CCD486 BI,,not_provided_by_archive_index,,20/25/03/13/GJ_3470_b_3.11524_3712_1.tbl,2,0.49,0.49,NASA Exoplanet Archive spectra index
OBSERVED,9516db40b4f16baf162d,GJ 3470 b,transmission,Dragomir et al. 2015,2015ApJ...814..102D,,LCOGT 1m telescope at South African Astronomical Observatory,SBIG imager,,not_provided_by_archive_index,,65/67/67/29/GJ_3470_b_3.11524_3712_5.tbl,3,0.763,0.763,NASA Exoplanet Archive spectra index
OBSERVED,7b3b4e2b7148e809e4cf,GJ 3470 b,transmission,Dragomir et al. 2015,2015ApJ...814..102D,,LCOGT 1m telescope at McDonald Observatory,SBIG imager,,not_provided_by_archive_index,,82/32/40/45/GJ_3470_b_3.11524_3712_4.tbl,4,0.49,0.763,NASA Exoplanet Archive spectra index
OBSERVED,bb43acd68fe15fbf2328,GJ 3470 b,transmission,Awiphan et al. 2016,2016MNRAS.463.2574A,,Multiple Observatories,Multiple Instruments,,not_provided_by_archive_index,,40/34/28/83/GJ_3470_b_3.11524_3890_1.tbl,1,0.6469,0.6469,NASA Exoplanet Archive spectra index
OBSERVED,58492ad425acf8852800,GJ 3470 b,transmission,Awiphan et al. 2016,2016MNRAS.463.2574A,,Thai National Observatory's 2.4m Telescope,ULTRASPEC,,not_provided_by_archive_index,,56/08/42/64/GJ_3470_b_3.11524_3890_2.tbl,4,0.4858,0.9222,NASA Exoplanet Archive spectra index
OBSERVED,02e926c00f8de3b1e090,GJ 3470 b,transmission,Benneke et al. 2019,2019NatAs...3..813B,,Hubble Space Telescope satellite,Space Telescope Imaging Spectrograph,,not_provided_by_archive_index,,02/28/01/25/GJ_3470_b_3.11524_4359_4.tbl,8,0.552,0.895,NASA Exoplanet Archive spectra index
OBSERVED,1c1f1fe6708a9c3d12e0,GJ 3470 b,transmission,Benneke et al. 2019,2019NatAs...3..813B,,Hubble Space Telescope satellite,Wide Field Camera 3,,not_provided_by_archive_index,,11/46/54/90/GJ_3470_b_3.11524_4359_2.tbl,18,1.135,1.645,NASA Exoplanet Archive spectra index
OBSERVED,07533a8698f85e6ae0c9,GJ 3470 b,transmission,Benneke et al. 2019,2019NatAs...3..813B,,Spitzer Space Telescope satellite,Infrared Array Camera (IRAC),,not_provided_by_archive_index,,28/07/07/79/GJ_3470_b_3.11524_4359_3.tbl,2,3.6,4.5,NASA Exoplanet Archive spectra index
OBSERVED,1a452ede642314859d28,GJ 3470 b,transmission,Baxter et al. 2021,2021A&A...648A.127B,,Spitzer Space Telescope satellite,Infrared Array Camera (IRAC),,not_provided_by_archive_index,from Table 4,33/41/41/91/GJ_3470_b_3.11524_6099_1.tbl,2,3.6,4.5,NASA Exoplanet Archive spectra index
OBSERVED,e689ef7a827f532e6629,GJ 3470 b,transmission,Edwards et al. 2023,2023ApJS..269...31E,,Hubble Space Telescope satellite,Wide Field Camera 3,,not_provided_by_archive_index,G141,52/05/93/12/GJ_3470_b_3.11524_5286_42.tbl,25,1.1262,1.6295,NASA Exoplanet Archive spectra index
OBSERVED,7f0dbf31ba87e9234881,GJ 3470 b,transmission,Beatty et al. 2024,2024ApJ...970L..10B,,NASA 6.5m James Webb Space Telescope (JWST) Satellite Mission,Near Infrared Camera (NIRCam),,not_provided_by_archive_index,Table 2; F210M filter,08/76/22/66/GJ_3470_b_3.11524_5498_4.tbl,1,2.096,2.096,NASA Exoplanet Archive spectra index
OBSERVED,2303c8f57e9445fc5163,GJ 3470 b,transmission,Beatty et al. 2024,2024ApJ...970L..10B,,NASA 6.5m James Webb Space Telescope (JWST) Satellite Mission,Near Infrared Camera (NIRCam),,not_provided_by_archive_index,Table 3; F322W2 filter; Pegasus reduction,12/84/76/82/GJ_3470_b_3.11524_5498_1.tbl,100,2.458,3.942,NASA Exoplanet Archive spectra index
OBSERVED,2fecf1d7eeda7e46a189,GJ 3470 b,transmission,Beatty et al. 2024,2024ApJ...970L..10B,,NASA 6.5m James Webb Space Telescope (JWST) Satellite Mission,Near Infrared Camera (NIRCam),,not_provided_by_archive_index,Table 4; F444W filter; Pegasus reduction,16/84/84/90/GJ_3470_b_3.11524_5498_2.tbl,72,3.897,4.963,NASA Exoplanet Archive spectra index
OBSERVED,f45046e0e85b65fa7d84,GJ 3470 b,transmission,Beatty et al. 2024,2024ApJ...970L..10B,,Hubble Space Telescope satellite,Wide Field Camera 3,,not_provided_by_archive_index,Table 5,65/42/69/13/GJ_3470_b_3.11524_5498_3.tbl,15,1.138,1.642,NASA Exoplanet Archive spectra index
OBSERVED,3c6554dd23aef09717db,GJ 3473 b,eclipse,Holmberg et al. 2026,2026AJ....171..251H,,NASA 6.5m James Webb Space Telescope (JWST) Satellite Mission,Mid-Infrared Instrument (MIRI),,not_provided_by_archive_index,F1500W bandpass; Figure 5,06/34/35/34/GJ_3473_b_3.12612_5969_1.tbl,1,15,15,NASA Exoplanet Archive spectra index
OBSERVED,4a1822ff1d6c0cc614e6,GJ 357 b,transmission,Adams Redai et al. 2025,2025AJ....170..219A,,NASA 6.5m James Webb Space Telescope (JWST) Satellite Mission,Near Infrared Spectrograph (NIRSpec) - G395H,,not_provided_by_archive_index,"NRS1 & NRS2 combined, Tiberius reduction",19/10/27/13/GJ_357_b_3.12407_5801_1.tbl,53,2.883,5.0628,NASA Exoplanet Archive spectra index
OBSERVED,eaf08e596a365f2f26b4,GJ 357 b,transmission,Adams Redai et al. 2025,2025AJ....170..219A,,NASA 6.5m James Webb Space Telescope (JWST) Satellite Mission,Near Infrared Spectrograph (NIRSpec) - G395H,,not_provided_by_archive_index,Eureka! reduction,60/14/60/24/GJ_357_b_3.12407_5801_2.tbl,53,2.883,5.0625,NASA Exoplanet Archive spectra index
OBSERVED,bb3b540857f257fce8ac,GJ 357 b,transmission,Taylor et al. 2025,2025MNRAS.540.3677T,,NASA 6.5m James Webb Space Telescope (JWST) Satellite Mission,Near Infrared Imager and Slitless Spectrograph (NIRISS),,not_provided_by_archive_index,Table B1,46/89/29/89/GJ_357_b_3.12407_5682_1.tbl,60,0.862,2.803,NASA Exoplanet Archive spectra index
OBSERVED,0573f67a215fe631ba11,GJ 367 b,eclipse,Zhang et al. 2024,2024ApJ...961L..44Z,,NASA 6.5m James Webb Space Telescope (JWST) Satellite Mission,Mid-Infrared Instrument (MIRI),,not_provided_by_archive_index,The fiducial emission spectrum (Table 4),81/33/99/71/GJ_367_b_3.13020_5291_1.tbl,11,5.364,11.454,NASA Exoplanet Archive spectra index
OBSERVED,3a419bb5202dc17872ee,GJ 436 b,eclipse,Deming et al. 2007,2007ApJ...667L.199D,,Spitzer Space Telescope satellite,Infrared Array Camera (IRAC),,not_provided_by_archive_index,Table 1,12/80/16/47/GJ_436_b_3.10974_399_1.tbl,1,8,8,NASA Exoplanet Archive spectra index
OBSERVED,3a05881c252a826601c5,GJ 436 b,eclipse,Stevenson et al. 2010,2010Natur.464.1161S,,Spitzer Space Telescope satellite,Infrared Array Camera (IRAC),,not_provided_by_archive_index,Table 1,32/89/47/63/GJ_436_b_3.10974_4090_1.tbl,5,3.6,24,NASA Exoplanet Archive spectra index
OBSERVED,abf92be5cfe5dfaae902,GJ 436 b,eclipse,Morley et al. 2017,2017AJ....153...86M,,Spitzer Space Telescope satellite,Infrared Array Camera (IRAC),,not_provided_by_archive_index,Table 3,25/36/46/79/GJ_436_b_3.10974_6023_1.tbl,2,3.6,4.5,NASA Exoplanet Archive spectra index
OBSERVED,18c49387e500a491aa24,GJ 436 b,eclipse,Mukherjee et al. 2025,2025ApJ...982L..39M,,NASA 6.5m James Webb Space Telescope (JWST) Satellite,Near Infrared Camera (NIRCam),,not_provided_by_archive_index,all combined F322W2 spectra; Eureka! Pipeline,00/19/89/46/GJ_436_b_3.10974_5610_1.tbl,20,2.4299,4.0398,NASA Exoplanet Archive spectra index
OBSERVED,8dfb8b33389faf4393dc,GJ 436 b,eclipse,Mukherjee et al. 2025,2025ApJ...982L..39M,,NASA 6.5m James Webb Space Telescope (JWST) Satellite,Mid-Infrared Instrument (MIRI) - LRS,,not_provided_by_archive_index,all combined LRS spectra; Eureka! Pipeline,07/05/25/93/GJ_436_b_3.10974_5610_3.tbl,27,5.25,11.75,NASA Exoplanet Archive spectra index
OBSERVED,49a4ac1b257c1bf5495f,GJ 436 b,eclipse,Mukherjee et al. 2025,2025ApJ...982L..39M,,NASA 6.5m James Webb Space Telescope (JWST) Satellite,Near Infrared Camera (NIRCam),,not_provided_by_archive_index,all combined F444W spectra; Eureka! Pipeline,16/52/50/31/GJ_436_b_3.10974_5610_2.tbl,20,3.8589,5.0595,NASA Exoplanet Archive spectra index
OBSERVED,61667a1229f52df5e66d,GJ 436 b,eclipse,Mukherjee et al. 2025,2025ApJ...982L..39M,,NASA 6.5m James Webb Space Telescope (JWST) Satellite,Near Infrared Camera (NIRCam),,not_provided_by_archive_index,all combined F322W2 spectra; tshirt Pipeline,18/15/70/97/GJ_436_b_3.10974_5610_4.tbl,20,2.4299,4.0398,NASA Exoplanet Archive spectra index
OBSERVED,6da73438f309f2f93fe8,GJ 436 b,eclipse,Mukherjee et al. 2025,2025ApJ...982L..39M,,NASA 6.5m James Webb Space Telescope (JWST) Satellite,Mid-Infrared Instrument (MIRI) - LRS,,not_provided_by_archive_index,all combined LRS spectra; tshirt Pipeline,29/34/23/10/GJ_436_b_3.10974_5610_6.tbl,25,5.7875,11.7604,NASA Exoplanet Archive spectra index
OBSERVED,89507146343f10aa445a,GJ 436 b,eclipse,Mukherjee et al. 2025,2025ApJ...982L..39M,,NASA 6.5m James Webb Space Telescope (JWST) Satellite,Near Infrared Camera (NIRCam),,not_provided_by_archive_index,all combined F444W spectra; tshirt Pipeline,69/68/44/39/GJ_436_b_3.10974_5610_5.tbl,20,3.8589,5.0595,NASA Exoplanet Archive spectra index
OBSERVED,7ef136b796148b48a204,GJ 436 b,transmission,Knutson et al. 2011,2011ApJ...735...27K,,Spitzer Space Telescope satellite,Infrared Array Camera (IRAC),,not_provided_by_archive_index,,92/26/54/03/GJ_436_b_3.10974_3635_1.tbl,8,3.6,8,NASA Exoplanet Archive spectra index
OBSERVED,8a20c577e8234b53d9c9,GJ 436 b,transmission,Knutson et al. 2014,2014Natur.505...66K,,Hubble Space Telescope satellite,Wide Field Camera 3,,not_provided_by_archive_index,,22/30/43/84/GJ_436_b_3.10974_3422_1.tbl,28,1.136,1.645,NASA Exoplanet Archive spectra index
OBSERVED,c1e7a794b225297c4431,GJ 436 b,transmission,Lothringer et al. 2018,2018AJ....155...66L,,Hubble Space Telescope satellite,Space Telescope Imaging Spectrograph,,not_provided_by_archive_index,Table 3; G750L grism,81/70/89/90/GJ_436_b_3.10974_6026_1.tbl,10,0.5526,0.9918,NASA Exoplanet Archive spectra index
OBSERVED,81bee362f89c3825bd04,GJ 486 b,eclipse,Weiner Mansfield et al. 2024,2024arXiv240815123W,,NASA 6.5m James Webb Space Telescope (JWST) Satellite Mission,Mid-Infrared Instrument (MIRI),,not_provided_by_archive_index,Eureka! Reduction,45/84/76/45/GJ_486_b_3.12681_5500_2.tbl,22,5.21,11.618,NASA Exoplanet Archive spectra index
OBSERVED,a66ffc68cc9f93503625,GJ 486 b,eclipse,Weiner Mansfield et al. 2024,2024arXiv240815123W,,NASA 6.5m James Webb Space Telescope (JWST) Satellite Mission,Mid-Infrared Instrument (MIRI),,not_provided_by_archive_index,SPARTA Reduction,94/09/56/41/GJ_486_b_3.12681_5500_1.tbl,22,5.21,11.618,NASA Exoplanet Archive spectra index
OBSERVED,c992f8f9d4d4af1fa6b1,GJ 486 b,transmission,Moran et al. 2023,2023ApJ...948L..11M,,NASA 6.5m James Webb Space Telescope (JWST) Satellite Mission,Near Infrared Spectrograph (NIRSpec),,not_provided_by_archive_index,Eureka! pipeline,00/45/92/75/GJ_486_b_3.12681_5146_1.tbl,110,2.867,5.155,NASA Exoplanet Archive spectra index
OBSERVED,369ef2731111aa1e623e,GJ 486 b,transmission,Moran et al. 2023,2023ApJ...948L..11M,,NASA 6.5m James Webb Space Telescope (JWST) Satellite Mission,Near Infrared Spectrograph (NIRSpec),,not_provided_by_archive_index,Tiberius pipeline,22/36/54/32/GJ_486_b_3.12681_5146_3.tbl,47,2.865,5.119,NASA Exoplanet Archive spectra index
OBSERVED,c22fc6c77fa7aa98941e,GJ 486 b,transmission,Moran et al. 2023,2023ApJ...948L..11M,,NASA 6.5m James Webb Space Telescope (JWST) Satellite Mission,Near Infrared Spectrograph (NIRSpec),,not_provided_by_archive_index,FIREFLy pipeline,70/04/27/26/GJ_486_b_3.12681_5146_2.tbl,46,2.854,5.026,NASA Exoplanet Archive spectra index
OBSERVED,2efad558c9c9542f56d7,GJ 504 b,direct imaging,M&acirc;lin et al. 2025,2025A&A...693A.315M,,NASA 6.5m James Webb Space Telescope (JWST) Satellite Mission,Mid-Infrared Instrument (MIRI),,not_provided_by_archive_index,"Filters F1065C, F1140C, and F1550C",78/72/43/30/GJ_504_b_3.11608_5635_1.tbl,3,10.575,15.5,NASA Exoplanet Archive spectra index
OBSERVED,56de3d6e48c396b24fbe,GJ 9827 d,transmission,Roy et al. 2023,2023ApJ...954L..52R,,Hubble Space Telescope satellite,Wide Field Camera 3,,not_provided_by_archive_index,Near-infrared Combined Spectrum,62/25/77/48/GJ_9827_d_3.12079_5263_1.tbl,19,1.115,1.655,NASA Exoplanet Archive spectra index
OBSERVED,c1009023b65dc9b6614f,GJ 9827 d,transmission,Piaulet-Ghorayeb et al. 2024,2024ApJ...974L..10P,,NASA 6.5m James Webb Space Telescope (JWST) Satellite Mission,Near Infrared Imager and Slitless Spectrograph (NIRISS),,not_provided_by_archive_index,"Table A2, SOSS mode, R=100, supreme-SPOON pipeline",65/00/61/00/GJ_9827_d_3.12079_5513_1.tbl,156,0.6035,2.8135,NASA Exoplanet Archive spectra index
OBSERVED,14a193716f06ff0ad2e5,GQ Lup b,direct imaging,Cugno et al. 2024,2024ApJ...966L..21C,,NASA 6.5m James Webb Space Telescope (JWST) Satellite Mission,Mid-Infrared Instrument (MIRI) - MRS,,not_provided_by_archive_index,,93/33/03/58/GQ_Lup_b_3.10991_5464_1.tbl,64,4.94,11.53,NASA Exoplanet Archive spectra index
OBSERVED,6ebdac1dd07db2b65199,HAT-P-1 b,eclipse,Todorov et al. 2010,2010ApJ...708..498T,,Spitzer Space Telescope satellite,Infrared Array Camera (IRAC),,not_provided_by_archive_index,Table 1,99/66/53/40/HAT_P_1_b_3.11003_4082_1.tbl,4,3.6,8,NASA Exoplanet Archive spectra index
OBSERVED,7ba6195b0f625636345c,HAT-P-1 b,eclipse,de Mooij et al. 2011,2011A&A...528A..49D,,Isaac Newton Group (ING) 4.2m William Herschel Telescope (WHT) at Observatorio del Roque de los Muchachos,LIRIS,,not_provided_by_archive_index,Table 1,26/89/18/65/HAT_P_1_b_3.11003_4091_1.tbl,1,2.2,2.2,NASA Exoplanet Archive spectra index
OBSERVED,dec2f44b1dde404c814b,HAT-P-1 b,eclipse,Deming et al. 2023,2023AJ....165..104D,,Spitzer Space Telescope satellite,Infrared Array Camera (IRAC),,not_provided_by_archive_index,"AOR = 21060608, date is start time.",35/63/75/64/HAT_P_1_b_3.11003_5869_8.tbl,1,4.5,4.5,NASA Exoplanet Archive spectra index
OBSERVED,9443786b6d64e9e99a4e,HAT-P-1 b,eclipse,Deming et al. 2023,2023AJ....165..104D,,Spitzer Space Telescope satellite,Infrared Array Camera (IRAC),,not_provided_by_archive_index,AOR = 2474547.,58/48/82/06/HAT_P_1_b_3.11003_5869_7.tbl,1,3.6,3.6,NASA Exoplanet Archive spectra index
OBSERVED,cdf1bc983a3ba0226142,HAT-P-1 b,transmission,Wakeford et al. 2013,2013MNRAS.435.3481W,,Hubble Space Telescope satellite,Wide Field Camera 3,,not_provided_by_archive_index,,19/79/20/79/HAT_P_1_b_3.11003_3403_1.tbl,28,1.1269,1.6453,NASA Exoplanet Archive spectra index
OBSERVED,737fb4345a764c7084cc,HAT-P-1 b,transmission,Nikolov et al. 2014,2014MNRAS.437...46N,,Hubble Space Telescope satellite,Space Telescope Imaging Spectrograph,,not_provided_by_archive_index,,59/70/04/48/HAT_P_1_b_3.11003_3598_1.tbl,14,0.335,0.97,NASA Exoplanet Archive spectra index
OBSERVED,59f86b1b6c97010da193,HAT-P-1 b,transmission,Montalto et al. 2015,2015ApJ...811...55M,,Telescopio Nazionale Galileo,DOLORES,,not_provided_by_archive_index,,27/76/38/66/HAT_P_1_b_3.11003_3647_1.tbl,5,0.5253,0.7666,NASA Exoplanet Archive spectra index
OBSERVED,0fc436163d2ffc5cc61a,HAT-P-1 b,transmission,Wilson et al. 2015,2015MNRAS.450..192W,,Gran Telescopio CANARIAS 10.4m telescope,OSIRIS,,not_provided_by_archive_index,,63/32/53/52/HAT_P_1_b_3.11003_3664_1.tbl,6,0.6792,0.8844,NASA Exoplanet Archive spectra index
OBSERVED,c42022e842073de37c63,HAT-P-1 b,transmission,Sing et al. 2016,2016Natur.529...59S,,Spitzer Space Telescope satellite,Infrared Array Camera (IRAC),,not_provided_by_archive_index,,16/66/83/08/HAT_P_1_b_3.11003_3717_1.tbl,2,3.56,4.5,NASA Exoplanet Archive spectra index
OBSERVED,68c6c419d2d6e3c68433,HAT-P-1 b,transmission,Sing et al. 2016,2016Natur.529...59S,,Hubble Space Telescope satellite,Wide Field Camera 3,,not_provided_by_archive_index,,44/89/24/45/HAT_P_1_b_3.11003_3717_2.tbl,17,1.1347,1.6555,NASA Exoplanet Archive spectra index
OBSERVED,184078a8e876efa63b5b,HAT-P-1 b,transmission,Sing et al. 2016,2016Natur.529...59S,,Hubble Space Telescope satellite,Space Telescope Imaging Spectrograph,,not_provided_by_archive_index,,82/26/70/42/HAT_P_1_b_3.11003_3717_3.tbl,23,0.3625,0.9643,NASA Exoplanet Archive spectra index
OBSERVED,6c62bdcea50e9b323062,HAT-P-1 b,transmission,Baxter et al. 2021,2021A&A...648A.127B,,Spitzer Space Telescope satellite,Infrared Array Camera (IRAC),,not_provided_by_archive_index,from Table 4,13/35/17/58/HAT_P_1_b_3.11003_6099_1.tbl,2,3.6,4.5,NASA Exoplanet Archive spectra index
OBSERVED,796025c631d3cb6a174e,HAT-P-11 b,transmission,Fraine et al. 2014,2014Natur.513..526F,,The Kepler Mission,Kepler CCD camera,,not_provided_by_archive_index,,11/89/92/28/HAT_P_11_b_3.9_3640_1.tbl,1,0.642,0.642,NASA Exoplanet Archive spectra index
OBSERVED,db20b9a0bc44f2f6ed5d,HAT-P-11 b,transmission,Fraine et al. 2014,2014Natur.513..526F,,Hubble Space Telescope satellite,Wide Field Camera 3,,not_provided_by_archive_index,,22/97/21/85/HAT_P_11_b_3.9_3640_2.tbl,29,1.153,1.68,NASA Exoplanet Archive spectra index
OBSERVED,1e6a7a8da2e9ac96ad49,HAT-P-11 b,transmission,Fraine et al. 2014,2014Natur.513..526F,,Spitzer Space Telescope satellite,Infrared Array Camera (IRAC),,not_provided_by_archive_index,,90/55/80/28/HAT_P_11_b_3.9_3640_3.tbl,6,3.521,4.471,NASA Exoplanet Archive spectra index
OBSERVED,fc7e7c40abdb833bf566,HAT-P-11 b,transmission,Mansfield et al. 2018,2018ApJ...868L..34M,,Hubble Space Telescope satellite,Wide Field Camera 3,,not_provided_by_archive_index,from Table 1; G102; R~40; Broadband,18/85/42/32/HAT_P_11_b_3.9_6048_1.tbl,12,0.8617,1.1184,NASA Exoplanet Archive spectra index
OBSERVED,5947084bb32043d54999,HAT-P-11 b,transmission,Mansfield et al. 2018,2018ApJ...868L..34M,,Hubble Space Telescope satellite,Wide Field Camera 3,,not_provided_by_archive_index,from Table 1; G102; Narrowband,87/13/00/94/HAT_P_11_b_3.9_6048_2.tbl,11,1.0639,1.1126,NASA Exoplanet Archive spectra index
OBSERVED,adceea4e224db05e4746,HAT-P-11 b,transmission,Chachan et al. 2019,2019AJ....158..244C,,Hubble Space Telescope satellite,Space Telescope Imaging Spectrograph,,not_provided_by_archive_index,from Table 3; figure 15; G750L,04/71/81/52/HAT_P_11_b_3.9_6050_2.tbl,12,0.553,0.9915,NASA Exoplanet Archive spectra index
OBSERVED,a7277976d0b2e07d933f,HAT-P-11 b,transmission,Chachan et al. 2019,2019AJ....158..244C,,Hubble Space Telescope satellite,Space Telescope Imaging Spectrograph,,not_provided_by_archive_index,from Table 3; figure 15; G430L,07/29/02/32/HAT_P_11_b_3.9_6050_1.tbl,4,0.374,0.539,NASA Exoplanet Archive spectra index
OBSERVED,8d576f7ad161ff1ffc34,HAT-P-11 b,transmission,Chachan et al. 2019,2019AJ....158..244C,,Spitzer Space Telescope satellite,Infrared Array Camera (IRAC),,not_provided_by_archive_index,from Table 2; Channel 1 and 2 combined,25/52/36/25/HAT_P_11_b_3.9_6050_5.tbl,2,3.55,4.5,NASA Exoplanet Archive spectra index
OBSERVED,0bc7547f3655cada7399,HAT-P-11 b,transmission,Chachan et al. 2019,2019AJ....158..244C,,Hubble Space Telescope satellite,Wide Field Camera 3,,not_provided_by_archive_index,from Table 3; figure 15; G141,57/91/81/24/HAT_P_11_b_3.9_6050_4.tbl,19,1.135,1.675,NASA Exoplanet Archive spectra index
OBSERVED,7f465d00b9e19b079fc7,HAT-P-11 b,transmission,Chachan et al. 2019,2019AJ....158..244C,,Hubble Space Telescope satellite,Wide Field Camera 3,,not_provided_by_archive_index,from Table 3; figure 15; G102,67/09/26/30/HAT_P_11_b_3.9_6050_3.tbl,12,0.861,1.119,NASA Exoplanet Archive spectra index
OBSERVED,617cea0014184d89646d,HAT-P-12 b,eclipse,Wong et al. 2020,2020AJ....159..234W,,Spitzer Space Telescope satellite,Infrared Array Camera (IRAC),,not_provided_by_archive_index,Simultaneous fit of all four eclipses.,74/23/92/87/HAT_P_12_b_3.10993_5314_5.tbl,2,3.6,4.5,NASA Exoplanet Archive spectra index
OBSERVED,d153933211d015271bb5,HAT-P-12 b,eclipse,Deming et al. 2023,2023AJ....165..104D,,Spitzer Space Telescope satellite,Infrared Array Camera (IRAC),,not_provided_by_archive_index,"AOR = 50672128, date is start time.",00/53/85/30/HAT_P_12_b_3.10993_5869_43.tbl,1,3.6,3.6,NASA Exoplanet Archive spectra index
OBSERVED,48b803dffafdbee19bb5,HAT-P-12 b,eclipse,Deming et al. 2023,2023AJ....165..104D,,Spitzer Space Telescope satellite,Infrared Array Camera (IRAC),,not_provided_by_archive_index,"AOR = 50682624, date is start time.",13/70/32/37/HAT_P_12_b_3.10993_5869_45.tbl,1,4.5,4.5,NASA Exoplanet Archive spectra index
OBSERVED,3700b78ac261c7cc21e6,HAT-P-12 b,eclipse,Deming et al. 2023,2023AJ....165..104D,,Spitzer Space Telescope satellite,Infrared Array Camera (IRAC),,not_provided_by_archive_index,"AOR = 36783360, date is start time.",38/74/49/49/HAT_P_12_b_3.10993_5869_44.tbl,1,4.5,4.5,NASA Exoplanet Archive spectra index
OBSERVED,9b6bfe88cb59b481cbb3,HAT-P-12 b,transmission,Line et al. 2013,2013ApJ...778..183L,,Hubble Space Telescope satellite,Wide Field Camera 3,,not_provided_by_archive_index,,62/22/42/73/HAT_P_12_b_3.10993_3415_1.tbl,23,1.108,1.627,NASA Exoplanet Archive spectra index
OBSERVED,20910ca98a13bdc5cfe8,HAT-P-12 b,transmission,Mallonn et al. 2015,2015A&A...583A.138M,,STELLA Robotic Observatory,WiFSIP,,not_provided_by_archive_index,,15/38/48/31/HAT_P_12_b_3.10993_3675_1.tbl,2,0.5477,0.7698,NASA Exoplanet Archive spectra index
OBSERVED,f31e2fd6117eaa66cade,HAT-P-12 b,transmission,Mallonn et al. 2015,2015A&A...583A.138M,,Multiple Observatories,Multiple Instruments,,not_provided_by_archive_index,,29/51/81/37/HAT_P_12_b_3.10993_3675_2.tbl,2,0.4754,0.6204,NASA Exoplanet Archive spectra index
OBSERVED,85bfa53d958eac1588c3,HAT-P-12 b,transmission,Mallonn et al. 2015,2015A&A...583A.138M,,Asiago Observatory's Copernico Telescope,AFOSC,,not_provided_by_archive_index,,39/56/47/84/HAT_P_12_b_3.10993_3675_4.tbl,1,0.6476,0.6476,NASA Exoplanet Archive spectra index
OBSERVED,ae6f9cd386c2c0c23c6d,HAT-P-12 b,transmission,Mallonn et al. 2015,2015A&A...583A.138M,,Fred Lawrence Whipple Observatory's 1.2 meter Telescope,Keplercam,,not_provided_by_archive_index,,45/19/82/82/HAT_P_12_b_3.10993_3675_3.tbl,1,0.9222,0.9222,NASA Exoplanet Archive spectra index
OBSERVED,f974b026efd606615c2e,HAT-P-12 b,transmission,Mallonn et al. 2015,2015A&A...583A.138M,,Nordic Optical Telescope,StanCam,,not_provided_by_archive_index,,48/54/85/55/HAT_P_12_b_3.10993_3675_5.tbl,1,0.429,0.429,NASA Exoplanet Archive spectra index
OBSERVED,fd90255c731f195f3300,HAT-P-12 b,transmission,Sing et al. 2016,2016Natur.529...59S,,Hubble Space Telescope satellite,Wide Field Camera 3,,not_provided_by_archive_index,,05/61/54/57/HAT_P_12_b_3.10993_3717_1.tbl,12,1.132,1.6424,NASA Exoplanet Archive spectra index
OBSERVED,890c3d36a0cccf452782,HAT-P-12 b,transmission,Sing et al. 2016,2016Natur.529...59S,,Hubble Space Telescope satellite,Space Telescope Imaging Spectrograph,,not_provided_by_archive_index,,29/92/34/25/HAT_P_12_b_3.10993_3717_2.tbl,17,0.38,0.965,NASA Exoplanet Archive spectra index
OBSERVED,a4bc280ef52fab0f6169,HAT-P-12 b,transmission,Sing et al. 2016,2016Natur.529...59S,,Spitzer Space Telescope satellite,Infrared Array Camera (IRAC),,not_provided_by_archive_index,,59/53/57/59/HAT_P_12_b_3.10993_3717_3.tbl,2,3.56,4.5,NASA Exoplanet Archive spectra index
OBSERVED,c27a133fd0bcab5e1f80,HAT-P-12 b,transmission,Alexoudi et al. 2018,2018A&A...620A.142A,,Hubble Space Telescope satellite,Space Telescope Imaging Spectrograph,,not_provided_by_archive_index,"Figure 8, Table 3",79/62/13/90/HAT_P_12_b_3.10993_6027_1.tbl,17,0.38,0.965,NASA Exoplanet Archive spectra index
OBSERVED,854d1cb2200141058e22,HAT-P-12 b,transmission,Yan et al. 2020,2020A&A...642A..98Y,,Large Binocular Telescope Observatory,MODS1,,not_provided_by_archive_index,,00/75/95/30/HAT_P_12_b_3.10993_4708_2.tbl,17,0.395,0.945,NASA Exoplanet Archive spectra index
OBSERVED,87bb079658d7a01d4103,HAT-P-12 b,transmission,Yan et al. 2020,2020A&A...642A..98Y,,Large Binocular Telescope Observatory,MODS2,,not_provided_by_archive_index,,80/98/57/57/HAT_P_12_b_3.10993_4708_1.tbl,13,0.395,0.7367,NASA Exoplanet Archive spectra index
OBSERVED,b037ef204bb0fbe5b4c6,HAT-P-12 b,transmission,Wong et al. 2020,2020AJ....159..234W,,Hubble Space Telescope satellite,Space Telescope Imaging Spectrograph,,not_provided_by_archive_index,STIS G750L,05/31/69/69/HAT_P_12_b_3.10993_5314_3.tbl,12,0.55,0.992,NASA Exoplanet Archive spectra index
OBSERVED,c474854eb639552b7e2c,HAT-P-12 b,transmission,Wong et al. 2020,2020AJ....159..234W,,Hubble Space Telescope satellite,Space Telescope Imaging Spectrograph,,not_provided_by_archive_index,STIS G430L,25/81/09/10/HAT_P_12_b_3.10993_5314_2.tbl,4,0.374,0.54,NASA Exoplanet Archive spectra index
OBSERVED,094b33410b205dcc8f8c,HAT-P-12 b,transmission,Wong et al. 2020,2020AJ....159..234W,,Hubble Space Telescope satellite,Wide Field Camera 3,,not_provided_by_archive_index,WFC3 G141,33/75/82/38/HAT_P_12_b_3.10993_5314_4.tbl,28,1.11,1.65,NASA Exoplanet Archive spectra index
OBSERVED,7bf8d6cda8ed654feb06,HAT-P-12 b,transmission,Wong et al. 2020,2020AJ....159..234W,,Spitzer Space Telescope satellite,Infrared Array Camera (IRAC),,not_provided_by_archive_index,,86/31/94/24/HAT_P_12_b_3.10993_5314_1.tbl,2,3.6,4.5,NASA Exoplanet Archive spectra index
OBSERVED,7e204243f7709ea4fbd0,HAT-P-12 b,transmission,Baxter et al. 2021,2021A&A...648A.127B,,Spitzer Space Telescope satellite,Infrared Array Camera (IRAC),,not_provided_by_archive_index,from Table 4,87/63/56/71/HAT_P_12_b_3.10993_6099_1.tbl,2,3.6,4.5,NASA Exoplanet Archive spectra index
OBSERVED,ac6c6092efcf01170bcc,HAT-P-12 b,transmission,Panek et al. 2023,2023A&A...677A..51P,,Hubble Space Telescope satellite,Wide Field Camera 3,,not_provided_by_archive_index,,34/50/02/52/HAT_P_12_b_3.10993_5295_1.tbl,20,1.0994,1.6616,NASA Exoplanet Archive spectra index
OBSERVED,a1042227b754619c03dc,HAT-P-12 b,transmission,Crouzet et al. 2025,2025A&A...703A.264C,,NASA 6.5m James Webb Space Telescope (JWST) Satellite Mission,Near Infrared Spectrograph (NIRSpec),,not_provided_by_archive_index,"Table B.1, TEATRO reduction",38/03/46/77/HAT_P_12_b_3.10993_5841_1.tbl,117,2.85,5.17,NASA Exoplanet Archive spectra index
OBSERVED,211b2dc1801466373bcb,HAT-P-12 b,transmission,Crouzet et al. 2025,2025A&A...703A.264C,,NASA 6.5m James Webb Space Telescope (JWST) Satellite Mission,Near Infrared Spectrograph (NIRSpec),,not_provided_by_archive_index,"Table B.1, CASCADe reduction",47/79/23/85/HAT_P_12_b_3.10993_5841_2.tbl,117,2.85,5.17,NASA Exoplanet Archive spectra index
OBSERVED,936babc107079ad39c4e,HAT-P-13 b,eclipse,Buhler et al. 2016,2016ApJ...821...26B,,Spitzer Space Telescope satellite,Infrared Array Camera (IRAC),,not_provided_by_archive_index,Table 1,51/43/02/28/HAT_P_13_b_3.10994_3796_1.tbl,2,3.6,4.5,NASA Exoplanet Archive spectra index
OBSERVED,fac58397ade03469d171,HAT-P-13 b,eclipse,Hardy et al. 2017,2017ApJ...836..143H,,Spitzer Space Telescope satellite,Infrared Array Camera (IRAC),,not_provided_by_archive_index,Table 3,25/15/52/34/HAT_P_13_b_3.10994_4188_1.tbl,2,3.6,4.5,NASA Exoplanet Archive spectra index
OBSERVED,91c968b658e37f4fdc43,HAT-P-13 b,eclipse,Garhart et al. 2020,2020AJ....159..137G,,Spitzer Space Telescope satellite,Infrared Array Camera (IRAC),,not_provided_by_archive_index,Table 1 & 6,71/34/49/59/HAT_P_13_b_3.10994_5410_1.tbl,2,3.6,4.5,NASA Exoplanet Archive spectra index
OBSERVED,07f28aa034b89f8b2f37,HAT-P-13 b,eclipse,Deming et al. 2023,2023AJ....165..104D,,Spitzer Space Telescope satellite,Infrared Array Camera (IRAC),,not_provided_by_archive_index,"AOR = 38808832, date is start time.",31/03/59/63/HAT_P_13_b_3.10994_5869_47.tbl,1,4.5,4.5,NASA Exoplanet Archive spectra index
OBSERVED,65672a69a2b44f9b2197,HAT-P-13 b,eclipse,Deming et al. 2023,2023AJ....165..104D,,Spitzer Space Telescope satellite,Infrared Array Camera (IRAC),,not_provided_by_archive_index,"AOR = 38808320, date is start time.",98/54/55/27/HAT_P_13_b_3.10994_5869_46.tbl,1,3.6,3.6,NASA Exoplanet Archive spectra index
OBSERVED,4434dfd6ea1ce78c5df9,HAT-P-14 b,transmission,Fukui et al. 2016,2016ApJ...819...27F,,Liverpool 2 meter telesope at Observatorio del Roque de los Muchachos,RISE,,not_provided_by_archive_index,,12/47/61/16/HAT_P_14_b_3.10996_3790_2.tbl,1,0.616,0.616,NASA Exoplanet Archive spectra index
OBSERVED,8dcf1c1eeb1c4ac4c6f0,HAT-P-14 b,transmission,Fukui et al. 2016,2016ApJ...819...27F,,National Astronomical Observatory of Japan's Okayama Astrophysical Observatory 1.88m Telescope,MuSCAT,,not_provided_by_archive_index,,37/14/13/20/HAT_P_14_b_3.10996_3790_3.tbl,3,0.479,0.869,NASA Exoplanet Archive spectra index
OBSERVED,40b4c98c9ee268b424aa,HAT-P-14 b,transmission,Fukui et al. 2016,2016ApJ...819...27F,,Faulkes Telescope North,Spectral camera,,not_provided_by_archive_index,,37/91/74/94/HAT_P_14_b_3.10996_3790_1.tbl,1,0.87,0.87,NASA Exoplanet Archive spectra index
OBSERVED,bede6fcb30f0750e0c69,HAT-P-14 b,transmission,Fukui et al. 2016,2016ApJ...819...27F,,Asiago Observatory's Copernico Telescope,AFOSC,,not_provided_by_archive_index,,80/32/97/42/HAT_P_14_b_3.10996_3790_5.tbl,1,0.648,0.648,NASA Exoplanet Archive spectra index
OBSERVED,ee631b3fb0074a75d8c3,HAT-P-14 b,transmission,Fukui et al. 2016,2016ApJ...819...27F,,Fred Lawrence Whipple Observatory's 1.2 meter Telescope,Keplercam,,not_provided_by_archive_index,,93/21/56/53/HAT_P_14_b_3.10996_3790_4.tbl,1,0.773,0.773,NASA Exoplanet Archive spectra index
OBSERVED,e07f2417a93ddcf4b0b5,HAT-P-14 b,transmission,Liu et al. 2025,2025AJ....169..335L,,NASA 6.5m James Webb Space Telescope (JWST) Satellite Mission,Near Infrared Imager and Slitless Spectrograph (NIRISS),,not_provided_by_archive_index,SOSS order combined; Figure 8,04/00/36/66/HAT_P_14_b_3.10996_5886_1.tbl,137,0.6035,2.7591,NASA Exoplanet Archive spectra index
OBSERVED,4bc97179d0267e6186b3,HAT-P-14 b,transmission,Liu et al. 2025,2025AJ....169..335L,,NASA 6.5m James Webb Space Telescope (JWST) Satellite Mission,Near Infrared Spectrograph (NIRSpec) - G395H,,not_provided_by_archive_index,NRS1 & NRS2 combined; Figure 8,08/31/52/21/HAT_P_14_b_3.10996_5886_2.tbl,63,2.7374,5.1328,NASA Exoplanet Archive spectra index
OBSERVED,1585c62ce6832e7e5cb1,HAT-P-15 b,eclipse,Deming et al. 2023,2023AJ....165..104D,,Spitzer Space Telescope satellite,Infrared Array Camera (IRAC),,not_provided_by_archive_index,"AOR = 42618368, date is start time.",04/08/97/22/HAT_P_15_b_3.10997_5869_48.tbl,1,3.6,3.6,NASA Exoplanet Archive spectra index
OBSERVED,dc0b1ddd1b9dfbccd4ee,HAT-P-15 b,eclipse,Deming et al. 2023,2023AJ....165..104D,,Spitzer Space Telescope satellite,Infrared Array Camera (IRAC),,not_provided_by_archive_index,"AOR = 42618112, date is start time.",70/99/20/91/HAT_P_15_b_3.10997_5869_49.tbl,1,4.5,4.5,NASA Exoplanet Archive spectra index
OBSERVED,103ce7f47ebf53451ea3,HAT-P-16 b,eclipse,Deming et al. 2023,2023AJ....165..104D,,Spitzer Space Telescope satellite,Infrared Array Camera (IRAC),,not_provided_by_archive_index,"AOR = 40848640, date is start time.",44/81/21/72/HAT_P_16_b_3.10998_5869_51.tbl,1,4.5,4.5,NASA Exoplanet Archive spectra index
OBSERVED,32f9a7456f72f652657e,HAT-P-16 b,eclipse,Deming et al. 2023,2023AJ....165..104D,,Spitzer Space Telescope satellite,Infrared Array Camera (IRAC),,not_provided_by_archive_index,"AOR = 40849152, date is start time.",89/68/11/97/HAT_P_16_b_3.10998_5869_50.tbl,1,3.6,3.6,NASA Exoplanet Archive spectra index
OBSERVED,a5923d341f69b54e5c4b,HAT-P-16 b,transmission,Pearson et al. 2014,2014NewA...27..102P,,Steward Observatory's 1.5 meter Kuiper Telescope,Mont4k CCD,,not_provided_by_archive_index,,36/71/60/63/HAT_P_16_b_3.10998_3417_1.tbl,1,0.36,0.36,NASA Exoplanet Archive spectra index
OBSERVED,cbd2059ad343735bae5f,HAT-P-17 b,eclipse,Deming et al. 2023,2023AJ....165..104D,,Spitzer Space Telescope satellite,Infrared Array Camera (IRAC),,not_provided_by_archive_index,"AOR = 42621696, date is start time.",06/45/61/73/HAT_P_17_b_3.10999_5869_55.tbl,1,4.5,4.5,NASA Exoplanet Archive spectra index
OBSERVED,a2be2cc8702a5d1a3ff0,HAT-P-17 b,eclipse,Deming et al. 2023,2023AJ....165..104D,,Spitzer Space Telescope satellite,Infrared Array Camera (IRAC),,not_provided_by_archive_index,"AOR = 50673664, date is start time.",10/09/23/78/HAT_P_17_b_3.10999_5869_54.tbl,1,3.6,3.6,NASA Exoplanet Archive spectra index
OBSERVED,27847f1874e0ea82ef45,HAT-P-17 b,eclipse,Deming et al. 2023,2023AJ....165..104D,,Spitzer Space Telescope satellite,Infrared Array Camera (IRAC),,not_provided_by_archive_index,"AOR = 42625536, date is start time.",21/18/45/86/HAT_P_17_b_3.10999_5869_53.tbl,1,3.6,3.6,NASA Exoplanet Archive spectra index
OBSERVED,64592d427493dffca523,HAT-P-17 b,eclipse,Deming et al. 2023,2023AJ....165..104D,,Spitzer Space Telescope satellite,Infrared Array Camera (IRAC),,not_provided_by_archive_index,"AOR = 42622208, date is start time.",74/22/40/66/HAT_P_17_b_3.10999_5869_52.tbl,1,3.6,3.6,NASA Exoplanet Archive spectra index
OBSERVED,9f047629d29d3dfe53f1,HAT-P-17 b,eclipse,Deming et al. 2023,2023AJ....165..104D,,Spitzer Space Telescope satellite,Infrared Array Camera (IRAC),,not_provided_by_archive_index,"AOR = 50684160, date is start time.",95/20/98/22/HAT_P_17_b_3.10999_5869_57.tbl,1,4.5,4.5,NASA Exoplanet Archive spectra index
OBSERVED,f1e64bb0cbeccc41d386,HAT-P-17 b,eclipse,Deming et al. 2023,2023AJ....165..104D,,Spitzer Space Telescope satellite,Infrared Array Camera (IRAC),,not_provided_by_archive_index,"AOR = 42625280, date is start time.",96/49/89/88/HAT_P_17_b_3.10999_5869_56.tbl,1,4.5,4.5,NASA Exoplanet Archive spectra index
OBSERVED,aec490238966e0dd36d4,HAT-P-18 b,eclipse,Deming et al. 2023,2023AJ....165..104D,,Spitzer Space Telescope satellite,Infrared Array Camera (IRAC),,not_provided_by_archive_index,"AOR = 42622976, date is start time.",00/77/25/26/HAT_P_18_b_3.11001_5869_58.tbl,1,3.6,3.6,NASA Exoplanet Archive spectra index
OBSERVED,421448784396dcc113d2,HAT-P-18 b,eclipse,Deming et al. 2023,2023AJ....165..104D,,Spitzer Space Telescope satellite,Infrared Array Camera (IRAC),,not_provided_by_archive_index,"AOR = 50670080, date is start time.",13/85/78/35/HAT_P_18_b_3.11001_5869_59.tbl,1,3.6,3.6,NASA Exoplanet Archive spectra index
OBSERVED,70027d8b2df978cf17d5,HAT-P-18 b,eclipse,Deming et al. 2023,2023AJ....165..104D,,Spitzer Space Telescope satellite,Infrared Array Camera (IRAC),,not_provided_by_archive_index,"AOR = 50680576, date is start time.",65/64/26/70/HAT_P_18_b_3.11001_5869_61.tbl,1,4.5,4.5,NASA Exoplanet Archive spectra index
OBSERVED,63d65d5154b44bef960d,HAT-P-18 b,eclipse,Deming et al. 2023,2023AJ....165..104D,,Spitzer Space Telescope satellite,Infrared Array Camera (IRAC),,not_provided_by_archive_index,"AOR = 42622464, date is start time.",80/00/45/27/HAT_P_18_b_3.11001_5869_60.tbl,1,4.5,4.5,NASA Exoplanet Archive spectra index
OBSERVED,7b76e3c0d4a24ad5ad73,HAT-P-18 b,transmission,Kirk et al. 2017,2017MNRAS.468.3907K,,Isaac Newton Group (ING) 4.2m William Herschel Telescope (WHT) at Observatorio del Roque de los Muchachos,ACAM,,not_provided_by_archive_index,,71/12/09/52/HAT_P_18_b_3.11001_3989_1.tbl,17,0.4874,0.9124,NASA Exoplanet Archive spectra index
OBSERVED,ef3add3e5c79ed8d34df,HAT-P-18 b,transmission,Baxter et al. 2021,2021A&A...648A.127B,,Spitzer Space Telescope satellite,Infrared Array Camera (IRAC),,not_provided_by_archive_index,from Table 4,63/83/03/47/HAT_P_18_b_3.11001_6099_1.tbl,2,3.6,4.5,NASA Exoplanet Archive spectra index
OBSERVED,7cc8c6fee4e648d3dfd3,HAT-P-18 b,transmission,Fu et al. 2022,2022ApJ...940L..35F,,NASA 6.5m James Webb Space Telescope (JWST) Satellite Mission,Near Infrared Imager and Slitless Spectrograph (NIRISS),,not_provided_by_archive_index,,19/19/99/05/HAT_P_18_b_3.11001_5041_1.tbl,1021,0.6078,2.8266,NASA Exoplanet Archive spectra index
OBSERVED,df3e4f6056296d3e674a,HAT-P-18 b,transmission,Jiang et al. 2023,2023A&A...675A..62J,,Gran Telescopio CANARIAS 10.4m telescope,OSIRIS,,not_provided_by_archive_index,,07/95/45/37/HAT_P_18_b_3.11001_5312_1.tbl,26,0.53,0.78,NASA Exoplanet Archive spectra index
OBSERVED,227b4339a453051f2d20,HAT-P-18 b,transmission,Fournier-Tondreau et al. 2024,2024MNRAS.528.3354F,,NASA 6.5m James Webb Space Telescope (JWST) Satellite Mission,Near Infrared Imager and Slitless Spectrograph (NIRISS),,not_provided_by_archive_index,"Figure 3, NIRISS/SOSS pixel",30/92/25/17/HAT_P_18_b_3.11001_5431_2.tbl,2472,0.6,2.8286,NASA Exoplanet Archive spectra index
OBSERVED,e6f0ce13c613ed271d68,HAT-P-18 b,transmission,Fournier-Tondreau et al. 2024,2024MNRAS.528.3354F,,NASA 6.5m James Webb Space Telescope (JWST) Satellite Mission,Near Infrared Imager and Slitless Spectrograph (NIRISS),,not_provided_by_archive_index,"Figure 3, NIRISS/SOSS R=100",87/11/67/37/HAT_P_18_b_3.11001_5431_1.tbl,139,0.6064,2.7996,NASA Exoplanet Archive spectra index
OBSERVED,72463cc4efb176ae753e,HAT-P-19 b,eclipse,Kammer et al. 2015,2015ApJ...810..118K,,Spitzer Space Telescope satellite,Infrared Array Camera (IRAC),,not_provided_by_archive_index,Table 3,01/25/57/37/HAT_P_19_b_3.11002_4121_1.tbl,2,3.6,4.5,NASA Exoplanet Archive spectra index
OBSERVED,4fe680277b0ebbf5d03d,HAT-P-19 b,eclipse,Deming et al. 2023,2023AJ....165..104D,,Spitzer Space Telescope satellite,Infrared Array Camera (IRAC),,not_provided_by_archive_index,"AOR = 42624000, date is start time.",04/73/80/64/HAT_P_19_b_3.11002_5869_65.tbl,1,4.5,4.5,NASA Exoplanet Archive spectra index
OBSERVED,f331e29b695553250365,HAT-P-19 b,eclipse,Deming et al. 2023,2023AJ....165..104D,,Spitzer Space Telescope satellite,Infrared Array Camera (IRAC),,not_provided_by_archive_index,"AOR = 50665984, date is start time.",36/88/01/18/HAT_P_19_b_3.11002_5869_64.tbl,1,3.6,3.6,NASA Exoplanet Archive spectra index
OBSERVED,a88d4b88910dcdc688cd,HAT-P-19 b,eclipse,Deming et al. 2023,2023AJ....165..104D,,Spitzer Space Telescope satellite,Infrared Array Camera (IRAC),,not_provided_by_archive_index,"AOR = 42624512, date is start time.",41/07/23/20/HAT_P_19_b_3.11002_5869_62.tbl,1,3.6,3.6,NASA Exoplanet Archive spectra index
OBSERVED,8d92fe5c4cef8328fb60,HAT-P-19 b,eclipse,Deming et al. 2023,2023AJ....165..104D,,Spitzer Space Telescope satellite,Infrared Array Camera (IRAC),,not_provided_by_archive_index,"AOR = 50674688, date is start time.",64/40/84/14/HAT_P_19_b_3.11002_5869_66.tbl,1,4.5,4.5,NASA Exoplanet Archive spectra index
OBSERVED,f1ab4cc3a5d3d96ba75b,HAT-P-19 b,eclipse,Deming et al. 2023,2023AJ....165..104D,,Spitzer Space Telescope satellite,Infrared Array Camera (IRAC),,not_provided_by_archive_index,"AOR = 50665984, date is start time.",95/87/45/82/HAT_P_19_b_3.11002_5869_63.tbl,1,3.6,3.6,NASA Exoplanet Archive spectra index
OBSERVED,369a3ed0c381eb1e1bc3,HAT-P-19 b,transmission,Mallonn et al. 2015,2015A&A...580A..60M,,STELLA Robotic Observatory,WiFSIP,,not_provided_by_archive_index,,99/36/32/72/HAT_P_19_b_3.11002_3935_1.tbl,57,0.5641,0.7642,NASA Exoplanet Archive spectra index
OBSERVED,318e506d0aba65dbdb55,HAT-P-19 b,transmission,Kang et al. 2024,2024MNRAS.528.1930K,,"1.52 m Telescopio Carlos Sanchez, Teide Observatory",MuSCAT2,,not_provided_by_archive_index,Table 3,91/98/18/24/HAT_P_19_b_3.11002_5293_1.tbl,4,0.475,0.87,NASA Exoplanet Archive spectra index
OBSERVED,db66ee0ad9885d4df29e,HAT-P-2 b,eclipse,Changeat et al. 2022,2022ApJS..260....3C,,Hubble Space Telescope satellite,Wide Field Camera 3,,not_provided_by_archive_index,Figure 2,37/67/77/03/HAT_P_2_b_3.11014_5219_102.tbl,25,1.1263,1.6295,NASA Exoplanet Archive spectra index
OBSERVED,84a579fde7dbd47ecabb,HAT-P-2 b,eclipse,Changeat et al. 2022,2022ApJS..260....3C,,Spitzer Space Telescope satellite,Infrared Array Camera (IRAC),,not_provided_by_archive_index,Figure 2,99/70/83/59/HAT_P_2_b_3.11014_5219_103.tbl,4,3.6,8,NASA Exoplanet Archive spectra index
OBSERVED,e1226c8156ad8fa508a1,HAT-P-2 b,eclipse,Deming et al. 2023,2023AJ....165..104D,,Spitzer Space Telescope satellite,Infrared Array Camera (IRAC),,not_provided_by_archive_index,"AOR = 46473216, date is start time.",03/18/93/39/HAT_P_2_b_3.11014_5869_13.tbl,1,4.5,4.5,NASA Exoplanet Archive spectra index
OBSERVED,ebb5f3322c50e0266cf4,HAT-P-2 b,eclipse,Deming et al. 2023,2023AJ....165..104D,,Spitzer Space Telescope satellite,Infrared Array Camera (IRAC),,not_provided_by_archive_index,"AOR = 46476032, date is start time.",03/51/52/46/HAT_P_2_b_3.11014_5869_22.tbl,1,4.5,4.5,NASA Exoplanet Archive spectra index
OBSERVED,a103d1c6ca410ca94ce8,HAT-P-2 b,eclipse,Deming et al. 2023,2023AJ....165..104D,,Spitzer Space Telescope satellite,Infrared Array Camera (IRAC),,not_provided_by_archive_index,"AOR = 46476544, date is start time.",12/27/10/49/HAT_P_2_b_3.11014_5869_24.tbl,1,4.5,4.5,NASA Exoplanet Archive spectra index
OBSERVED,6ed1d63488dc3c4b0a6b,HAT-P-2 b,eclipse,Deming et al. 2023,2023AJ....165..104D,,Spitzer Space Telescope satellite,Infrared Array Camera (IRAC),,not_provided_by_archive_index,"AOR = 46475520, date is start time.",12/36/86/22/HAT_P_2_b_3.11014_5869_20.tbl,1,4.5,4.5,NASA Exoplanet Archive spectra index
OBSERVED,7667e2fa1e816f3fc991,HAT-P-2 b,eclipse,Deming et al. 2023,2023AJ....165..104D,,Spitzer Space Telescope satellite,Infrared Array Camera (IRAC),,not_provided_by_archive_index,"AOR = 46476288, date is start time.",16/53/41/20/HAT_P_2_b_3.11014_5869_23.tbl,1,4.5,4.5,NASA Exoplanet Archive spectra index
OBSERVED,b5be44669e61e98e7275,HAT-P-2 b,eclipse,Deming et al. 2023,2023AJ....165..104D,,Spitzer Space Telescope satellite,Infrared Array Camera (IRAC),,not_provided_by_archive_index,"AOR = 46480384, date is start time.",19/28/53/32/HAT_P_2_b_3.11014_5869_11.tbl,1,3.6,3.6,NASA Exoplanet Archive spectra index
OBSERVED,3caecace5bca0cc7b726,HAT-P-2 b,eclipse,Deming et al. 2023,2023AJ....165..104D,,Spitzer Space Telescope satellite,Infrared Array Camera (IRAC),,not_provided_by_archive_index,"AOR = 46473728, date is start time.",36/90/31/35/HAT_P_2_b_3.11014_5869_15.tbl,1,4.5,4.5,NASA Exoplanet Archive spectra index
OBSERVED,661d3c0647c97905333b,HAT-P-2 b,eclipse,Deming et al. 2023,2023AJ....165..104D,,Spitzer Space Telescope satellite,Infrared Array Camera (IRAC),,not_provided_by_archive_index,"AOR = 46481408, date is start time.",39/63/19/79/HAT_P_2_b_3.11014_5869_12.tbl,1,3.6,3.6,NASA Exoplanet Archive spectra index
OBSERVED,f7cd4facc5d4c67e4c5f,HAT-P-2 b,eclipse,Deming et al. 2023,2023AJ....165..104D,,Spitzer Space Telescope satellite,Infrared Array Camera (IRAC),,not_provided_by_archive_index,"AOR = 57787648, date is start time.",42/96/19/47/HAT_P_2_b_3.11014_5869_26.tbl,1,4.5,4.5,NASA Exoplanet Archive spectra index
OBSERVED,566186144adfa4906e45,HAT-P-2 b,eclipse,Deming et al. 2023,2023AJ....165..104D,,Spitzer Space Telescope satellite,Infrared Array Camera (IRAC),,not_provided_by_archive_index,"AOR = 46474496, date is start time.",43/38/51/21/HAT_P_2_b_3.11014_5869_16.tbl,1,4.5,4.5,NASA Exoplanet Archive spectra index
OBSERVED,eb5604a2f9d3d478514a,HAT-P-2 b,eclipse,Deming et al. 2023,2023AJ....165..104D,,Spitzer Space Telescope satellite,Infrared Array Camera (IRAC),,not_provided_by_archive_index,"AOR = 46473472, date is start time.",44/62/86/15/HAT_P_2_b_3.11014_5869_14.tbl,1,4.5,4.5,NASA Exoplanet Archive spectra index
OBSERVED,44d289ce2e9408b77f35,HAT-P-2 b,eclipse,Deming et al. 2023,2023AJ....165..104D,,Spitzer Space Telescope satellite,Infrared Array Camera (IRAC),,not_provided_by_archive_index,"AOR = 39135232, date is start time.",46/27/34/21/HAT_P_2_b_3.11014_5869_9.tbl,1,3.6,3.6,NASA Exoplanet Archive spectra index
OBSERVED,336a98e01ed068144066,HAT-P-2 b,eclipse,Deming et al. 2023,2023AJ....165..104D,,Spitzer Space Telescope satellite,Infrared Array Camera (IRAC),,not_provided_by_archive_index,"AOR = 46475776, date is start time.",49/37/85/33/HAT_P_2_b_3.11014_5869_21.tbl,1,4.5,4.5,NASA Exoplanet Archive spectra index
OBSERVED,00fdd9888d615fd35680,HAT-P-2 b,eclipse,Deming et al. 2023,2023AJ....165..104D,,Spitzer Space Telescope satellite,Infrared Array Camera (IRAC),,not_provided_by_archive_index,"AOR = 46475008, date is start time.",50/73/53/73/HAT_P_2_b_3.11014_5869_18.tbl,1,4.5,4.5,NASA Exoplanet Archive spectra index
OBSERVED,30f60eb7538c687072d5,HAT-P-2 b,eclipse,Deming et al. 2023,2023AJ....165..104D,,Spitzer Space Telescope satellite,Infrared Array Camera (IRAC),,not_provided_by_archive_index,"AOR = 46475264, date is start time.",59/20/74/43/HAT_P_2_b_3.11014_5869_19.tbl,1,4.5,4.5,NASA Exoplanet Archive spectra index
OBSERVED,12c00811999a8053ecb2,HAT-P-2 b,eclipse,Deming et al. 2023,2023AJ....165..104D,,Spitzer Space Telescope satellite,Infrared Array Camera (IRAC),,not_provided_by_archive_index,"AOR = 57787392, date is start time.",75/21/09/24/HAT_P_2_b_3.11014_5869_25.tbl,1,4.5,4.5,NASA Exoplanet Archive spectra index
OBSERVED,7f8807c1c49378ea4f93,HAT-P-2 b,eclipse,Deming et al. 2023,2023AJ....165..104D,,Spitzer Space Telescope satellite,Infrared Array Camera (IRAC),,not_provided_by_archive_index,"AOR = 39136768, date is start time.",80/86/85/94/HAT_P_2_b_3.11014_5869_10.tbl,1,3.6,3.6,NASA Exoplanet Archive spectra index
OBSERVED,f7ab97efce931fef3b4b,HAT-P-2 b,eclipse,Deming et al. 2023,2023AJ....165..104D,,Spitzer Space Telescope satellite,Infrared Array Camera (IRAC),,not_provided_by_archive_index,"AOR = 46474752, date is start time.",88/76/32/38/HAT_P_2_b_3.11014_5869_17.tbl,1,4.5,4.5,NASA Exoplanet Archive spectra index
OBSERVED,4a938db71d3008e914b9,HAT-P-2 b,eclipse,Jacobs et al. 2025,2025AJ....169...96J,,Hubble Space Telescope satellite,Wide Field Camera 3,,not_provided_by_archive_index,Table 5,08/59/25/65/HAT_P_2_b_3.11014_5683_2.tbl,17,1.126,1.638,NASA Exoplanet Archive spectra index
OBSERVED,abe58d4c2ca7f0173a00,HAT-P-2 b,transmission,Edwards et al. 2023,2023ApJS..269...31E,,Hubble Space Telescope satellite,Wide Field Camera 3,,not_provided_by_archive_index,G141,52/15/51/03/HAT_P_2_b_3.11014_5286_43.tbl,25,1.1262,1.6295,NASA Exoplanet Archive spectra index
OBSERVED,2750382811795e4ce74e,HAT-P-2 b,transmission,Jacobs et al. 2025,2025AJ....169...96J,,Hubble Space Telescope satellite,Wide Field Camera 3,,not_provided_by_archive_index,Table 5,63/52/58/80/HAT_P_2_b_3.11014_5683_1.tbl,17,1.126,1.638,NASA Exoplanet Archive spectra index
OBSERVED,6d44b990437319dcacfd,HAT-P-20 b,eclipse,Deming et al. 2023,2023AJ....165..104D,,Spitzer Space Telescope satellite,Infrared Array Camera (IRAC),,not_provided_by_archive_index,"AOR = 50669568, date is start time.",00/02/56/98/HAT_P_20_b_3.11004_5869_68.tbl,1,3.6,3.6,NASA Exoplanet Archive spectra index
OBSERVED,13e680fa7da08ebaf20a,HAT-P-20 b,eclipse,Deming et al. 2023,2023AJ....165..104D,,Spitzer Space Telescope satellite,Infrared Array Camera (IRAC),,not_provided_by_archive_index,"AOR = 42619648, date is start time.",27/76/18/48/HAT_P_20_b_3.11004_5869_67.tbl,1,3.6,3.6,NASA Exoplanet Archive spectra index
OBSERVED,ba3731be29d97dc3ca4b,HAT-P-20 b,eclipse,Deming et al. 2023,2023AJ....165..104D,,Spitzer Space Telescope satellite,Infrared Array Camera (IRAC),,not_provided_by_archive_index,"AOR = 42618880, date is start time.",95/86/54/99/HAT_P_20_b_3.11004_5869_69.tbl,1,4.5,4.5,NASA Exoplanet Archive spectra index
OBSERVED,369e0625dd094cba0456,HAT-P-20 b,eclipse,Deming et al. 2023,2023AJ....165..104D,,Spitzer Space Telescope satellite,Infrared Array Camera (IRAC),,not_provided_by_archive_index,"AOR = 50680064, date is start time.",98/62/11/31/HAT_P_20_b_3.11004_5869_70.tbl,1,4.5,4.5,NASA Exoplanet Archive spectra index
OBSERVED,e628509722821db6ed88,HAT-P-22 b,eclipse,Deming et al. 2023,2023AJ....165..104D,,Spitzer Space Telescope satellite,Infrared Array Camera (IRAC),,not_provided_by_archive_index,"AOR = 48693504, date is start time.",19/81/73/52/HAT_P_22_b_3.11006_5869_71.tbl,1,3.6,3.6,NASA Exoplanet Archive spectra index
OBSERVED,b6d5b2910f978f117ac9,HAT-P-22 b,eclipse,Deming et al. 2023,2023AJ....165..104D,,Spitzer Space Telescope satellite,Infrared Array Camera (IRAC),,not_provided_by_archive_index,"AOR = 49227264, date is start time.",47/17/12/48/HAT_P_22_b_3.11006_5869_72.tbl,1,3.6,3.6,NASA Exoplanet Archive spectra index
OBSERVED,ac9ec6d3818dc910809e,HAT-P-22 b,eclipse,Deming et al. 2023,2023AJ....165..104D,,Spitzer Space Telescope satellite,Infrared Array Camera (IRAC),,not_provided_by_archive_index,"AOR = 45674752, date is start time.",79/80/06/57/HAT_P_22_b_3.11006_5869_73.tbl,1,4.5,4.5,NASA Exoplanet Archive spectra index
OBSERVED,b9736488f87e63bb91e8,HAT-P-23 b,eclipse,Deming et al. 2023,2023AJ....165..104D,,Spitzer Space Telescope satellite,Infrared Array Camera (IRAC),,not_provided_by_archive_index,"AOR = 61519104, date is start time.",22/45/63/50/HAT_P_23_b_3.11007_5869_76.tbl,1,3.6,3.6,NASA Exoplanet Archive spectra index
OBSERVED,d0b51fb04e2749ced19d,HAT-P-23 b,eclipse,Deming et al. 2023,2023AJ....165..104D,,Spitzer Space Telescope satellite,Infrared Array Camera (IRAC),,not_provided_by_archive_index,"AOR = 61518592, date is start time.",24/08/48/85/HAT_P_23_b_3.11007_5869_75.tbl,1,3.6,3.6,NASA Exoplanet Archive spectra index
OBSERVED,369f4d48c93dbffcb02a,HAT-P-23 b,eclipse,Deming et al. 2023,2023AJ....165..104D,,Spitzer Space Telescope satellite,Infrared Array Camera (IRAC),,not_provided_by_archive_index,"AOR = 42619904, date is start time.",29/13/36/42/HAT_P_23_b_3.11007_5869_74.tbl,1,3.6,3.6,NASA Exoplanet Archive spectra index
OBSERVED,6638c890ab116937fefe,HAT-P-23 b,eclipse,Deming et al. 2023,2023AJ....165..104D,,Spitzer Space Telescope satellite,Infrared Array Camera (IRAC),,not_provided_by_archive_index,"AOR = 42619392, date is start time.",48/59/81/08/HAT_P_23_b_3.11007_5869_77.tbl,1,4.5,4.5,NASA Exoplanet Archive spectra index
OBSERVED,ed524d894c49d36ff13d,HAT-P-23 b,eclipse,Deming et al. 2023,2023AJ....165..104D,,Spitzer Space Telescope satellite,Infrared Array Camera (IRAC),,not_provided_by_archive_index,"AOR = 61517312, date is start time.",81/10/67/16/HAT_P_23_b_3.11007_5869_78.tbl,1,4.5,4.5,NASA Exoplanet Archive spectra index
OBSERVED,4cf77e277494bea34a20,HAT-P-23 b,eclipse,Deming et al. 2023,2023AJ....165..104D,,Spitzer Space Telescope satellite,Infrared Array Camera (IRAC),,not_provided_by_archive_index,"AOR = 61517824, date is start time.",90/04/92/85/HAT_P_23_b_3.11007_5869_79.tbl,1,4.5,4.5,NASA Exoplanet Archive spectra index
OBSERVED,32c06c4f25cd0044dee3,HAT-P-23 b,transmission,Ciceri et al. 2015,2015A&A...577A..54C,,Calar Alto Observatory's 1.2 meter Telescope,DLR-MKIII camera,,not_provided_by_archive_index,,05/43/71/24/HAT_P_23_b_3.11007_3531_2.tbl,7,0.6469,0.6469,NASA Exoplanet Archive spectra index
OBSERVED,d5d207792b627b9396ed,HAT-P-23 b,transmission,Ciceri et al. 2015,2015A&A...577A..54C,,Calar Alto Observatory's 2.2 meter Telescope,BUSCA,,not_provided_by_archive_index,,88/81/29/87/HAT_P_23_b_3.11007_3531_1.tbl,4,0.3585,0.9222,NASA Exoplanet Archive spectra index
OBSERVED,ed3bd21471b572b84eee,HAT-P-26 b,transmission,Stevenson et al. 2016,2016ApJ...817..141S,,Spitzer Space Telescope satellite,Infrared Array Camera (IRAC),,not_provided_by_archive_index,,28/76/53/69/HAT_P_26_b_3.11010_3723_1.tbl,2,3.6,4.5,NASA Exoplanet Archive spectra index
OBSERVED,1090d4399706b96821b5,HAT-P-26 b,transmission,Stevenson et al. 2016,2016ApJ...817..141S,,Carnegie Institution for Science (CIS) 6.5m Landon Clay Telescope at Las Campanas Observatory (LCO),LDSS-3C,,not_provided_by_archive_index,,35/47/36/32/HAT_P_26_b_3.11010_3723_2.tbl,23,0.7188,0.9937,NASA Exoplanet Archive spectra index
OBSERVED,1cfe2547ef9095c974e5,HAT-P-26 b,transmission,Wakeford et al. 2017,2017Sci...356..628W,,Hubble Space Telescope satellite,Space Telescope Imaging Spectrograph,,not_provided_by_archive_index,,01/81/89/43/HAT_P_26_b_3.11010_4163_1.tbl,7,0.56,0.957,NASA Exoplanet Archive spectra index
OBSERVED,c531afeabcb750402bb2,HAT-P-26 b,transmission,Wakeford et al. 2017,2017Sci...356..628W,,Spitzer Space Telescope satellite,Infrared Array Camera (IRAC),,not_provided_by_archive_index,,09/76/11/36/HAT_P_26_b_3.11010_4163_2.tbl,2,3.6,4.5,NASA Exoplanet Archive spectra index
OBSERVED,4eb9f50eac0a4e3b2ed2,HAT-P-26 b,transmission,Wakeford et al. 2017,2017Sci...356..628W,,Hubble Space Telescope satellite,Wide Field Camera 3,,not_provided_by_archive_index,,62/82/45/00/HAT_P_26_b_3.11010_4163_3.tbl,18,0.847,1.617,NASA Exoplanet Archive spectra index
OBSERVED,87803bc5821ce8819056,HAT-P-26 b,transmission,Baxter et al. 2021,2021A&A...648A.127B,,Spitzer Space Telescope satellite,Infrared Array Camera (IRAC),,not_provided_by_archive_index,from Table 4,13/14/54/22/HAT_P_26_b_3.11010_6099_1.tbl,2,3.6,4.5,NASA Exoplanet Archive spectra index
OBSERVED,a02c730c7fd237e2f6ca,HAT-P-26 b,transmission,A-thano et al. 2023,2023AJ....166..223A,,2.4 m Thai National Telescope (TNT),ULTRASPEC,,not_provided_by_archive_index,"Fixed LDC - g, r, i, z bands",01/95/82/44/HAT_P_26_b_3.11010_5294_5.tbl,4,0.467,0.94,NASA Exoplanet Archive spectra index
OBSERVED,48e5daddda6ae551d81f,HAT-P-26 b,transmission,A-thano et al. 2023,2023AJ....166..223A,,Transiting Exoplanet Survey Satellite,TESS CCD Array,,not_provided_by_archive_index,Fitted LDC - TESS,07/48/18/85/HAT_P_26_b_3.11010_5294_3.tbl,1,0.745,0.745,NASA Exoplanet Archive spectra index
OBSERVED,7836ecc601b26949e8e9,HAT-P-26 b,transmission,A-thano et al. 2023,2023AJ....166..223A,,0.7 m Thai Robotic Telescope (TRT),CCD camera,,not_provided_by_archive_index,"Fixed LDC - R, I bands",39/94/57/40/HAT_P_26_b_3.11010_5294_6.tbl,2,0.672,0.805,NASA Exoplanet Archive spectra index
OBSERVED,be9cc89928e57fe955f7,HAT-P-26 b,transmission,A-thano et al. 2023,2023AJ....166..223A,,Hubble Space Telescope satellite,Wide Field Camera 3,,not_provided_by_archive_index,Fitted LDC - Hubble,53/91/74/44/HAT_P_26_b_3.11010_5294_4.tbl,32,0.813,1.624,NASA Exoplanet Archive spectra index
OBSERVED,7ae62d1087e12d48c483,HAT-P-26 b,transmission,A-thano et al. 2023,2023AJ....166..223A,,Transiting Exoplanet Survey Satellite,TESS CCD Array,,not_provided_by_archive_index,Fixed LDC - TESS,87/66/45/61/HAT_P_26_b_3.11010_5294_7.tbl,1,0.745,0.745,NASA Exoplanet Archive spectra index
OBSERVED,588a0fee6eae991959e1,HAT-P-26 b,transmission,A-thano et al. 2023,2023AJ....166..223A,,2.4 m Thai National Telescope (TNT),ULTRASPEC,,not_provided_by_archive_index,"Fitted LDC - g, r, i, z bands",90/99/41/68/HAT_P_26_b_3.11010_5294_1.tbl,4,0.467,0.94,NASA Exoplanet Archive spectra index
OBSERVED,395691b5de23f91fc492,HAT-P-26 b,transmission,A-thano et al. 2023,2023AJ....166..223A,,0.7 m Thai Robotic Telescope (TRT),CCD camera,,not_provided_by_archive_index,"Fitted LDC - R, I bands",95/39/19/20/HAT_P_26_b_3.11010_5294_2.tbl,2,0.672,0.805,NASA Exoplanet Archive spectra index
OBSERVED,9d405336697a1e73f717,HAT-P-26 b,transmission,A-thano et al. 2023,2023AJ....166..223A,,Hubble Space Telescope satellite,Wide Field Camera 3,,not_provided_by_archive_index,Fixed LDC - Hubble,99/45/28/31/HAT_P_26_b_3.11010_5294_8.tbl,32,0.813,1.624,NASA Exoplanet Archive spectra index
OBSERVED,bde5fbfa93bc7e1f0255,HAT-P-26 b,transmission,Ramos Rosado et al. 2025,2025AJ....169..259R,,Hubble Space Telescope satellite,Space Telescope Imaging Spectrograph,,not_provided_by_archive_index,"Table 3, G750L",15/46/65/93/HAT_P_26_b_3.11010_5664_2.tbl,7,0.55,0.96,NASA Exoplanet Archive spectra index
OBSERVED,1db4d5291d36a7869a88,HAT-P-26 b,transmission,Ramos Rosado et al. 2025,2025AJ....169..259R,,Hubble Space Telescope satellite,Space Telescope Imaging Spectrograph,,not_provided_by_archive_index,"Table 3, G430L",84/48/45/74/HAT_P_26_b_3.11010_5664_1.tbl,4,0.34,0.53,NASA Exoplanet Archive spectra index
OBSERVED,10a252f50bcdd749ca6c,HAT-P-26 b,transmission,Gressier et al. 2025,2025AJ....170..292G,,NASA 6.5m James Webb Space Telescope (JWST) Satellite Mission,Near Infrared Spectrograph (NIRSpec) - G395H,,not_provided_by_archive_index,"Figure 2, ExoTiC-JEDI pipeline, R~400",32/61/94/78/HAT_P_26_b_3.11010_5775_2.tbl,214,2.8746,5.1213,NASA Exoplanet Archive spectra index
OBSERVED,2be3ded99700211d3c2a,HAT-P-26 b,transmission,Gressier et al. 2025,2025AJ....170..292G,,NASA 6.5m James Webb Space Telescope (JWST) Satellite Mission,Near Infrared Spectrograph (NIRSpec) - G395H,,not_provided_by_archive_index,"Figure 2, transitspectroscopy pipeline, R~400",64/44/24/58/HAT_P_26_b_3.11010_5775_1.tbl,229,2.7774,5.1474,NASA Exoplanet Archive spectra index
OBSERVED,38cb6b623997700d733e,HAT-P-3 b,eclipse,Todorov et al. 2013,2013ApJ...770..102T,,Spitzer Space Telescope satellite,Infrared Array Camera (IRAC),,not_provided_by_archive_index,Table 5,51/46/99/03/HAT_P_3_b_3.11023_4109_1.tbl,2,3.6,4.5,NASA Exoplanet Archive spectra index
OBSERVED,ca4e54709652c5f6558a,HAT-P-3 b,eclipse,Deming et al. 2023,2023AJ....165..104D,,Spitzer Space Telescope satellite,Infrared Array Camera (IRAC),,not_provided_by_archive_index,"AOR = 31755008, date is start time.",04/41/60/45/HAT_P_3_b_3.11023_5869_27.tbl,1,3.6,3.6,NASA Exoplanet Archive spectra index
OBSERVED,30d8a5776affd03bdbbc,HAT-P-3 b,eclipse,Deming et al. 2023,2023AJ....165..104D,,Spitzer Space Telescope satellite,Infrared Array Camera (IRAC),,not_provided_by_archive_index,"AOR = 31749376, date is start time.",59/51/58/36/HAT_P_3_b_3.11023_5869_28.tbl,1,4.5,4.5,NASA Exoplanet Archive spectra index
OBSERVED,23c789884da1e1157e70,HAT-P-3 b,transmission,Ricci et al. 2017,2017PASP..129f4401R,,0.51m KPNO Visitor Center Telescope (KPNO-VCT) at Kitt Peak National Observatory (KPNO),CCD camera,,not_provided_by_archive_index,,13/60/41/30/HAT_P_3_b_3.11023_3991_1.tbl,2,0.4407,0.9222,NASA Exoplanet Archive spectra index
OBSERVED,5abc3cd4fbb36924b8e8,HAT-P-3 b,transmission,Ricci et al. 2017,2017PASP..129f4401R,,University of Monterrey (UDEM) 0.36m telescope at Observatorio de la Universidad de Monterrey,SBIG STL-1301E,,not_provided_by_archive_index,,32/02/92/72/HAT_P_3_b_3.11023_3991_4.tbl,1,0.7886,0.7886,NASA Exoplanet Archive spectra index
OBSERVED,0afa2475b657cfa3c01c,HAT-P-3 b,transmission,Ricci et al. 2017,2017PASP..129f4401R,,National Optical Astronomy Observatory (NOAO) 2.1 meter Telescope at Kitt Peak National Observatory (KPNO),FLAMINGOS,,not_provided_by_archive_index,,69/14/90/56/HAT_P_3_b_3.11023_3991_2.tbl,1,1.4085,1.4085,NASA Exoplanet Archive spectra index
OBSERVED,fabc2ac11dae37887edb,HAT-P-3 b,transmission,Ricci et al. 2017,2017PASP..129f4401R,,National Autonomous University of Mexico (UNAM) 0.84m Telescope at El Observatorio Astronomico Nacional/Sierra San Pedro Martir (OAN/SPM),MEXMAN,,not_provided_by_archive_index,,86/71/53/80/HAT_P_3_b_3.11023_3991_3.tbl,3,0.538,0.894,NASA Exoplanet Archive spectra index
OBSERVED,aa1f8078d83a5b63812f,HAT-P-30 b,eclipse,Garhart et al. 2020,2020AJ....159..137G,,Spitzer Space Telescope satellite,Infrared Array Camera (IRAC),,not_provided_by_archive_index,Table 1 & 6,58/71/57/58/HAT_P_30_b_3.11015_5410_2.tbl,2,3.6,4.5,NASA Exoplanet Archive spectra index
OBSERVED,2042c2cdafc98e5e26a6,HAT-P-30 b,eclipse,Deming et al. 2023,2023AJ....165..104D,,Spitzer Space Telescope satellite,Infrared Array Camera (IRAC),,not_provided_by_archive_index,"AOR = 42612736, date is start time.",07/68/55/41/HAT_P_30_b_3.11015_5869_81.tbl,1,3.6,3.6,NASA Exoplanet Archive spectra index
OBSERVED,b37439fc2b4f7f0a87db,HAT-P-30 b,eclipse,Deming et al. 2023,2023AJ....165..104D,,Spitzer Space Telescope satellite,Infrared Array Camera (IRAC),,not_provided_by_archive_index,"AOR = 42613504, date is start time.",16/71/94/15/HAT_P_30_b_3.11015_5869_82.tbl,1,4.5,4.5,NASA Exoplanet Archive spectra index
OBSERVED,507343c011e5b0e6237d,HAT-P-30 b,eclipse,Deming et al. 2023,2023AJ....165..104D,,Spitzer Space Telescope satellite,Infrared Array Camera (IRAC),,not_provided_by_archive_index,"AOR = 42612736, date is start time.",29/93/05/25/HAT_P_30_b_3.11015_5869_80.tbl,1,3.6,3.6,NASA Exoplanet Archive spectra index
OBSERVED,15f8b66bb09e15a955d3,HAT-P-30 b,eclipse,Deming et al. 2023,2023AJ....165..104D,,Spitzer Space Telescope satellite,Infrared Array Camera (IRAC),,not_provided_by_archive_index,"AOR = 42613504, date is start time.",91/41/09/50/HAT_P_30_b_3.11015_5869_83.tbl,1,4.5,4.5,NASA Exoplanet Archive spectra index
OBSERVED,4cb16bc9199998e7246c,HAT-P-30 b,transmission,Claringbold et al. 2026,2026MNRAS.546ag143C,,NASA 6.5m James Webb Space Telescope (JWST) Satellite Mission,Near Infrared Spectrograph (NIRSpec) - G395H,,not_provided_by_archive_index,Figure 2; Eureka! reduction; R=100,39/74/56/60/HAT_P_30_b_3.11015_6098_1.tbl,61,2.7765,5.1797,NASA Exoplanet Archive spectra index
OBSERVED,bd757c30b4500ab11a2b,HAT-P-30 b,transmission,Claringbold et al. 2026,2026MNRAS.546ag143C,,NASA 6.5m James Webb Space Telescope (JWST) Satellite Mission,Near Infrared Spectrograph (NIRSpec) - G395H,,not_provided_by_archive_index,Figure 2; Eureka! reduction; R=400,49/44/54/89/HAT_P_30_b_3.11015_6098_2.tbl,241,2.7662,5.1661,NASA Exoplanet Archive spectra index
OBSERVED,57c62238ea1d037d3c92,HAT-P-30 b,transmission,Claringbold et al. 2026,2026MNRAS.546ag143C,,NASA 6.5m James Webb Space Telescope (JWST) Satellite Mission,Near Infrared Spectrograph (NIRSpec) - G395H,,not_provided_by_archive_index,Figure 2; Tiberius reduction; R=400,56/39/89/31/HAT_P_30_b_3.11015_6098_4.tbl,241,2.7662,5.1661,NASA Exoplanet Archive spectra index
OBSERVED,1a2240f89513d931031d,HAT-P-30 b,transmission,Claringbold et al. 2026,2026MNRAS.546ag143C,,NASA 6.5m James Webb Space Telescope (JWST) Satellite Mission,Near Infrared Spectrograph (NIRSpec) - G395H,,not_provided_by_archive_index,Figure 2; Tiberius reduction; R=100,84/82/64/38/HAT_P_30_b_3.11015_6098_3.tbl,61,2.7765,5.1797,NASA Exoplanet Archive spectra index
OBSERVED,299e6f909e9f312d0466,HAT-P-32 b,eclipse,Zhao et al. 2014,2014ApJ...796..115Z,,Spitzer Space Telescope satellite,Infrared Array Camera (IRAC),,not_provided_by_archive_index,Table 2,27/28/23/68/HAT_P_32_b_3.11017_3465_1.tbl,2,3.6,4.5,NASA Exoplanet Archive spectra index
OBSERVED,e89e1d83f2045df90079,HAT-P-32 b,eclipse,Zhao et al. 2014,2014ApJ...796..115Z,,California Institute of Technology 5.1m (200inch) Hale Telescope at Palomar Observatory,Wide-field Infra-Red Camera (WIRC),,not_provided_by_archive_index,Table 2,51/55/23/57/HAT_P_32_b_3.11017_3465_2.tbl,2,1.635,2.15,NASA Exoplanet Archive spectra index
OBSERVED,d9fd96ace09d03fcd674,HAT-P-32 b,eclipse,Nikolov et al. 2018,2018MNRAS.474.1705N,,Hubble Space Telescope satellite,Wide Field Camera 3,,not_provided_by_archive_index,Table 2,62/15/92/44/HAT_P_32_b_3.11017_4196_1.tbl,14,1.142,1.625,NASA Exoplanet Archive spectra index
OBSERVED,ca3fc507613e527b2363,HAT-P-32 b,eclipse,Changeat et al. 2022,2022ApJS..260....3C,,Spitzer Space Telescope satellite,Infrared Array Camera (IRAC),,not_provided_by_archive_index,Figure 2,12/47/92/99/HAT_P_32_b_3.11017_5219_105.tbl,2,3.6,4.5,NASA Exoplanet Archive spectra index
OBSERVED,bc4d4ee934038b49c141,HAT-P-32 b,eclipse,Changeat et al. 2022,2022ApJS..260....3C,,Hubble Space Telescope satellite,Wide Field Camera 3,,not_provided_by_archive_index,Figure 2,75/27/14/57/HAT_P_32_b_3.11017_5219_104.tbl,25,1.1263,1.6295,NASA Exoplanet Archive spectra index
OBSERVED,411ef49281dc2cd753b4,HAT-P-32 b,eclipse,Deming et al. 2023,2023AJ....165..104D,,Spitzer Space Telescope satellite,Infrared Array Camera (IRAC),,not_provided_by_archive_index,"AOR = 42806016, date is start time.",14/88/29/56/HAT_P_32_b_3.11017_5869_84.tbl,1,3.6,3.6,NASA Exoplanet Archive spectra index
OBSERVED,3ffd917ad0cbe34ceb0c,HAT-P-32 b,eclipse,Deming et al. 2023,2023AJ....165..104D,,Spitzer Space Telescope satellite,Infrared Array Camera (IRAC),,not_provided_by_archive_index,"AOR = 44605440, date is start time.",92/70/56/59/HAT_P_32_b_3.11017_5869_85.tbl,1,4.5,4.5,NASA Exoplanet Archive spectra index
OBSERVED,afadaac8d7195cdd167d,HAT-P-32 b,transmission,Gibson et al. 2013,2013MNRAS.436.2974G,,Association of Universities for Research in Astronomy (AURA) 8.1m Frederick C. Gillett Gemini North Telescope at Mauna Kea Observatory,GMOS,,not_provided_by_archive_index,,63/30/37/70/HAT_P_32_b_3.11017_3612_1.tbl,29,0.5276,0.9255,NASA Exoplanet Archive spectra index
OBSERVED,e48c163be7dc7c9e8460,HAT-P-32 b,transmission,Mallonn &amp; Strassmeier 2016,2016A&A...590A.100M,,Large Binocular Telescope Observatory,MODS1,,not_provided_by_archive_index,,37/83/36/55/HAT_P_32_b_3.11017_3791_1.tbl,2,0.4475,0.7825,NASA Exoplanet Archive spectra index
OBSERVED,bd71729ed16c0391e239,HAT-P-32 b,transmission,Nortmann et al. 2016,2016A&A...594A..65N,,Gran Telescopio CANARIAS 10.4m telescope,OSIRIS,,not_provided_by_archive_index,,40/28/82/27/HAT_P_32_b_3.11017_3792_1.tbl,20,0.528,0.908,NASA Exoplanet Archive spectra index
OBSERVED,8a8e4fccf7fc9deea279,HAT-P-32 b,transmission,Mallonn et al. 2016,2016MNRAS.463..604M,,Multiple Observatories,Multiple Instruments,,not_provided_by_archive_index,,18/46/57/16/HAT_P_32_b_3.11017_3937_3.tbl,5,0.4407,0.6469,NASA Exoplanet Archive spectra index
OBSERVED,eae7572981e10f3298e6,HAT-P-32 b,transmission,Mallonn et al. 2016,2016MNRAS.463..604M,,Calar Alto Observatory's 2.2 meter Telescope,BUSCA,,not_provided_by_archive_index,,64/72/78/59/HAT_P_32_b_3.11017_3937_1.tbl,1,0.7886,0.7886,NASA Exoplanet Archive spectra index
OBSERVED,5252525f755ae318f026,HAT-P-32 b,transmission,Mallonn et al. 2016,2016MNRAS.463..604M,,Isaac Newton Group (ING) 4.2m William Herschel Telescope (WHT) at Observatorio del Roque de los Muchachos,ULTRACAM,,not_provided_by_archive_index,,81/56/61/78/HAT_P_32_b_3.11017_3937_4.tbl,2,0.3585,0.58,NASA Exoplanet Archive spectra index
OBSERVED,cf38b9dde390f52d620c,HAT-P-32 b,transmission,Mallonn et al. 2016,2016MNRAS.463..604M,,Fred Lawrence Whipple Observatory's 1.2 meter Telescope,KeplerCam,,not_provided_by_archive_index,,89/54/96/76/HAT_P_32_b_3.11017_3937_2.tbl,1,0.9222,0.9222,NASA Exoplanet Archive spectra index
OBSERVED,a7ce19ef769958dd3aae,HAT-P-32 b,transmission,Damiano et al. 2017,2017AJ....154...39D,,Hubble Space Telescope satellite,Wide Field Camera 3,,not_provided_by_archive_index,Table 3; G141 grism; Stripe-ICA,23/93/49/64/HAT_P_32_b_3.11017_6024_1.tbl,20,1.1381,1.6323,NASA Exoplanet Archive spectra index
OBSERVED,20cd04fcda651781bf90,HAT-P-32 b,transmission,Damiano et al. 2017,2017AJ....154...39D,,Hubble Space Telescope satellite,Wide Field Camera 3,,not_provided_by_archive_index,Table 3; G141 grism; UCL Pipeline,69/72/21/91/HAT_P_32_b_3.11017_6024_2.tbl,20,1.1381,1.6323,NASA Exoplanet Archive spectra index
OBSERVED,d2ff102d466df36346ad,HAT-P-32 b,transmission,Alam et al. 2020,2020AJ....160...51A,,Hubble Space Telescope satellite,Wide Field Camera 3,,not_provided_by_archive_index,from Table 3; Figure 9; F139M filter; G141 grism,03/63/60/61/HAT_P_32_A_b_3.11017_6077_2.tbl,19,1.133,1.635,NASA Exoplanet Archive spectra index
OBSERVED,1bf7adc2a1a258724d26,HAT-P-32 b,transmission,Alam et al. 2020,2020AJ....160...51A,,Hubble Space Telescope satellite,Space Telescope Imaging Spectrograph,,not_provided_by_archive_index,from Table 3; Figure 9; G430L & G750L; R~500,60/23/55/75/HAT_P_32_A_b_3.11017_6077_1.tbl,30,0.31,0.985,NASA Exoplanet Archive spectra index
OBSERVED,eadb527d5cea7e595b60,HAT-P-32 b,transmission,Alam et al. 2020,2020AJ....160...51A,,Spitzer Space Telescope satellite,Infrared Array Camera (IRAC),,not_provided_by_archive_index,from Table 3; Figure 9; Channels 1 & 2,80/24/35/01/HAT_P_32_A_b_3.11017_6077_3.tbl,2,3.6,4.5,NASA Exoplanet Archive spectra index
OBSERVED,8a73581c77d1a0e48aa2,HAT-P-32 b,transmission,Baxter et al. 2021,2021A&A...648A.127B,,Spitzer Space Telescope satellite,Infrared Array Camera (IRAC),,not_provided_by_archive_index,from Table 4,45/98/57/67/HAT_P_32_b_3.11017_6099_1.tbl,2,3.6,4.5,NASA Exoplanet Archive spectra index
OBSERVED,f6963bd398f0bf854fbc,HAT-P-32 b,transmission,Changeat et al. 2022,2022ApJS..260....3C,,Hubble Space Telescope satellite,Wide Field Camera 3,,not_provided_by_archive_index,Figure 2,04/17/09/01/HAT_P_32_b_3.11017_5219_41.tbl,25,1.1263,1.6295,NASA Exoplanet Archive spectra index
OBSERVED,dfd583ddec3f6bede9bc,HAT-P-33 b,eclipse,Garhart et al. 2020,2020AJ....159..137G,,Spitzer Space Telescope satellite,Infrared Array Camera (IRAC),,not_provided_by_archive_index,Table 1 & 6,24/17/25/97/HAT_P_33_b_3.11018_5410_3.tbl,2,3.6,4.5,NASA Exoplanet Archive spectra index
OBSERVED,fcbd30e1cfc401de2001,HAT-P-33 b,eclipse,Deming et al. 2023,2023AJ....165..104D,,Spitzer Space Telescope satellite,Infrared Array Camera (IRAC),,not_provided_by_archive_index,"AOR = 51838720, date is start time.",12/80/51/38/HAT_P_33_b_3.11018_5869_87.tbl,1,4.5,4.5,NASA Exoplanet Archive spectra index
OBSERVED,cfc33ebf2ece083eae99,HAT-P-33 b,eclipse,Deming et al. 2023,2023AJ....165..104D,,Spitzer Space Telescope satellite,Infrared Array Camera (IRAC),,not_provided_by_archive_index,"AOR = 62151424, date is start time.",39/64/11/14/HAT_P_33_b_3.11018_5869_86.tbl,1,3.6,3.6,NASA Exoplanet Archive spectra index
OBSERVED,db9cf18551338b803f75,HAT-P-34 b,eclipse,Deming et al. 2023,2023AJ....165..104D,,Spitzer Space Telescope satellite,Infrared Array Camera (IRAC),,not_provided_by_archive_index,"AOR = 51823104, date is start time.",16/76/89/01/HAT_P_34_b_3.11019_5869_88.tbl,1,4.5,4.5,NASA Exoplanet Archive spectra index
OBSERVED,5475a0c290c63e5ade4f,HAT-P-38 b,eclipse,Wallack et al. 2021,2021AJ....162...36W,,Spitzer Space Telescope satellite,Infrared Array Camera (IRAC),,not_provided_by_archive_index,from Table 3,46/84/90/79/HAT_P_38_b_3.11548_6079_1.tbl,2,3.6,4.5,NASA Exoplanet Archive spectra index
OBSERVED,a58c48d96fecd71755cb,HAT-P-38 b,eclipse,Deming et al. 2023,2023AJ....165..104D,,Spitzer Space Telescope satellite,Infrared Array Camera (IRAC),,not_provided_by_archive_index,"AOR = 58241024, date is start time.",24/52/54/90/HAT_P_38_b_3.11548_5869_90.tbl,1,3.6,3.6,NASA Exoplanet Archive spectra index
OBSERVED,34d9205cd72588c1cc6d,HAT-P-38 b,eclipse,Deming et al. 2023,2023AJ....165..104D,,Spitzer Space Telescope satellite,Infrared Array Camera (IRAC),,not_provided_by_archive_index,"AOR = 58241280, date is start time.",44/45/87/30/HAT_P_38_b_3.11548_5869_92.tbl,1,4.5,4.5,NASA Exoplanet Archive spectra index
OBSERVED,0c5841498a0dc0dd8450,HAT-P-38 b,eclipse,Deming et al. 2023,2023AJ....165..104D,,Spitzer Space Telescope satellite,Infrared Array Camera (IRAC),,not_provided_by_archive_index,"AOR = 58238976, date is start time.",44/49/28/84/HAT_P_38_b_3.11548_5869_89.tbl,1,3.6,3.6,NASA Exoplanet Archive spectra index
OBSERVED,38e88b582be99931fa6b,HAT-P-38 b,eclipse,Deming et al. 2023,2023AJ....165..104D,,Spitzer Space Telescope satellite,Infrared Array Camera (IRAC),,not_provided_by_archive_index,"AOR = 58238464, date is start time.",86/04/54/22/HAT_P_38_b_3.11548_5869_91.tbl,1,4.5,4.5,NASA Exoplanet Archive spectra index
OBSERVED,ba20e25793958453594b,HAT-P-4 b,eclipse,Christiansen et al. 2011,2011ApJ...726...94C,,Deep Impact spacecraft,High Resolution Imager (HRI),,not_provided_by_archive_index,Table 6,06/69/78/74/HAT_P_4_b_3.11024_3153_1.tbl,1,0.65,0.65,NASA Exoplanet Archive spectra index
OBSERVED,c4cfdd299f342971f870,HAT-P-4 b,eclipse,Todorov et al. 2013,2013ApJ...770..102T,,Spitzer Space Telescope satellite,Infrared Array Camera (IRAC),,not_provided_by_archive_index,Table 5,23/95/72/26/HAT_P_4_b_3.11024_4109_1.tbl,2,3.6,4.5,NASA Exoplanet Archive spectra index
OBSERVED,6645833a1d15aebfc016,HAT-P-4 b,eclipse,Deming et al. 2023,2023AJ....165..104D,,Spitzer Space Telescope satellite,Infrared Array Camera (IRAC),,not_provided_by_archive_index,"AOR = 31749888, date is start time.",34/45/41/06/HAT_P_4_b_3.11024_5869_30.tbl,1,4.5,4.5,NASA Exoplanet Archive spectra index
OBSERVED,0d19ad4ff692fd9745f8,HAT-P-4 b,eclipse,Deming et al. 2023,2023AJ....165..104D,,Spitzer Space Telescope satellite,Infrared Array Camera (IRAC),,not_provided_by_archive_index,"AOR = 31756288, date is start time.",98/79/58/24/HAT_P_4_b_3.11024_5869_29.tbl,1,3.6,3.6,NASA Exoplanet Archive spectra index
OBSERVED,115cac4216e8b7a259c4,HAT-P-40 b,eclipse,Garhart et al. 2020,2020AJ....159..137G,,Spitzer Space Telescope satellite,Infrared Array Camera (IRAC),,not_provided_by_archive_index,Table 1 & 6,77/55/58/62/HAT_P_40_b_3.11533_5410_4.tbl,2,3.6,4.5,NASA Exoplanet Archive spectra index
OBSERVED,3e176d8a31b596c232e5,HAT-P-40 b,eclipse,Deming et al. 2023,2023AJ....165..104D,,Spitzer Space Telescope satellite,Infrared Array Camera (IRAC),,not_provided_by_archive_index,"AOR = 62151936, date is start time.",37/53/74/04/HAT_P_40_b_3.11533_5869_94.tbl,1,4.5,4.5,NASA Exoplanet Archive spectra index
OBSERVED,a1979d9fa929eae07445,HAT-P-40 b,eclipse,Deming et al. 2023,2023AJ....165..104D,,Spitzer Space Telescope satellite,Infrared Array Camera (IRAC),,not_provided_by_archive_index,"AOR = 51832064, date is start time.",69/33/40/24/HAT_P_40_b_3.11533_5869_93.tbl,1,3.6,3.6,NASA Exoplanet Archive spectra index
OBSERVED,ef8d76006d063b6d2076,HAT-P-41 b,eclipse,Garhart et al. 2020,2020AJ....159..137G,,Spitzer Space Telescope satellite,Infrared Array Camera (IRAC),,not_provided_by_archive_index,Table 1 & 6,90/85/53/40/HAT_P_41_b_3.11534_5410_5.tbl,2,3.6,4.5,NASA Exoplanet Archive spectra index
OBSERVED,2e4fd0f76e36b872535b,HAT-P-41 b,eclipse,Mansfield et al. 2021,2021NatAs...5.1224M,,Hubble Space Telescope satellite,Wide Field Camera 3,,not_provided_by_archive_index,Supplementary Table 5,27/71/33/23/HAT_P_41_b_3.11534_5227_1.tbl,14,1.139,1.64,NASA Exoplanet Archive spectra index
OBSERVED,663b954fffec7fd6abc7,HAT-P-41 b,eclipse,Fu et al. 2022,2022AJ....163..190F,,Spitzer Space Telescope satellite,Infrared Array Camera (IRAC),,not_provided_by_archive_index,Table 2,75/96/70/83/HAT_P_41_b_3.11534_5243_2.tbl,2,3.6,4.5,NASA Exoplanet Archive spectra index
OBSERVED,322558cd38f0e9d8374c,HAT-P-41 b,eclipse,Fu et al. 2022,2022AJ....163..190F,,Hubble Space Telescope satellite,Wide Field Camera 3,,not_provided_by_archive_index,Table 2,79/57/67/41/HAT_P_41_b_3.11534_5243_1.tbl,15,1.1137,1.6345,NASA Exoplanet Archive spectra index
OBSERVED,39e2d810b112c095329e,HAT-P-41 b,eclipse,Changeat et al. 2022,2022ApJS..260....3C,,Spitzer Space Telescope satellite,Infrared Array Camera (IRAC),,not_provided_by_archive_index,Figure 2,04/47/39/71/HAT_P_41_b_3.11534_5219_107.tbl,2,3.6,4.5,NASA Exoplanet Archive spectra index
OBSERVED,85afb01defa1f9bb2d9d,HAT-P-41 b,eclipse,Changeat et al. 2022,2022ApJS..260....3C,,Hubble Space Telescope satellite,Wide Field Camera 3,,not_provided_by_archive_index,Figure 2,32/42/01/32/HAT_P_41_b_3.11534_5219_106.tbl,25,1.1263,1.6295,NASA Exoplanet Archive spectra index
OBSERVED,57021fd8934f6b596eb7,HAT-P-41 b,eclipse,Deming et al. 2023,2023AJ....165..104D,,Spitzer Space Telescope satellite,Infrared Array Camera (IRAC),,not_provided_by_archive_index,"AOR = 51840512, date is start time.",54/56/26/85/HAT_P_41_b_3.11534_5869_95.tbl,1,3.6,3.6,NASA Exoplanet Archive spectra index
OBSERVED,9b572c29802a1ec746ae,HAT-P-41 b,eclipse,Deming et al. 2023,2023AJ....165..104D,,Spitzer Space Telescope satellite,Infrared Array Camera (IRAC),,not_provided_by_archive_index,"AOR = 51838464, date is start time.",58/05/48/21/HAT_P_41_b_3.11534_5869_96.tbl,1,4.5,4.5,NASA Exoplanet Archive spectra index
OBSERVED,007a42e3d58bf9632f7a,HAT-P-41 b,transmission,Wakeford et al. 2020,2020AJ....159..204W,,Hubble Space Telescope satellite,Wide Field Camera 3,,not_provided_by_archive_index,,27/31/89/55/HAT_P_41_b_3.11534_4599_1.tbl,59,0.205,0.785,NASA Exoplanet Archive spectra index
OBSERVED,8353523f6bea9d2bf74a,HAT-P-41 b,transmission,Baxter et al. 2021,2021A&A...648A.127B,,Spitzer Space Telescope satellite,Infrared Array Camera (IRAC),,not_provided_by_archive_index,from Table 4,49/50/05/57/HAT_P_41_b_3.11534_6099_1.tbl,2,3.6,4.5,NASA Exoplanet Archive spectra index
OBSERVED,ad727be2f40a4f1b9ec4,HAT-P-41 b,transmission,Sheppard et al. 2021,2021AJ....161...51S,,Hubble Space Telescope satellite,Space Telescope Imaging Spectrograph,,not_provided_by_archive_index,Table 6; G750L grism; R~500; visit 85,17/59/28/25/HAT_P_41_b_3.11534_6003_2.tbl,17,0.541,0.907,NASA Exoplanet Archive spectra index
OBSERVED,94e1e1b19d66c5d4ba77,HAT-P-41 b,transmission,Sheppard et al. 2021,2021AJ....161...51S,,Hubble Space Telescope satellite,Wide Field Camera 3,,not_provided_by_archive_index,Table 6; G141 prism; R~150,19/11/96/10/HAT_P_41_b_3.11534_6003_3.tbl,29,1.132,1.652,NASA Exoplanet Archive spectra index
OBSERVED,84ad5cd9d7af269863a5,HAT-P-41 b,transmission,Sheppard et al. 2021,2021AJ....161...51S,,Spitzer Space Telescope satellite,Infrared Array Camera (IRAC),,not_provided_by_archive_index,Table 6,75/69/13/87/HAT_P_41_b_3.11534_6003_4.tbl,2,3.6,4.5,NASA Exoplanet Archive spectra index
OBSERVED,a735b7c18e102b8d3dbb,HAT-P-41 b,transmission,Sheppard et al. 2021,2021AJ....161...51S,,Hubble Space Telescope satellite,Space Telescope Imaging Spectrograph,,not_provided_by_archive_index,Table 6; G430L grism; R~500; visit 83 and 84,79/32/39/05/HAT_P_41_b_3.11534_6003_1.tbl,30,0.32,0.566,NASA Exoplanet Archive spectra index
OBSERVED,f783ac09cbfcbd12009c,HAT-P-41 b,transmission,Changeat et al. 2022,2022ApJS..260....3C,,Hubble Space Telescope satellite,Wide Field Camera 3,,not_provided_by_archive_index,Figure 2,15/92/11/60/HAT_P_41_b_3.11534_5219_42.tbl,25,1.1263,1.6295,NASA Exoplanet Archive spectra index
OBSERVED,ed34ec6d9c66c9f46089,HAT-P-44 b,transmission,Claringbold et al. 2026,2026MNRAS.547ag384C,,Isaac Newton Group (ING) 4.2m William Herschel Telescope (WHT) at Observatorio del Roque de los Muchachos,ACAM,,not_provided_by_archive_index,Figure 9; night 1,23/44/70/62/HAT_P_44_b_3.11676_6004_1.tbl,20,0.505,0.864,NASA Exoplanet Archive spectra index
OBSERVED,b8cd9774392b6509b802,HAT-P-44 b,transmission,Claringbold et al. 2026,2026MNRAS.547ag384C,,Isaac Newton Group (ING) 4.2m William Herschel Telescope (WHT) at Observatorio del Roque de los Muchachos,ACAM,,not_provided_by_archive_index,Figure 9; night 2,98/38/78/48/HAT_P_44_b_3.11676_6004_2.tbl,20,0.505,0.864,NASA Exoplanet Archive spectra index
OBSERVED,329cb56c3d7000fbf5e0,HAT-P-5 b,eclipse,Wallack et al. 2021,2021AJ....162...36W,,Spitzer Space Telescope satellite,Infrared Array Camera (IRAC),,not_provided_by_archive_index,from Table 3,56/14/92/16/HAT_P_5_b_3.11025_6079_1.tbl,2,3.6,4.5,NASA Exoplanet Archive spectra index
OBSERVED,94da03987a4eebd1ab16,HAT-P-5 b,eclipse,Deming et al. 2023,2023AJ....165..104D,,Spitzer Space Telescope satellite,Infrared Array Camera (IRAC),,not_provided_by_archive_index,"AOR = 31757056, date is start time.",47/49/90/40/HAT_P_5_b_3.11025_5869_31.tbl,1,3.6,3.6,NASA Exoplanet Archive spectra index
OBSERVED,f6c593c13b88a674a107,HAT-P-5 b,eclipse,Deming et al. 2023,2023AJ....165..104D,,Spitzer Space Telescope satellite,Infrared Array Camera (IRAC),,not_provided_by_archive_index,"AOR = 31751424, date is start time.",93/77/57/66/HAT_P_5_b_3.11025_5869_32.tbl,1,4.5,4.5,NASA Exoplanet Archive spectra index
OBSERVED,07801fc657869a5cb2a3,HAT-P-51 b,transmission,Kang et al. 2024,2024MNRAS.528.1930K,,"1.52 m Telescopio Carlos Sanchez, Teide Observatory",MuSCAT2,,not_provided_by_archive_index,Table 3,05/08/17/01/HAT_P_51_b_3.11821_5293_1.tbl,4,0.475,0.87,NASA Exoplanet Archive spectra index
OBSERVED,b70730ff15816ae84d2b,HAT-P-55 b,transmission,Kang et al. 2024,2024MNRAS.528.1930K,,"1.52 m Telescopio Carlos Sanchez, Teide Observatory",MuSCAT2,,not_provided_by_archive_index,Table 3,95/40/29/99/HAT_P_55_b_3.11770_5293_1.tbl,4,0.475,0.87,NASA Exoplanet Archive spectra index
OBSERVED,0b5e3f2052e783dac02b,HAT-P-57 b,transmission,Jiang et al. 2023,2023A&A...675A..62J,,Gran Telescopio CANARIAS 10.4m telescope,OSIRIS,,not_provided_by_archive_index,,90/15/74/52/HAT_P_57_b_3.11818_5312_1.tbl,40,0.53,0.92,NASA Exoplanet Archive spectra index
OBSERVED,07168daedcd39f2d832e,HAT-P-6 b,eclipse,Todorov et al. 2012,2012ApJ...746..111T,,Spitzer Space Telescope satellite,Infrared Array Camera (IRAC),,not_provided_by_archive_index,"Table 4 (eclip depth), Table 5 (bright temp)",23/57/16/69/HAT_P_6_b_3.11026_3155_1.tbl,2,3.6,4.5,NASA Exoplanet Archive spectra index
OBSERVED,5ad60c5860308bba5559,HAT-P-6 b,eclipse,Deming et al. 2023,2023AJ....165..104D,,Spitzer Space Telescope satellite,Infrared Array Camera (IRAC),,not_provided_by_archive_index,"AOR = 31751680, date is start time.",35/58/22/85/HAT_P_6_b_3.11026_5869_34.tbl,1,4.5,4.5,NASA Exoplanet Archive spectra index
OBSERVED,3a6922b0610025c90684,HAT-P-6 b,eclipse,Deming et al. 2023,2023AJ....165..104D,,Spitzer Space Telescope satellite,Infrared Array Camera (IRAC),,not_provided_by_archive_index,"AOR = 31758592, date is start time.",46/15/11/26/HAT_P_6_b_3.11026_5869_33.tbl,1,3.6,3.6,NASA Exoplanet Archive spectra index
OBSERVED,9b567641ac51091690e3,HAT-P-6 b,transmission,Corrales et al. 2021,2021AJ....162..287C,,The Neil Gehrels Swift Observatory,UVOT,,not_provided_by_archive_index,from table 4; uvm2 filter,38/71/74/21/HAT_P_6_b_3.11026_6068_1.tbl,1,0.2246,0.2246,NASA Exoplanet Archive spectra index
OBSERVED,07583a7e5f8a6d2103c5,HAT-P-65 b,transmission,Kang et al. 2024,2024MNRAS.528.1930K,,"1.52 m Telescopio Carlos Sanchez, Teide Observatory",MuSCAT2,,not_provided_by_archive_index,Table 3,81/72/13/66/HAT_P_65_b_3.11935_5293_1.tbl,4,0.475,0.87,NASA Exoplanet Archive spectra index
OBSERVED,e7196675cf6e2e8308c7,HAT-P-7 b,eclipse,Christiansen et al. 2010,2010ApJ...710...97C,,Spitzer Space Telescope satellite,Infrared Array Camera (IRAC),,not_provided_by_archive_index,Table 3,75/85/79/47/HAT_P_7_b_3.8_4083_1.tbl,4,3.6,8,NASA Exoplanet Archive spectra index
OBSERVED,e72382587deb790c704e,HAT-P-7 b,eclipse,Wong et al. 2016,2016ApJ...823..122W,,Spitzer Space Telescope satellite,Infrared Array Camera (IRAC),,not_provided_by_archive_index,From abstract,22/34/64/96/HAT_P_7_b_3.8_3855_2.tbl,2,3.6,4.5,NASA Exoplanet Archive spectra index
OBSERVED,4283bfe58eb5432a3133,HAT-P-7 b,eclipse,Changeat et al. 2022,2022ApJS..260....3C,,Hubble Space Telescope satellite,Wide Field Camera 3,,not_provided_by_archive_index,Figure 2,15/84/82/35/HAT_P_7_b_3.8_5219_110.tbl,25,1.1263,1.6295,NASA Exoplanet Archive spectra index
OBSERVED,7c6f5eab5dff09bb2966,HAT-P-7 b,eclipse,Changeat et al. 2022,2022ApJS..260....3C,,Spitzer Space Telescope satellite,Infrared Array Camera (IRAC),,not_provided_by_archive_index,Figure 2,71/60/35/23/HAT_P_7_b_3.8_5219_111.tbl,4,3.6,8,NASA Exoplanet Archive spectra index
OBSERVED,38287365ac096b01b245,HAT-P-7 b,eclipse,Deming et al. 2023,2023AJ....165..104D,,Spitzer Space Telescope satellite,Infrared Array Camera (IRAC),,not_provided_by_archive_index,"AOR = 40268800, date is start time.",27/51/24/85/HAT_P_7_b_3.8_5869_40.tbl,1,4.5,4.5,NASA Exoplanet Archive spectra index
OBSERVED,06ad292c89cdc67f5db4,HAT-P-7 b,eclipse,Deming et al. 2023,2023AJ....165..104D,,Spitzer Space Telescope satellite,Infrared Array Camera (IRAC),,not_provided_by_archive_index,"AOR = 40247808, date is start time.",35/55/74/33/HAT_P_7_b_3.8_5869_37.tbl,1,3.6,3.6,NASA Exoplanet Archive spectra index
OBSERVED,2ea1cc7b016334d46fe9,HAT-P-7 b,eclipse,Deming et al. 2023,2023AJ....165..104D,,Spitzer Space Telescope satellite,Infrared Array Camera (IRAC),,not_provided_by_archive_index,"AOR = 28566784, date is start time.",62/49/53/13/HAT_P_7_b_3.8_5869_38.tbl,1,4.5,4.5,NASA Exoplanet Archive spectra index
OBSERVED,24ad2b935a27c29cfb4c,HAT-P-7 b,eclipse,Deming et al. 2023,2023AJ....165..104D,,Spitzer Space Telescope satellite,Infrared Array Camera (IRAC),,not_provided_by_archive_index,"AOR = 28579072, date is start time.",75/10/29/56/HAT_P_7_b_3.8_5869_35.tbl,1,3.6,3.6,NASA Exoplanet Archive spectra index
OBSERVED,d3211d78983795bd0efe,HAT-P-7 b,eclipse,Deming et al. 2023,2023AJ....165..104D,,Spitzer Space Telescope satellite,Infrared Array Camera (IRAC),,not_provided_by_archive_index,"AOR = 40247296, date is start time.",78/76/08/56/HAT_P_7_b_3.8_5869_36.tbl,1,3.6,3.6,NASA Exoplanet Archive spectra index
OBSERVED,de773249c289ced0c62a,HAT-P-7 b,eclipse,Deming et al. 2023,2023AJ....165..104D,,Spitzer Space Telescope satellite,Infrared Array Camera (IRAC),,not_provided_by_archive_index,"AOR = 40268288, date is start time.",90/27/83/78/HAT_P_7_b_3.8_5869_39.tbl,1,4.5,4.5,NASA Exoplanet Archive spectra index
OBSERVED,62e126e3a306cb910a00,HAT-P-7 b,transmission,Wong et al. 2016,2016ApJ...823..122W,,Spitzer Space Telescope satellite,Infrared Array Camera (IRAC),,not_provided_by_archive_index,From Table 4,81/42/72/97/HAT_P_7_b_3.8_3855_1.tbl,2,3.6,4.5,NASA Exoplanet Archive spectra index
OBSERVED,4df56832f4cdcc16b1b8,HAT-P-7 b,transmission,Changeat et al. 2022,2022ApJS..260....3C,,Hubble Space Telescope satellite,Wide Field Camera 3,,not_provided_by_archive_index,Figure 2,35/61/43/20/HAT_P_7_b_3.8_5219_43.tbl,25,1.1263,1.6295,NASA Exoplanet Archive spectra index
OBSERVED,a496ec0a5ca55ed3ad22,HAT-P-7 b,transmission,Edwards et al. 2023,2023ApJS..269...31E,,Hubble Space Telescope satellite,Wide Field Camera 3,,not_provided_by_archive_index,G141,17/05/07/90/HAT_P_7_b_3.8_5286_44.tbl,25,1.1262,1.6295,NASA Exoplanet Archive spectra index
OBSERVED,5a58d96bd5a729820ea4,HAT-P-70 b,eclipse,Changeat et al. 2022,2022ApJS..260....3C,,Hubble Space Telescope satellite,Wide Field Camera 3,,not_provided_by_archive_index,Figure 2,45/87/00/24/HAT_P_70_b_3.12414_5219_108.tbl,25,1.1263,1.6295,NASA Exoplanet Archive spectra index
OBSERVED,d68e1de85478b94d43b3,HAT-P-8 b,eclipse,Todorov et al. 2012,2012ApJ...746..111T,,Spitzer Space Telescope satellite,Infrared Array Camera (IRAC),,not_provided_by_archive_index,"Table 4 (eclip depth), Table 5 (bright temp)",39/12/94/22/HAT_P_8_b_3.11027_3155_1.tbl,2,3.6,4.5,NASA Exoplanet Archive spectra index
OBSERVED,3e30b1f6137fee9b15b2,HAT-P-8 b,eclipse,Deming et al. 2023,2023AJ....165..104D,,Spitzer Space Telescope satellite,Infrared Array Camera (IRAC),,not_provided_by_archive_index,"AOR = 36785664, date is start time.",60/21/26/78/HAT_P_8_b_3.11027_5869_42.tbl,1,4.5,4.5,NASA Exoplanet Archive spectra index
OBSERVED,e99689a6c61ee43465d2,HAT-P-8 b,eclipse,Deming et al. 2023,2023AJ....165..104D,,Spitzer Space Telescope satellite,Infrared Array Camera (IRAC),,not_provided_by_archive_index,"AOR = 36787456, date is start time.",84/14/84/49/HAT_P_8_b_3.11027_5869_41.tbl,1,3.6,3.6,NASA Exoplanet Archive spectra index
OBSERVED,078b9116f8d7ac23d899,HATS-2 b,transmission,Biagiotti et al. 2024,2024A&A...685A.131B,,Danish 1.54m telescope at European Southern Observatory,DFOSC,,not_provided_by_archive_index,"from text, Section 6",35/96/12/75/HATS_2_b_3.11618_5348_2.tbl,2,0.6489,0.82,NASA Exoplanet Archive spectra index
OBSERVED,366d90a5e5e8ec6e7be2,HATS-2 b,transmission,Biagiotti et al. 2024,2024A&A...685A.131B,,Max Planck Gesellschaft 2.2 meter Telescope at European Southern Observatory,GROND,,not_provided_by_archive_index,"from text, Section 6",76/52/05/37/HATS_2_b_3.11618_5348_1.tbl,4,0.477,0.9134,NASA Exoplanet Archive spectra index
OBSERVED,3481a8f450bbf1957bd9,HATS-7 b,transmission,Baxter et al. 2021,2021A&A...648A.127B,,Spitzer Space Telescope satellite,Infrared Array Camera (IRAC),,not_provided_by_archive_index,from Table 4,48/83/66/81/HATS_7_b_3.12160_6099_1.tbl,2,3.6,4.5,NASA Exoplanet Archive spectra index
OBSERVED,3458f8fc60938dbce897,HD 106315 c,transmission,Guilluy et al. 2021,2021AJ....161...19G,,Hubble Space Telescope satellite,Wide Field Camera 3,,not_provided_by_archive_index,Table 5,89/23/46/36/HD_106315_c_3.11995_5360_1.tbl,25,1.1262,1.6295,NASA Exoplanet Archive spectra index
OBSERVED,860eb10fd9356ec89efc,HD 106315 c,transmission,Kreidberg et al. 2022,2022AJ....164..124K,,The Kepler Mission,Kepler CCD Array,,not_provided_by_archive_index,Table 1,48/49/12/24/HD_106315_c_3.11995_6000_2.tbl,1,0.66,0.66,NASA Exoplanet Archive spectra index
OBSERVED,9295a4da691e78d17a96,HD 106315 c,transmission,Kreidberg et al. 2022,2022AJ....164..124K,,Hubble Space Telescope satellite,Wide Field Camera 3,,not_provided_by_archive_index,Table 1,75/03/63/68/HD_106315_c_3.11995_6000_1.tbl,21,1.138,1.638,NASA Exoplanet Archive spectra index
OBSERVED,672c28826f32207167b6,HD 106315 c,transmission,Kreidberg et al. 2022,2022AJ....164..124K,,Spitzer Space Telescope satellite,Infrared Array Camera (IRAC),,not_provided_by_archive_index,Table 1,89/75/15/93/HD_106315_c_3.11995_6000_3.tbl,1,4.5,4.5,NASA Exoplanet Archive spectra index
OBSERVED,47731ac43abc1cd51dfc,HD 143811 AB b,direct imaging,Jones et al. 2025,2025ApJ...995L..41J,,Association of Universities for Research in Astronomy (AURA) 8.1m Gemini South Telescope at Cerro Pachon,Gemini Planet Imager (GPI),,not_provided_by_archive_index,"Figure 3, Table B1",63/22/60/66/HD_143811_b_3.20499_5857_1.tbl,34,1.51,1.773,NASA Exoplanet Archive spectra index
OBSERVED,0c17fb27f9658baabef1,HD 145675 c,direct imaging,Bardalez Gagliuffi et al. 2025,2025ApJ...988L..18B,,NASA 6.5m James Webb Space Telescope (JWST) Satellite Mission,Near Infrared Camera (NIRCam),,not_provided_by_archive_index,Data from Section 2.2; F200W and F444W filters; date is start time,83/94/38/60/14_Her_c_3.12723_5946_1.tbl,2,1.991,4.432,NASA Exoplanet Archive spectra index
OBSERVED,2833e47fa6883d366ed2,HD 149026 b,eclipse,Harrington et al. 2007,2007Natur.447..691H,,Spitzer Space Telescope satellite,Infrared Array Camera (IRAC),,not_provided_by_archive_index,,46/16/27/60/HD_149026_b_3.11121_4073_1.tbl,1,8,8,NASA Exoplanet Archive spectra index
OBSERVED,71d67faf31b6f805e30f,HD 149026 b,eclipse,Stevenson et al. 2012,2012ApJ...754..136S,,Spitzer Space Telescope satellite,Infrared Array Camera (IRAC),,not_provided_by_archive_index,eclipse depth taken from Abstract,78/32/46/03/HD_149026_b_3.11121_4105_1.tbl,5,3.6,16,NASA Exoplanet Archive spectra index
OBSERVED,125f061bfd26760be87c,HD 149026 b,eclipse,Zhang et al. 2018,2018AJ....155...83Z,,Spitzer Space Telescope satellite,Infrared Array Camera (IRAC),,not_provided_by_archive_index,"from Table 2, 5",81/97/26/05/HD_149026_b_3.11121_4779_1.tbl,2,3.6,4.5,NASA Exoplanet Archive spectra index
OBSERVED,1e865bc53eafea1b7e04,HD 149026 b,eclipse,Deming et al. 2023,2023AJ....165..104D,,Spitzer Space Telescope satellite,Infrared Array Camera (IRAC),,not_provided_by_archive_index,"AOR = 42019328, date is start time.",10/77/90/55/HD_149026_b_3.11121_5869_101.tbl,1,4.5,4.5,NASA Exoplanet Archive spectra index
OBSERVED,4a91f52c90aa3883c834,HD 149026 b,eclipse,Deming et al. 2023,2023AJ....165..104D,,Spitzer Space Telescope satellite,Infrared Array Camera (IRAC),,not_provided_by_archive_index,"AOR = 42018304, date is start time.",17/38/40/83/HD_149026_b_3.11121_5869_98.tbl,1,3.6,3.6,NASA Exoplanet Archive spectra index
OBSERVED,b02aaa840c92c2a545ec,HD 149026 b,eclipse,Deming et al. 2023,2023AJ....165..104D,,Spitzer Space Telescope satellite,Infrared Array Camera (IRAC),,not_provided_by_archive_index,"AOR = 22378496, date is start time.",46/95/24/62/HD_149026_b_3.11121_5869_100.tbl,1,4.5,4.5,NASA Exoplanet Archive spectra index
OBSERVED,e7baa4185c879d47dfb4,HD 149026 b,eclipse,Deming et al. 2023,2023AJ....165..104D,,Spitzer Space Telescope satellite,Infrared Array Camera (IRAC),,not_provided_by_archive_index,"AOR = 42020096, date is start time.",53/49/83/62/HD_149026_b_3.11121_5869_102.tbl,1,4.5,4.5,NASA Exoplanet Archive spectra index
OBSERVED,62382b2b027b8781a2cf,HD 149026 b,eclipse,Deming et al. 2023,2023AJ....165..104D,,Spitzer Space Telescope satellite,Infrared Array Camera (IRAC),,not_provided_by_archive_index,"AOR = 42019072, date is start time.",84/94/06/28/HD_149026_b_3.11121_5869_99.tbl,1,3.6,3.6,NASA Exoplanet Archive spectra index
OBSERVED,4ee5d3cef409a5531980,HD 149026 b,eclipse,Deming et al. 2023,2023AJ....165..104D,,Spitzer Space Telescope satellite,Infrared Array Camera (IRAC),,not_provided_by_archive_index,"AOR = 22377728, date is start time.",85/06/19/82/HD_149026_b_3.11121_5869_97.tbl,1,3.6,3.6,NASA Exoplanet Archive spectra index
OBSERVED,2251cd12f8190b7755f4,HD 149026 b,eclipse,Bean et al. 2023,2023Natur.618...43B,,NASA 6.5m James Webb Space Telescope (JWST) Satellite Mission,Near Infrared Camera (NIRCam),,not_provided_by_archive_index,,44/67/39/09/HD_149026_b_3.11121_5160_1.tbl,140,2.36,5.02,NASA Exoplanet Archive spectra index
OBSERVED,787aa069996709bdb9af,HD 149026 b,transmission,Zhang et al. 2018,2018AJ....155...83Z,,Spitzer Space Telescope satellite,Infrared Array Camera (IRAC),,not_provided_by_archive_index,from Table 2,49/83/54/48/HD_149026_b_3.11121_4779_2.tbl,2,3.6,4.5,NASA Exoplanet Archive spectra index
OBSERVED,cc3ced90e4bc258f3f08,HD 15337 c,transmission,Wallack et al. 2026,2026AJ....171..180W,,NASA 6.5m James Webb Space Telescope (JWST) Satellite Mission,Near Infrared Spectrograph (NIRSpec) - G395H,,not_provided_by_archive_index,Tiberius; visit 2; figure 8,30/41/34/62/HD_15337_c_3.12351_6089_5.tbl,106,2.8728,5.0726,NASA Exoplanet Archive spectra index
OBSERVED,f82897062d5a46b83b88,HD 15337 c,transmission,Wallack et al. 2026,2026AJ....171..180W,,NASA 6.5m James Webb Space Telescope (JWST) Satellite Mission,Near Infrared Spectrograph (NIRSpec) - G395H,,not_provided_by_archive_index,Eureka!; joint; figure 9,36/65/56/59/HD_15337_c_3.12351_6089_1.tbl,106,2.873,5.0725,NASA Exoplanet Archive spectra index
OBSERVED,e26b0fbe7bebb3c13a6c,HD 15337 c,transmission,Wallack et al. 2026,2026AJ....171..180W,,NASA 6.5m James Webb Space Telescope (JWST) Satellite Mission,Near Infrared Spectrograph (NIRSpec) - G395H,,not_provided_by_archive_index,Tiberius; wighted average; figure 9,38/49/78/42/HD_15337_c_3.12351_6089_6.tbl,106,2.8728,5.0726,NASA Exoplanet Archive spectra index
OBSERVED,24431fe67e6f957872c5,HD 15337 c,transmission,Wallack et al. 2026,2026AJ....171..180W,,NASA 6.5m James Webb Space Telescope (JWST) Satellite Mission,Near Infrared Spectrograph (NIRSpec) - G395H,,not_provided_by_archive_index,Tiberius; visit 1; figure 8,56/77/68/65/HD_15337_c_3.12351_6089_3.tbl,106,2.8728,5.0726,NASA Exoplanet Archive spectra index
OBSERVED,257a31f018e0a0886753,HD 15337 c,transmission,Wallack et al. 2026,2026AJ....171..180W,,NASA 6.5m James Webb Space Telescope (JWST) Satellite Mission,Near Infrared Spectrograph (NIRSpec) - G395H,,not_provided_by_archive_index,Eureka!; visit 1; figure 8,73/47/15/99/HD_15337_c_3.12351_6089_2.tbl,106,2.873,5.0725,NASA Exoplanet Archive spectra index
OBSERVED,8118bc106cdbda402690,HD 15337 c,transmission,Wallack et al. 2026,2026AJ....171..180W,,NASA 6.5m James Webb Space Telescope (JWST) Satellite Mission,Near Infrared Spectrograph (NIRSpec) - G395H,,not_provided_by_archive_index,Eureka!; visit 2; figure 8,79/18/69/30/HD_15337_c_3.12351_6089_4.tbl,106,2.873,5.0725,NASA Exoplanet Archive spectra index
OBSERVED,cef0ba7c56cef88f62c8,HD 189733 b,eclipse,Deming et al. 2006,2006ApJ...644..560D,,Spitzer Space Telescope satellite,Infrared Spectrograph (IRS),,not_provided_by_archive_index,eclipse depth taken from Abstract,04/68/93/72/HD_189733_b_3.11185_4072_1.tbl,1,16,16,NASA Exoplanet Archive spectra index
OBSERVED,11a51f291b3bc16a9553,HD 189733 b,eclipse,Charbonneau et al. 2008,2008ApJ...686.1341C,,Spitzer Space Telescope satellite,Infrared Array Camera (IRAC),,not_provided_by_archive_index,Table 1,63/80/01/28/HD_189733_b_3.11185_4076_3.tbl,4,3.6,8,NASA Exoplanet Archive spectra index
OBSERVED,c4c4184d0f54224ed034,HD 189733 b,eclipse,Charbonneau et al. 2008,2008ApJ...686.1341C,,Spitzer Space Telescope satellite,Multiband Imaging Photometer (MIPS),,not_provided_by_archive_index,Table 1,74/28/28/99/HD_189733_b_3.11185_4076_1.tbl,1,24,24,NASA Exoplanet Archive spectra index
OBSERVED,bbacfc9713e5c69cca07,HD 189733 b,eclipse,Charbonneau et al. 2008,2008ApJ...686.1341C,,Spitzer Space Telescope satellite,Infrared Spectrograph (IRS),,not_provided_by_archive_index,Table 1,80/37/79/52/HD_189733_b_3.11185_4076_2.tbl,1,16,16,NASA Exoplanet Archive spectra index
OBSERVED,4ea10791946dc8fb7b06,HD 189733 b,eclipse,Knutson et al. 2009,2009ApJ...690..822K,,Spitzer Space Telescope satellite,Infrared Array Camera (IRAC),,not_provided_by_archive_index,Table 1,17/05/55/52/HD_189733_b_3.11185_4077_2.tbl,1,8,8,NASA Exoplanet Archive spectra index
OBSERVED,88ec04aa780a010f903c,HD 189733 b,eclipse,Knutson et al. 2009,2009ApJ...690..822K,,Spitzer Space Telescope satellite,Multiband Imaging Photometer (MIPS),,not_provided_by_archive_index,Table 1,36/20/91/63/HD_189733_b_3.11185_4077_1.tbl,1,24,24,NASA Exoplanet Archive spectra index
OBSERVED,dc5ea687c261a12f3f0b,HD 189733 b,eclipse,Swain et al. 2009,2009ApJ...690L.114S,,Hubble Space Telescope satellite,Near Infrared Camera and Multi-Object Spectrometer (NICMOS),,not_provided_by_archive_index,Table 1,56/34/08/21/HD_189733_b_3.11185_4078_1.tbl,18,1.476,2.446,NASA Exoplanet Archive spectra index
OBSERVED,8d60a44ddd25df2af53a,HD 189733 b,eclipse,Agol et al. 2010,2010ApJ...721.1861A,,Spitzer Space Telescope satellite,Infrared Array Camera (IRAC),,not_provided_by_archive_index,Table 4,10/36/22/01/HD_189733_b_3.11185_3195_1.tbl,1,8,8,NASA Exoplanet Archive spectra index
OBSERVED,9726a49fc8cbd14bed8f,HD 189733 b,eclipse,Kilpatrick et al. 2020,2020AJ....159...51K,,Spitzer Space Telescope satellite,Infrared Array Camera (IRAC),,not_provided_by_archive_index,from Table 4; channel 2,16/69/87/85/HD_189733_b_3.11185_6069_2.tbl,7,4.5,4.5,NASA Exoplanet Archive spectra index
OBSERVED,84694e9a5b618aebce4c,HD 189733 b,eclipse,Kilpatrick et al. 2020,2020AJ....159...51K,,Spitzer Space Telescope satellite,Infrared Array Camera (IRAC),,not_provided_by_archive_index,from Table 4; channel 1; figure 3,99/52/63/54/HD_189733_b_3.11185_6069_1.tbl,7,3.6,3.6,NASA Exoplanet Archive spectra index
OBSERVED,2cfc5977a24eeee91116,HD 189733 b,eclipse,Changeat et al. 2022,2022ApJS..260....3C,,Hubble Space Telescope satellite,Wide Field Camera 3,,not_provided_by_archive_index,Figure 2,72/72/29/35/HD_189733_b_3.11185_5219_112.tbl,18,1.1262,1.6237,NASA Exoplanet Archive spectra index
OBSERVED,b2c84b1f23d6337909a1,HD 189733 b,eclipse,Changeat et al. 2022,2022ApJS..260....3C,,Spitzer Space Telescope satellite,Infrared Array Camera (IRAC),,not_provided_by_archive_index,Figure 2,87/63/79/50/HD_189733_b_3.11185_5219_113.tbl,6,3.6,24,NASA Exoplanet Archive spectra index
OBSERVED,985bd164db1b096486db,HD 189733 b,eclipse,Deming et al. 2023,2023AJ....165..104D,,Spitzer Space Telescope satellite,Infrared Array Camera (IRAC),,not_provided_by_archive_index,"AOR = 50489344, date is start time.",11/73/64/95/HD_189733_b_3.11185_5869_118.tbl,1,4.5,4.5,NASA Exoplanet Archive spectra index
OBSERVED,065aa5a94c1de8d2e19c,HD 189733 b,eclipse,Deming et al. 2023,2023AJ....165..104D,,Spitzer Space Telescope satellite,Infrared Array Camera (IRAC),,not_provided_by_archive_index,"AOR = 38390784, date is start time.",18/08/00/47/HD_189733_b_3.11185_5869_113.tbl,1,4.5,4.5,NASA Exoplanet Archive spectra index
OBSERVED,fe037614df3c231dd06d,HD 189733 b,eclipse,Deming et al. 2023,2023AJ....165..104D,,Spitzer Space Telescope satellite,Infrared Array Camera (IRAC),,not_provided_by_archive_index,"AOR = 40152064, date is start time.",35/79/50/87/HD_189733_b_3.11185_5869_105.tbl,1,3.6,3.6,NASA Exoplanet Archive spectra index
OBSERVED,e262e04ec173b4444520,HD 189733 b,eclipse,Deming et al. 2023,2023AJ....165..104D,,Spitzer Space Telescope satellite,Infrared Array Camera (IRAC),,not_provided_by_archive_index,"AOR = 50495232, date is start time.",40/00/92/04/HD_189733_b_3.11185_5869_111.tbl,1,3.6,3.6,NASA Exoplanet Archive spectra index
OBSERVED,8ef19aca76da67c8426d,HD 189733 b,eclipse,Deming et al. 2023,2023AJ....165..104D,,Spitzer Space Telescope satellite,Infrared Array Camera (IRAC),,not_provided_by_archive_index,"AOR = 40151040, date is start time.",41/43/70/34/HD_189733_b_3.11185_5869_104.tbl,1,3.6,3.6,NASA Exoplanet Archive spectra index
OBSERVED,457d827831a4006ff358,HD 189733 b,eclipse,Deming et al. 2023,2023AJ....165..104D,,Spitzer Space Telescope satellite,Infrared Array Camera (IRAC),,not_provided_by_archive_index,"AOR = 40150528, date is start time.",43/11/71/69/HD_189733_b_3.11185_5869_103.tbl,1,3.6,3.6,NASA Exoplanet Archive spectra index
OBSERVED,47070cc1a3c1b543420c,HD 189733 b,eclipse,Deming et al. 2023,2023AJ....165..104D,,Spitzer Space Telescope satellite,Infrared Array Camera (IRAC),,not_provided_by_archive_index,"AOR = 50493184, date is start time.",47/60/19/34/HD_189733_b_3.11185_5869_108.tbl,1,3.6,3.6,NASA Exoplanet Archive spectra index
OBSERVED,e0f80b2761cbfc595a8c,HD 189733 b,eclipse,Deming et al. 2023,2023AJ....165..104D,,Spitzer Space Telescope satellite,Infrared Array Camera (IRAC),,not_provided_by_archive_index,"AOR = 38390016, date is start time.",50/31/24/57/HD_189733_b_3.11185_5869_112.tbl,1,4.5,4.5,NASA Exoplanet Archive spectra index
OBSERVED,d339efbd1d891e63308c,HD 189733 b,eclipse,Deming et al. 2023,2023AJ....165..104D,,Spitzer Space Telescope satellite,Infrared Array Camera (IRAC),,not_provided_by_archive_index,"AOR = 50488832, date is start time.",59/39/82/33/HD_189733_b_3.11185_5869_117.tbl,1,4.5,4.5,NASA Exoplanet Archive spectra index
OBSERVED,ecadc70e0dbb1e535396,HD 189733 b,eclipse,Deming et al. 2023,2023AJ....165..104D,,Spitzer Space Telescope satellite,Infrared Array Camera (IRAC),,not_provided_by_archive_index,"AOR = 41591296, date is start time.",61/08/88/55/HD_189733_b_3.11185_5869_106.tbl,1,3.6,3.6,NASA Exoplanet Archive spectra index
OBSERVED,adf7b042444e8940d25e,HD 189733 b,eclipse,Deming et al. 2023,2023AJ....165..104D,,Spitzer Space Telescope satellite,Infrared Array Camera (IRAC),,not_provided_by_archive_index,"AOR = 50493696, date is start time.",66/84/34/62/HD_189733_b_3.11185_5869_109.tbl,1,3.6,3.6,NASA Exoplanet Archive spectra index
OBSERVED,1ccd0c66eb2d036f66b3,HD 189733 b,eclipse,Deming et al. 2023,2023AJ....165..104D,,Spitzer Space Telescope satellite,Infrared Array Camera (IRAC),,not_provided_by_archive_index,"AOR = 41592320, date is start time.",77/01/12/04/HD_189733_b_3.11185_5869_107.tbl,1,3.6,3.6,NASA Exoplanet Archive spectra index
OBSERVED,0bbcd438d10ad9aaf7fd,HD 189733 b,eclipse,Deming et al. 2023,2023AJ....165..104D,,Spitzer Space Telescope satellite,Infrared Array Camera (IRAC),,not_provided_by_archive_index,"AOR = 50488576, date is start time.",79/84/87/58/HD_189733_b_3.11185_5869_116.tbl,1,4.5,4.5,NASA Exoplanet Archive spectra index
OBSERVED,dff2830daf806898e83e,HD 189733 b,eclipse,Deming et al. 2023,2023AJ....165..104D,,Spitzer Space Telescope satellite,Infrared Array Camera (IRAC),,not_provided_by_archive_index,"AOR = 50488320, date is start time.",81/81/69/72/HD_189733_b_3.11185_5869_115.tbl,1,4.5,4.5,NASA Exoplanet Archive spectra index
OBSERVED,230a75eb8567e1c8feb2,HD 189733 b,eclipse,Deming et al. 2023,2023AJ....165..104D,,Spitzer Space Telescope satellite,Infrared Array Camera (IRAC),,not_provided_by_archive_index,"AOR = 50494464, date is start time.",87/40/57/26/HD_189733_b_3.11185_5869_110.tbl,1,3.6,3.6,NASA Exoplanet Archive spectra index
OBSERVED,02c9a6c040f3611a0600,HD 189733 b,eclipse,Deming et al. 2023,2023AJ....165..104D,,Spitzer Space Telescope satellite,Infrared Array Camera (IRAC),,not_provided_by_archive_index,"AOR = 50488064, date is start time.",99/70/57/43/HD_189733_b_3.11185_5869_114.tbl,1,4.5,4.5,NASA Exoplanet Archive spectra index
OBSERVED,28da0df36461accb88d3,HD 189733 b,eclipse,Inglis et al. 2024,2024ApJ...973L..41I,,NASA 6.5m James Webb Space Telescope (JWST) Satellite Mission,Mid-Infrared Instrument (MIRI) - LRS,,not_provided_by_archive_index,"Eureka! Reduction, Eclipse 1",16/75/61/86/HD_189733_b_3.11185_5533_1.tbl,33,5.125,11.75,NASA Exoplanet Archive spectra index
OBSERVED,f866ce58cee2b69b92b2,HD 189733 b,eclipse,Inglis et al. 2024,2024ApJ...973L..41I,,NASA 6.5m James Webb Space Telescope (JWST) Satellite Mission,Mid-Infrared Instrument (MIRI) - LRS,,not_provided_by_archive_index,"Eureka! Reduction, Eclipse 2",34/02/69/72/HD_189733_b_3.11185_5533_2.tbl,33,5.125,11.75,NASA Exoplanet Archive spectra index
OBSERVED,2a746b2ef74a8c499c6f,HD 189733 b,eclipse,Zhang et al. 2025,2025AJ....169...38Z,,NASA 6.5m James Webb Space Telescope (JWST) Satellite Mission,Near Infrared Camera (NIRCam),,not_provided_by_archive_index,,57/21/35/82/HD_189733_b_3.11185_5532_2.tbl,53,2.425,4.975,NASA Exoplanet Archive spectra index
OBSERVED,16ceabe3f5166774db36,HD 189733 b,transmission,Swain et al. 2008,2008NATUR.452..329S,,Hubble Space Telescope satellite,Near Infrared Camera and Multi-Object Spectrometer,,not_provided_by_archive_index,,99/86/63/34/HD_189733_b_3.11185_3642_1.tbl,18,1.484,2.463,NASA Exoplanet Archive spectra index
OBSERVED,b1c8799dd90bf4893269,HD 189733 b,transmission,D&eacute;sert et al. 2011,2011A&A...526A..12D,,Spitzer Space Telescope satellite,Infrared Array camera (IRAC),,not_provided_by_archive_index,,54/79/32/42/HD_189733_b_3.11185_3427_1.tbl,1,3.6,3.6,NASA Exoplanet Archive spectra index
OBSERVED,2e756aa05626458f4cd6,HD 189733 b,transmission,Sing et al. 2011,2011MNRAS.416.1443S,,Hubble Space Telescope satellite,Space Telescope Imaging Spectrograph,,not_provided_by_archive_index,,50/39/88/36/HD_189733_b_3.11185_3593_1.tbl,5,0.33,0.545,NASA Exoplanet Archive spectra index
OBSERVED,925404ed00a810cee282,HD 189733 b,transmission,Gibson et al. 2012,2012MNRAS.422..753G,,Hubble Space Telescope satellite,Wide Field Camera 3,,not_provided_by_archive_index,,72/35/74/98/HD_189733_b_3.11185_3592_1.tbl,4,1.105,1.607,NASA Exoplanet Archive spectra index
OBSERVED,ffed125beb5b537e2221,HD 189733 b,transmission,Pont et al. 2013,2013MNRAS.432.2917P,,Hubble Space Telescope satellite,Wide Field Camera 3,,not_provided_by_archive_index,,10/17/63/62/HD_189733_b_3.11185_3590_2.tbl,4,1.105,1.607,NASA Exoplanet Archive spectra index
OBSERVED,86adbb921996dbd8ab03,HD 189733 b,transmission,Pont et al. 2013,2013MNRAS.432.2917P,,Hubble Space Telescope satellite,Near Infrared Camera and Multi-Object Spectrometer,,not_provided_by_archive_index,,36/89/75/53/HD_189733_b_3.11185_3590_4.tbl,22,1.492,2.468,NASA Exoplanet Archive spectra index
OBSERVED,d6bc0e4603cebc7bb996,HD 189733 b,transmission,Pont et al. 2013,2013MNRAS.432.2917P,,Hubble Space Telescope satellite,Advanced Camera for Surveys,,not_provided_by_archive_index,,48/71/08/74/HD_189733_b_3.11185_3590_6.tbl,10,0.575,1.025,NASA Exoplanet Archive spectra index
OBSERVED,fbf57e3a6afaf8db32f7,HD 189733 b,transmission,Pont et al. 2013,2013MNRAS.432.2917P,,Spitzer Space Telescope satellite,Multiband Imaging Photometer (MIPS),,not_provided_by_archive_index,,63/58/64/23/HD_189733_b_3.11185_3590_3.tbl,1,24,24,NASA Exoplanet Archive spectra index
OBSERVED,9d03c3b0cdce8cec6359,HD 189733 b,transmission,Pont et al. 2013,2013MNRAS.432.2917P,,Hubble Space Telescope satellite,Space Telescope Imaging Spectrograph,,not_provided_by_archive_index,,99/17/91/50/HD_189733_b_3.11185_3590_1.tbl,16,0.33,0.6321,NASA Exoplanet Archive spectra index
OBSERVED,707c8c16cc18536c2820,HD 189733 b,transmission,Pont et al. 2013,2013MNRAS.432.2917P,,Spitzer Space Telescope satellite,Infrared Array Camera (IRAC),,not_provided_by_archive_index,,99/83/01/43/HD_189733_b_3.11185_3590_5.tbl,7,3.6,7.85,NASA Exoplanet Archive spectra index
OBSERVED,df1e865e525885e36553,HD 189733 b,transmission,McCullough et al. 2014,2014ApJ...791...55M,,Hubble Space Telescope satellite,Wide Field Camera 3,,not_provided_by_archive_index,,68/63/48/90/HD_189733_b_3.11185_4618_1.tbl,28,1.1279,1.635,NASA Exoplanet Archive spectra index
OBSERVED,4ec88e51edcdea72c10a,HD 189733 b,transmission,Wyttenbach et al. 2015,2015A&A...577A..62W,,European Southern Observatory's 3.6 meter Telescope,HARPS Echelle Spectrograph,,not_provided_by_archive_index,,56/86/07/03/HD_189733_b_3.11185_3596_1.tbl,1,0.5893,0.5893,NASA Exoplanet Archive spectra index
OBSERVED,5c318660d2ee647a5dbe,HD 189733 b,transmission,Di Gloria et al. 2015,2015A&A...580A..84D,,European Southern Observatory's 3.6 meter Telescope,HARPS Echelle Spectrograph,,not_provided_by_archive_index,,97/01/01/57/HD_189733_b_3.11185_3636_1.tbl,7,0.395,0.675,NASA Exoplanet Archive spectra index
OBSERVED,dbec8c8989807e316340,HD 189733 b,transmission,Angerhausen et al. 2015,2015JATIS...1c4002A,,Stratospheric Observatory For Infrared Astronomy,HIPO,,not_provided_by_archive_index,,21/73/61/46/HD_189733_b_3.11185_3676_1.tbl,2,0.4407,0.9222,NASA Exoplanet Archive spectra index
OBSERVED,3a99256770fc30a28e16,HD 189733 b,transmission,Borsa et al. 2016,2016A&A...590A..84B,,European Southern Observatory's 3.6 meter Telescope,HARPS Echelle Spectrograph,,not_provided_by_archive_index,,43/61/26/55/HD_189733_b_3.11185_3856_1.tbl,7,0.41,0.675,NASA Exoplanet Archive spectra index
OBSERVED,efd8026354964f8b6b51,HD 189733 b,transmission,Barnes et al. 2016,2016MNRAS.462.1012B,,European Southern Observatory's 3.6 meter Telescope,HARPS Echelle Spectrograph,,not_provided_by_archive_index,,16/92/85/75/HD_189733_b_3.11185_3936_1.tbl,15,0.3934,0.6563,NASA Exoplanet Archive spectra index
OBSERVED,69a6fe1d338033fc8e54,HD 189733 b,transmission,Sing et al. 2016,2016Natur.529...59S,,Hubble Space Telescope satellite,Near Infrared Camera and Multi-Object Spectrometer,,not_provided_by_archive_index,,31/00/75/55/HD_189733_b_3.11185_3717_1.tbl,2,1.925,2.3,NASA Exoplanet Archive spectra index
OBSERVED,3236ec553741cc0aa785,HD 189733 b,transmission,Sing et al. 2016,2016Natur.529...59S,,Hubble Space Telescope satellite,Wide Field Camera 3,,not_provided_by_archive_index,,36/42/52/56/HD_189733_b_3.11185_3717_3.tbl,29,1.1279,1.635,NASA Exoplanet Archive spectra index
OBSERVED,2e133c4c1138baed8e63,HD 189733 b,transmission,Sing et al. 2016,2016Natur.529...59S,,Spitzer Space Telescope satellite,Infrared Array Camera (IRAC),,not_provided_by_archive_index,,49/53/13/93/HD_189733_b_3.11185_3717_4.tbl,2,3.55,4.5,NASA Exoplanet Archive spectra index
OBSERVED,7c1e0487a90e3173a02e,HD 189733 b,transmission,Sing et al. 2016,2016Natur.529...59S,,Hubble Space Telescope satellite,Space Telescope Imaging Spectrograph,,not_provided_by_archive_index,,96/04/19/01/HD_189733_b_3.11185_3717_2.tbl,20,0.345,1.085,NASA Exoplanet Archive spectra index
OBSERVED,2ab3e80588ebcaf24d77,HD 189733 b,transmission,Morvan et al. 2020,2020AJ....159..109M,,Spitzer Space Telescope satellite,Infrared Array Camera (IRAC),,not_provided_by_archive_index,from Table 3,12/26/64/67/HD_189733_b_3.11185_6049_1.tbl,1,8,8,NASA Exoplanet Archive spectra index
OBSERVED,7a4a0ae3163b78be8198,HD 189733 b,transmission,Morvan et al. 2020,2020AJ....159..109M,,Spitzer Space Telescope satellite,Infrared Array Camera (IRAC),,not_provided_by_archive_index,from Table 3,34/35/46/59/HD_189733_b_3.11185_6049_4.tbl,1,8,8,NASA Exoplanet Archive spectra index
OBSERVED,edcfe034c7adfef4ad78,HD 189733 b,transmission,Morvan et al. 2020,2020AJ....159..109M,,Spitzer Space Telescope satellite,Infrared Array Camera (IRAC),,not_provided_by_archive_index,from Table 3,54/20/91/78/HD_189733_b_3.11185_6049_3.tbl,1,8,8,NASA Exoplanet Archive spectra index
OBSERVED,9f57cbf9b89de20c7036,HD 189733 b,transmission,Morvan et al. 2020,2020AJ....159..109M,,Spitzer Space Telescope satellite,Infrared Array Camera (IRAC),,not_provided_by_archive_index,from Table 3,60/72/10/82/HD_189733_b_3.11185_6049_6.tbl,1,8,8,NASA Exoplanet Archive spectra index
OBSERVED,d28209fe80cad4cf5ccc,HD 189733 b,transmission,Morvan et al. 2020,2020AJ....159..109M,,Spitzer Space Telescope satellite,Infrared Array Camera (IRAC),,not_provided_by_archive_index,from Table 3,68/46/90/63/HD_189733_b_3.11185_6049_5.tbl,1,8,8,NASA Exoplanet Archive spectra index
OBSERVED,c27b48ebd4ec86ec8f1b,HD 189733 b,transmission,Morvan et al. 2020,2020AJ....159..109M,,Spitzer Space Telescope satellite,Infrared Array Camera (IRAC),,not_provided_by_archive_index,from Table 3,82/46/83/06/HD_189733_b_3.11185_6049_2.tbl,1,8,8,NASA Exoplanet Archive spectra index
OBSERVED,546fa353e667e2be0ff0,HD 189733 b,transmission,King et al. 2021,2021MNRAS.506.2453K,,ESA XMM-Newton X-Ray Multi-Mirror Mission Satellite,XMM-Newton Optical Monitor,,not_provided_by_archive_index,,92/56/73/69/HD_189733_b_3.11185_5249_1.tbl,2,0.212,0.291,NASA Exoplanet Archive spectra index
OBSERVED,b833294bbddefcc40958,HD 189733 b,transmission,Changeat et al. 2022,2022ApJS..260....3C,,Hubble Space Telescope satellite,Wide Field Camera 3,,not_provided_by_archive_index,Figure 2,66/11/88/56/HD_189733_b_3.11185_5219_44.tbl,25,1.1263,1.6295,NASA Exoplanet Archive spectra index
OBSERVED,916be68dc766fae52391,HD 189733 b,transmission,Cubillos et al. 2023,2023A&A...671A.170C,,Hubble Space Telescope satellite,Space Telescope Imaging Spectrograph,,not_provided_by_archive_index,NUV Transmission Spectrum at R=33 (Table A.2),75/69/22/18/HD_189733_b_3.11185_5199_2.tbl,10,0.2309,0.303,NASA Exoplanet Archive spectra index
OBSERVED,dc858d3209c01562f5a9,HD 189733 b,transmission,Cubillos et al. 2023,2023A&A...671A.170C,,Hubble Space Telescope satellite,Space Telescope Imaging Spectrograph,,not_provided_by_archive_index,NUV Transmission Spectrum at R=10 (Table A.3),84/92/24/86/HD_189733_b_3.11185_5199_3.tbl,3,0.2405,0.295,NASA Exoplanet Archive spectra index
OBSERVED,61048d20db5899e7024c,HD 189733 b,transmission,Cubillos et al. 2023,2023A&A...671A.170C,,Hubble Space Telescope satellite,Space Telescope Imaging Spectrograph,,not_provided_by_archive_index,NUV Transmission Spectrum at R=50 (Table A.1),98/69/81/14/HD_189733_b_3.11185_5199_1.tbl,15,0.2298,0.3044,NASA Exoplanet Archive spectra index
OBSERVED,d0e6eee93f45f0770bdf,HD 189733 b,transmission,Fu et al. 2024,2024Natur.632..752F,,NASA 6.5m James Webb Space Telescope (JWST) Satellite Mission,Near Infrared Camera (NIRCam),,not_provided_by_archive_index,Figure 2,43/64/93/47/HD_189733_b_3.11185_5430_1.tbl,139,2.4046,4.9737,NASA Exoplanet Archive spectra index
OBSERVED,6c355106dfb30830f8f5,HD 189733 b,transmission,Zhang et al. 2025,2025AJ....169...38Z,,NASA 6.5m James Webb Space Telescope (JWST) Satellite Mission,Near Infrared Camera (NIRCam),,not_provided_by_archive_index,,20/20/10/96/HD_189733_b_3.11185_5532_1.tbl,53,2.425,4.975,NASA Exoplanet Archive spectra index
OBSERVED,9af4a2959b0c687ab4bd,HD 202772 A b,eclipse,Deming et al. 2023,2023AJ....165..104D,,Spitzer Space Telescope satellite,Infrared Array Camera (IRAC),,not_provided_by_archive_index,"AOR = 68512256, date is start time.",06/52/23/45/HD_202772_A_b_3.12294_5869_119.tbl,1,3.6,3.6,NASA Exoplanet Archive spectra index
OBSERVED,03a674f9f1915fc08701,HD 202772 A b,eclipse,Deming et al. 2023,2023AJ....165..104D,,Spitzer Space Telescope satellite,Infrared Array Camera (IRAC),,not_provided_by_archive_index,"AOR = 68511232, date is start time.",46/59/93/83/HD_202772_A_b_3.12294_5869_120.tbl,1,4.5,4.5,NASA Exoplanet Archive spectra index
OBSERVED,ddfa8a1b3da4ec933277,HD 202772 A b,eclipse,Adams et al. 2024,2024AJ....168..248A,,Spitzer Space Telescope satellite,Infrared Array Camera (IRAC),,not_provided_by_archive_index,,23/92/57/98/HD_202772_A_b_3.12294_5544_1.tbl,2,3.6,4.5,NASA Exoplanet Archive spectra index
OBSERVED,86ed6e3af2a12f822a44,HD 209458 b,eclipse,Knutson et al. 2008,2008ApJ...673..526K,,Spitzer Space Telescope satellite,Infrared Array Camera (IRAC),,not_provided_by_archive_index,Table 1,50/28/83/01/HD_209458_b_3.11218_4074_1.tbl,4,3.6,8,NASA Exoplanet Archive spectra index
OBSERVED,0543d542f18320c60013,HD 209458 b,eclipse,Crossfield et al. 2012,2012ApJ...752...81C,,Spitzer Space Telescope satellite,Multiband Imaging Photometer (MIPS),,not_provided_by_archive_index,"B. temperature from abstract/text, not Table 5",41/58/68/41/HD_209458_b_3.11218_4103_1.tbl,1,24,24,NASA Exoplanet Archive spectra index
OBSERVED,321bcf3e5efed8e03c26,HD 209458 b,eclipse,Zellem et al. 2014,2014ApJ...790...53Z,,Spitzer Space Telescope satellite,Infrared Array Camera (IRAC),,not_provided_by_archive_index,eclipse depth taken from Abstract,47/78/73/18/HD_209458_b_3.11218_4114_1.tbl,1,4.5,4.5,NASA Exoplanet Archive spectra index
OBSERVED,37c870daa1a0edfe0d86,HD 209458 b,eclipse,Diamond-Lowe et al. 2014,2014ApJ...796...66D,,Spitzer Space Telescope satellite,Infrared Array Camera (IRAC),,not_provided_by_archive_index,eclipse depth taken from Abstract,98/74/27/28/HD_209458_b_3.11218_4115_1.tbl,4,3.6,8,NASA Exoplanet Archive spectra index
OBSERVED,d6d875165d35398365a1,HD 209458 b,eclipse,Evans et al. 2015,2015MNRAS.451..680E,,Spitzer Space Telescope satellite,Infrared Array Camera (IRAC),,not_provided_by_archive_index,"Table 4, 2005 Nov 28",03/21/68/79/HD_209458_b_3.11218_3627_1.tbl,1,5.8,5.8,NASA Exoplanet Archive spectra index
OBSERVED,47f6051038c621a72210,HD 209458 b,eclipse,Evans et al. 2015,2015MNRAS.451..680E,,Spitzer Space Telescope satellite,Infrared Array Camera (IRAC),,not_provided_by_archive_index,"Table 4, 2010 Jan 21",08/81/35/99/HD_209458_b_3.11218_3627_3.tbl,1,4.5,4.5,NASA Exoplanet Archive spectra index
OBSERVED,4074b606c30b91d42df9,HD 209458 b,eclipse,Evans et al. 2015,2015MNRAS.451..680E,,Spitzer Space Telescope satellite,Infrared Array Camera (IRAC),,not_provided_by_archive_index,"Table 4, 2007 Dec 25",68/19/60/86/HD_209458_b_3.11218_3627_2.tbl,1,8,8,NASA Exoplanet Archive spectra index
OBSERVED,9cfea500996d706d7ac6,HD 209458 b,eclipse,Evans et al. 2015,2015MNRAS.451..680E,,Spitzer Space Telescope satellite,Infrared Array Camera (IRAC),,not_provided_by_archive_index,"Table 4, 2014 Feb 17",81/32/55/76/HD_209458_b_3.11218_3627_4.tbl,1,3.6,3.6,NASA Exoplanet Archive spectra index
OBSERVED,f5a6c9b3d855c2b2778e,HD 209458 b,eclipse,Line et al. 2016,2016AJ....152..203L,,Hubble Space Telescope satellite,Wide Field Camera 3,,not_provided_by_archive_index,Table 2,20/49/00/86/HD_209458_b_3.11218_4123_1.tbl,10,1.151,1.624,NASA Exoplanet Archive spectra index
OBSERVED,63cfa4362a4af712f79a,HD 209458 b,eclipse,Kilpatrick et al. 2020,2020AJ....159...51K,,Spitzer Space Telescope satellite,Infrared Array Camera (IRAC),,not_provided_by_archive_index,from Table 4; channel 1; figure 3,11/94/46/73/HD_209458_b_3.11218_6069_1.tbl,12,3.6,3.6,NASA Exoplanet Archive spectra index
OBSERVED,f152f779c9d131fc36bb,HD 209458 b,eclipse,Kilpatrick et al. 2020,2020AJ....159...51K,,Spitzer Space Telescope satellite,Infrared Array Camera (IRAC),,not_provided_by_archive_index,from Table 4; channel 2; figure 3,42/85/77/23/HD_209458_b_3.11218_6069_2.tbl,8,4.5,4.5,NASA Exoplanet Archive spectra index
OBSERVED,8f70b3e0a1526ee561dc,HD 209458 b,eclipse,Changeat et al. 2022,2022ApJS..260....3C,,Spitzer Space Telescope satellite,Infrared Array Camera (IRAC),,not_provided_by_archive_index,Figure 2,54/87/39/74/HD_209458_b_3.11218_5219_115.tbl,6,3.6,24,NASA Exoplanet Archive spectra index
OBSERVED,9be1d5be7a998d44f8f4,HD 209458 b,eclipse,Changeat et al. 2022,2022ApJS..260....3C,,Hubble Space Telescope satellite,Wide Field Camera 3,,not_provided_by_archive_index,Figure 2,68/42/38/34/HD_209458_b_3.11218_5219_114.tbl,25,1.1263,1.6295,NASA Exoplanet Archive spectra index
OBSERVED,8829c31f862b26ab4932,HD 209458 b,eclipse,Deming et al. 2023,2023AJ....165..104D,,Spitzer Space Telescope satellite,Infrared Array Camera (IRAC),,not_provided_by_archive_index,"AOR = 38703872, date is start time.",02/63/34/09/HD_209458_b_3.11218_5869_136.tbl,1,4.5,4.5,NASA Exoplanet Archive spectra index
OBSERVED,c3f3400176c06e8ec9ce,HD 209458 b,eclipse,Deming et al. 2023,2023AJ....165..104D,,Spitzer Space Telescope satellite,Infrared Array Camera (IRAC),,not_provided_by_archive_index,"AOR = 50495744, date is start time.",06/09/82/39/HD_209458_b_3.11218_5869_129.tbl,1,3.6,3.6,NASA Exoplanet Archive spectra index
OBSERVED,732fd5ee47a3eeb65571,HD 209458 b,eclipse,Deming et al. 2023,2023AJ....165..104D,,Spitzer Space Telescope satellite,Infrared Array Camera (IRAC),,not_provided_by_archive_index,"AOR = 50494208, date is start time.",07/16/05/85/HD_209458_b_3.11218_5869_126.tbl,1,3.6,3.6,NASA Exoplanet Archive spectra index
OBSERVED,190a64555650f9da81e3,HD 209458 b,eclipse,Deming et al. 2023,2023AJ....165..104D,,Spitzer Space Telescope satellite,Infrared Array Camera (IRAC),,not_provided_by_archive_index,"AOR = 48014336, date is start time.",09/01/69/48/HD_209458_b_3.11218_5869_138.tbl,1,4.5,4.5,NASA Exoplanet Archive spectra index
OBSERVED,96c9a66613f6eaa6bb13,HD 209458 b,eclipse,Deming et al. 2023,2023AJ....165..104D,,Spitzer Space Telescope satellite,Infrared Array Camera (IRAC),,not_provided_by_archive_index,"AOR = 50493440, date is start time.",10/83/49/82/HD_209458_b_3.11218_5869_125.tbl,1,3.6,3.6,NASA Exoplanet Archive spectra index
OBSERVED,f0151d53c45b7390f4e5,HD 209458 b,eclipse,Deming et al. 2023,2023AJ....165..104D,,Spitzer Space Telescope satellite,Infrared Array Camera (IRAC),,not_provided_by_archive_index,"AOR = 50799872, date is start time.",11/51/00/28/HD_209458_b_3.11218_5869_133.tbl,1,3.6,3.6,NASA Exoplanet Archive spectra index
OBSERVED,cdce1c7dc397ff6f0418,HD 209458 b,eclipse,Deming et al. 2023,2023AJ....165..104D,,Spitzer Space Telescope satellite,Infrared Array Camera (IRAC),,not_provided_by_archive_index,"AOR = 50490624, date is start time.",16/16/98/79/HD_209458_b_3.11218_5869_143.tbl,1,4.5,4.5,NASA Exoplanet Archive spectra index
OBSERVED,9bc655adf4dafffb714e,HD 209458 b,eclipse,Deming et al. 2023,2023AJ....165..104D,,Spitzer Space Telescope satellite,Infrared Array Camera (IRAC),,not_provided_by_archive_index,"AOR = 50490112, date is start time.",16/52/75/14/HD_209458_b_3.11218_5869_141.tbl,1,4.5,4.5,NASA Exoplanet Archive spectra index
OBSERVED,fd1bf46087f7abcdb6f1,HD 209458 b,eclipse,Deming et al. 2023,2023AJ....165..104D,,Spitzer Space Telescope satellite,Infrared Array Camera (IRAC),,not_provided_by_archive_index,"AOR = 50496000, date is start time.",20/19/25/88/HD_209458_b_3.11218_5869_130.tbl,1,3.6,3.6,NASA Exoplanet Archive spectra index
OBSERVED,94ac96fdb5bfb2913f85,HD 209458 b,eclipse,Deming et al. 2023,2023AJ....165..104D,,Spitzer Space Telescope satellite,Infrared Array Camera (IRAC),,not_provided_by_archive_index,"AOR = 50489856, date is start time.",40/36/30/67/HD_209458_b_3.11218_5869_140.tbl,1,4.5,4.5,NASA Exoplanet Archive spectra index
OBSERVED,62b4cce025ca62095312,HD 209458 b,eclipse,Deming et al. 2023,2023AJ....165..104D,,Spitzer Space Telescope satellite,Infrared Array Camera (IRAC),,not_provided_by_archive_index,"AOR = 50800384, date is start time.",47/44/13/68/HD_209458_b_3.11218_5869_134.tbl,1,3.6,3.6,NASA Exoplanet Archive spectra index
OBSERVED,80ba9f6240a95d2dc645,HD 209458 b,eclipse,Deming et al. 2023,2023AJ....165..104D,,Spitzer Space Telescope satellite,Infrared Array Camera (IRAC),,not_provided_by_archive_index,"AOR = 50494976, date is start time.",55/55/62/62/HD_209458_b_3.11218_5869_127.tbl,1,3.6,3.6,NASA Exoplanet Archive spectra index
OBSERVED,54894e4697c73d32be10,HD 209458 b,eclipse,Deming et al. 2023,2023AJ....165..104D,,Spitzer Space Telescope satellite,Infrared Array Camera (IRAC),,not_provided_by_archive_index,"AOR = 50495488, date is start time.",61/07/97/88/HD_209458_b_3.11218_5869_128.tbl,1,3.6,3.6,NASA Exoplanet Archive spectra index
OBSERVED,5d5f6bab89a7eae506b5,HD 209458 b,eclipse,Deming et al. 2023,2023AJ....165..104D,,Spitzer Space Telescope satellite,Infrared Array Camera (IRAC),,not_provided_by_archive_index,"AOR = 41629440, date is start time.",64/69/37/78/HD_209458_b_3.11218_5869_122.tbl,1,3.6,3.6,NASA Exoplanet Archive spectra index
OBSERVED,5fdc9d54f3b85062f84a,HD 209458 b,eclipse,Deming et al. 2023,2023AJ....165..104D,,Spitzer Space Telescope satellite,Infrared Array Camera (IRAC),,not_provided_by_archive_index,"AOR = 38703616, date is start time.",68/71/04/56/HD_209458_b_3.11218_5869_135.tbl,1,4.5,4.5,NASA Exoplanet Archive spectra index
OBSERVED,3a1270d4225b09b43253,HD 209458 b,eclipse,Deming et al. 2023,2023AJ....165..104D,,Spitzer Space Telescope satellite,Infrared Array Camera (IRAC),,not_provided_by_archive_index,"AOR = 50490368, date is start time.",70/29/23/84/HD_209458_b_3.11218_5869_142.tbl,1,4.5,4.5,NASA Exoplanet Archive spectra index
OBSERVED,c32d6533adc8723d6d5d,HD 209458 b,eclipse,Deming et al. 2023,2023AJ....165..104D,,Spitzer Space Telescope satellite,Infrared Array Camera (IRAC),,not_provided_by_archive_index,"AOR = 50496256, date is start time.",74/24/11/65/HD_209458_b_3.11218_5869_131.tbl,1,3.6,3.6,NASA Exoplanet Archive spectra index
OBSERVED,b58172dc79cd21b302a0,HD 209458 b,eclipse,Deming et al. 2023,2023AJ....165..104D,,Spitzer Space Telescope satellite,Infrared Array Camera (IRAC),,not_provided_by_archive_index,"AOR = 50492928, date is start time.",77/57/03/78/HD_209458_b_3.11218_5869_124.tbl,1,3.6,3.6,NASA Exoplanet Archive spectra index
OBSERVED,94a511fc31ca95c9b044,HD 209458 b,eclipse,Deming et al. 2023,2023AJ....165..104D,,Spitzer Space Telescope satellite,Infrared Array Camera (IRAC),,not_provided_by_archive_index,"AOR = 50489088, date is start time.",85/50/31/10/HD_209458_b_3.11218_5869_139.tbl,1,4.5,4.5,NASA Exoplanet Archive spectra index
OBSERVED,4fff891de1232400b571,HD 209458 b,eclipse,Deming et al. 2023,2023AJ....165..104D,,Spitzer Space Telescope satellite,Infrared Array Camera (IRAC),,not_provided_by_archive_index,"AOR = 48013824, date is start time.",89/62/34/11/HD_209458_b_3.11218_5869_123.tbl,1,3.6,3.6,NASA Exoplanet Archive spectra index
OBSERVED,1a658f9175cc52c3019d,HD 209458 b,eclipse,Deming et al. 2023,2023AJ....165..104D,,Spitzer Space Telescope satellite,Infrared Array Camera (IRAC),,not_provided_by_archive_index,"AOR = 50490880, date is start time.",89/74/85/29/HD_209458_b_3.11218_5869_144.tbl,1,4.5,4.5,NASA Exoplanet Archive spectra index
OBSERVED,c366ed96ce11c6e602ba,HD 209458 b,eclipse,Deming et al. 2023,2023AJ....165..104D,,Spitzer Space Telescope satellite,Infrared Array Camera (IRAC),,not_provided_by_archive_index,"AOR = 44201728, date is start time.",91/24/36/00/HD_209458_b_3.11218_5869_137.tbl,1,4.5,4.5,NASA Exoplanet Archive spectra index
OBSERVED,0bbb01e8b5d9be7fabbb,HD 209458 b,eclipse,Deming et al. 2023,2023AJ....165..104D,,Spitzer Space Telescope satellite,Infrared Array Camera (IRAC),,not_provided_by_archive_index,"AOR = 41628416, date is start time.",93/63/25/76/HD_209458_b_3.11218_5869_121.tbl,1,3.6,3.6,NASA Exoplanet Archive spectra index
OBSERVED,81cfcf94d8bbf8979c4b,HD 209458 b,eclipse,Deming et al. 2023,2023AJ....165..104D,,Spitzer Space Telescope satellite,Infrared Array Camera (IRAC),,not_provided_by_archive_index,"AOR = 50496512, date is start time.",99/93/44/71/HD_209458_b_3.11218_5869_132.tbl,1,3.6,3.6,NASA Exoplanet Archive spectra index
OBSERVED,fdc228b1beac2439047d,HD 209458 b,transmission,Deming et al. 2013,2013ApJ...774...95D,,Hubble Space Telescope satellite,Wide Field Camera 3,,not_provided_by_archive_index,,65/02/42/98/HD_209458_b_3.11218_3649_1.tbl,28,1.119,1.628,NASA Exoplanet Archive spectra index
OBSERVED,f78c8de3e6bf0fd7956e,HD 209458 b,transmission,Evans et al. 2015,2015MNRAS.451..680E,,Spitzer Space Telescope satellite,IRAC,,not_provided_by_archive_index,,81/64/74/82/HD_209458_b_3.11218_3627_5.tbl,8,3.6,8,NASA Exoplanet Archive spectra index
OBSERVED,302f2f1dd0815f7add6c,HD 209458 b,transmission,Tsiaras et al. 2016,2016ApJ...832..202T,,Hubble Space Telescope satellite,Wide Field Camera 3,,not_provided_by_archive_index,from Table 3; G141 grism,00/21/32/40/HD_209458_b_3.11218_6041_1.tbl,25,1.127,1.6185,NASA Exoplanet Archive spectra index
OBSERVED,751379b22cecdfec8b90,HD 209458 b,transmission,Sing et al. 2016,2016Natur.529...59S,,Spitzer Space Telescope satellite,Infrared Array Camera (IRAC),,not_provided_by_archive_index,,28/70/19/86/HD_209458_b_3.11218_3717_1.tbl,2,3.56,4.5,NASA Exoplanet Archive spectra index
OBSERVED,356679dd03a540963437,HD 209458 b,transmission,Sing et al. 2016,2016Natur.529...59S,,Hubble Space Telescope satellite,Space Telescope Imaging Spectrograph,,not_provided_by_archive_index,,76/63/24/77/HD_209458_b_3.11218_3717_3.tbl,93,0.3072,0.9475,NASA Exoplanet Archive spectra index
OBSERVED,7f69cb1b725b68f8ef4c,HD 209458 b,transmission,Sing et al. 2016,2016Natur.529...59S,,Hubble Space Telescope satellite,Wide Field Camera 3,,not_provided_by_archive_index,,77/83/37/95/HD_209458_b_3.11218_3717_2.tbl,29,1.1217,1.6391,NASA Exoplanet Archive spectra index
OBSERVED,2679cacf471d45a6f994,HD 209458 b,transmission,Changeat et al. 2022,2022ApJS..260....3C,,Hubble Space Telescope satellite,Wide Field Camera 3,,not_provided_by_archive_index,Figure 2,52/19/28/34/HD_209458_b_3.11218_5219_45.tbl,25,1.1263,1.6295,NASA Exoplanet Archive spectra index
OBSERVED,bccf0d69236d7483d6c9,HD 209458 b,transmission,Panek et al. 2023,2023A&A...677A..51P,,Hubble Space Telescope satellite,Wide Field Camera 3,,not_provided_by_archive_index,,24/39/78/11/HD_209458_b_3.11218_5295_1.tbl,20,1.0994,1.6616,NASA Exoplanet Archive spectra index
OBSERVED,fecd7e929e5a07572574,HD 209458 b,transmission,Xue et al. 2024,2024ApJ...963L...5X,,NASA 6.5m James Webb Space Telescope (JWST) Satellite Mission,Near Infrared Camera (NIRCam),,not_provided_by_archive_index,"Figure 6, Eureka! pipeline",06/77/10/29/HD_209458_b_3.11218_5413_50.tbl,69,2.38,4.98,NASA Exoplanet Archive spectra index
OBSERVED,46d9e82e48ab77ed1fcb,HD 209458 b,transmission,Xue et al. 2024,2024ApJ...963L...5X,,NASA 6.5m James Webb Space Telescope (JWST) Satellite Mission,Near Infrared Camera (NIRCam),,not_provided_by_archive_index,"Figure 6, Sparta pipeline",32/91/31/49/HD_209458_b_3.11218_5413_51.tbl,69,2.38,4.98,NASA Exoplanet Archive spectra index
OBSERVED,776a704955a5f96dd8ca,HD 219666 b,transmission,Edwards et al. 2023,2023ApJS..269...31E,,Hubble Space Telescope satellite,Wide Field Camera 3,,not_provided_by_archive_index,G141,12/97/27/47/HD_219666_b_3.12304_5286_45.tbl,25,1.1262,1.6295,NASA Exoplanet Archive spectra index
OBSERVED,49209a387ece4f4cb868,HD 219666 b,transmission,Murphy et al. 2025,2025AJ....169..286M,,Hubble Space Telescope satellite,Wide Field Camera 3,,not_provided_by_archive_index,"G141, Combined Visits",26/34/94/73/HD_219666_b_3.12304_5677_3.tbl,15,1.13,1.604,NASA Exoplanet Archive spectra index
OBSERVED,f96bc8a45a1f56d342cb,HD 219666 b,transmission,Murphy et al. 2025,2025AJ....169..286M,,Hubble Space Telescope satellite,Wide Field Camera 3,,not_provided_by_archive_index,"G141, Visit 2",55/12/00/94/HD_219666_b_3.12304_5677_2.tbl,15,1.13,1.604,NASA Exoplanet Archive spectra index
OBSERVED,c033d8c86d864fd7b7f2,HD 219666 b,transmission,Murphy et al. 2025,2025AJ....169..286M,,Hubble Space Telescope satellite,Wide Field Camera 3,,not_provided_by_archive_index,"G141, Visit 1",82/71/95/80/HD_219666_b_3.12304_5677_1.tbl,15,1.13,1.604,NASA Exoplanet Archive spectra index
OBSERVED,dd0be75e90d1887688f4,HD 3167 c,transmission,Mikal-Evans et al. 2021,2021AJ....161...18M,,Spitzer Space Telescope satellite,Infrared Array Camera (IRAC),,not_provided_by_archive_index,Table 2,16/21/21/12/HD_3167_c_3.11925_5760_3.tbl,1,4.5,4.5,NASA Exoplanet Archive spectra index
OBSERVED,ee31daa94792e43ae5e5,HD 3167 c,transmission,Mikal-Evans et al. 2021,2021AJ....161...18M,,Hubble Space Telescope satellite,Wide Field Camera 3,,not_provided_by_archive_index,"Table 2, G141",55/77/84/88/HD_3167_c_3.11925_5760_1.tbl,28,1.134,1.634,NASA Exoplanet Archive spectra index
OBSERVED,fa74ac932c7a64a740fc,HD 3167 c,transmission,Mikal-Evans et al. 2021,2021AJ....161...18M,,The Kepler Mission,Kepler CCD Array,,not_provided_by_archive_index,Table 2,94/13/83/23/HD_3167_c_3.11925_5760_2.tbl,1,0.55,0.55,NASA Exoplanet Archive spectra index
OBSERVED,df25f57d045b59a756e9,HD 3167 c,transmission,Guilluy et al. 2021,2021AJ....161...19G,,Hubble Space Telescope satellite,Wide Field Camera 3,,not_provided_by_archive_index,Table 5,37/22/60/26/HD_3167_c_3.11925_5360_2.tbl,25,1.1262,1.6295,NASA Exoplanet Archive spectra index
OBSERVED,454e99a11c8b715d02b8,HD 80606 b,eclipse,de Wit et al. 2016,2016ApJ...820L..33D,,Spitzer Space Telescope satellite,Infrared Array Camera (IRAC),,not_provided_by_archive_index,from Table 1,61/91/30/78/HD_80606_b_3.11343_6040_1.tbl,2,4.5,8,NASA Exoplanet Archive spectra index
OBSERVED,f6e07c8528de405a1f21,HD 80606 b,eclipse,Deming et al. 2023,2023AJ....165..104D,,Spitzer Space Telescope satellite,Infrared Array Camera (IRAC),,not_provided_by_archive_index,"AOR = 38700544, date is start time.",40/28/89/25/HD_80606_b_3.11343_5869_146.tbl,1,4.5,4.5,NASA Exoplanet Archive spectra index
OBSERVED,3a9fb711bc9e0c915713,HD 80606 b,eclipse,Deming et al. 2023,2023AJ....165..104D,,Spitzer Space Telescope satellite,Infrared Array Camera (IRAC),,not_provided_by_archive_index,AOR = 45675088.,55/25/84/74/HD_80606_b_3.11343_5869_145.tbl,1,3.6,3.6,NASA Exoplanet Archive spectra index
OBSERVED,e5d483bee6ede5511a82,HD 80606 b,eclipse,Sikora et al. 2025,2025AJ....170..105S,,NASA 6.5m James Webb Space Telescope (JWST) Satellite Mission,Near Infrared Spectrograph (NIRSpec) - G395H,,not_provided_by_archive_index,"Figure 16, eclipse phase, Eureka! reduction",29/55/77/54/HD_80606_b_3.11343_5802_1.tbl,24,2.7993,5.1739,NASA Exoplanet Archive spectra index
OBSERVED,e50cf38100f37ccb5090,HD 86226 c,transmission,Kahle et al. 2025,2025A&A...701A.184K,,Hubble Space Telescope satellite,Wide Field Camera 3,,not_provided_by_archive_index,"G141 grism, figure 6, PACMAN reduction",36/49/84/11/HD_86226_c_3.12569_5977_2.tbl,21,1.133,1.637,NASA Exoplanet Archive spectra index
OBSERVED,a0cd134e92b4334ef6ea,HD 86226 c,transmission,Kahle et al. 2025,2025A&A...701A.184K,,Hubble Space Telescope satellite,Wide Field Camera 3,,not_provided_by_archive_index,"G141 grism, figure 6, Eureka! reduction",77/83/07/56/HD_86226_c_3.12569_5977_1.tbl,27,1.13,1.65,NASA Exoplanet Archive spectra index
OBSERVED,035230795bf3abe81a12,HD 95086 b,direct imaging,M&acirc;lin et al. 2024,2024A&A...690A.316M,,NASA 6.5m James Webb Space Telescope (JWST) Satellite Mission,Mid-Infrared Instrument (MIRI),,not_provided_by_archive_index,Flux values are from Table 6,94/06/46/93/HD_95086_b_3.11598_5573_1.tbl,2,10.575,11.3,NASA Exoplanet Archive spectra index
OBSERVED,50238735fad4114e342f,HD 97658 b,transmission,Knutson et al. 2014,2014ApJ...794..155K,,Hubble Space Telescope satellite,Wide Field Camera 3,,not_provided_by_archive_index,,20/04/94/68/HD_97658_b_3.11371_3424_1.tbl,28,1.132,1.622,NASA Exoplanet Archive spectra index
OBSERVED,18e93b1e4e93f3df923e,HD 97658 b,transmission,Guo et al. 2020,2020AJ....159..239G,,Spitzer Space Telescope satellite,Infrared Array Camera (IRAC),,not_provided_by_archive_index,Table 5,09/71/36/09/HD_97658_b_3.11371_5996_5.tbl,11,3.6,4.5,NASA Exoplanet Archive spectra index
OBSERVED,61d78fe8475bcc122beb,HD 97658 b,transmission,Guo et al. 2020,2020AJ....159..239G,,Hubble Space Telescope satellite,Space Telescope Imaging Spectrograph,,not_provided_by_archive_index,"Table 4, Observation 2",73/00/24/95/HD_97658_b_3.11371_5996_3.tbl,10,0.553,0.992,NASA Exoplanet Archive spectra index
OBSERVED,b39f6f1b00b70b0f341d,HD 97658 b,transmission,Guo et al. 2020,2020AJ....159..239G,,Hubble Space Telescope satellite,Space Telescope Imaging Spectrograph,,not_provided_by_archive_index,"Table 4, Observation 1",73/81/83/11/HD_97658_b_3.11371_5996_2.tbl,10,0.553,0.992,NASA Exoplanet Archive spectra index
OBSERVED,cbc442f9f807ad82bc58,HD 97658 b,transmission,Guo et al. 2020,2020AJ....159..239G,,Hubble Space Telescope satellite,Space Telescope Imaging Spectrograph,,not_provided_by_archive_index,"Table 4, Observation 3",84/44/11/34/HD_97658_b_3.11371_5996_4.tbl,10,0.553,0.992,NASA Exoplanet Archive spectra index
OBSERVED,19ace93a13dc195bae54,HD 97658 b,transmission,Guo et al. 2020,2020AJ....159..239G,,Hubble Space Telescope satellite,Wide Field Camera 3,,not_provided_by_archive_index,"Table 3, Logarithmic trend, averaged over four visits",87/27/68/80/HD_97658_b_3.11371_5996_1.tbl,28,1.132,1.641,NASA Exoplanet Archive spectra index
OBSERVED,983586f37a01c8447446,HD 97658 b,transmission,Edwards et al. 2023,2023ApJS..269...31E,,Hubble Space Telescope satellite,Wide Field Camera 3,,not_provided_by_archive_index,G141,09/54/73/45/HD_97658_b_3.11371_5286_46.tbl,25,1.1262,1.6295,NASA Exoplanet Archive spectra index
OBSERVED,eb65cc432a7160bea15e,HIP 41378 b,transmission,Edwards et al. 2023,2023ApJS..269...31E,,Hubble Space Telescope satellite,Wide Field Camera 3,,not_provided_by_archive_index,G141,88/09/12/84/HIP_41378_b_3.11908_5286_47.tbl,25,1.1262,1.6295,NASA Exoplanet Archive spectra index
OBSERVED,f798ec76738a4db4a484,HIP 41378 b,transmission,Brande et al. 2024,2024ApJ...961L..23B,,Hubble Space Telescope satellite,Wide Field Camera 3,,not_provided_by_archive_index,G141 grism; Table 4,97/26/76/77/HIP_41378_b_3.11908_6001_1.tbl,10,1.175,1.625,NASA Exoplanet Archive spectra index
OBSERVED,c0e017d2f95b9cd8288b,HIP 41378 f,transmission,Alam et al. 2022,2022ApJ...927L...5A,,Hubble Space Telescope satellite,Wide Field Camera 3,,not_provided_by_archive_index,Table 1,12/37/51/89/HIP_41378_f_3.11912_5702_1.tbl,30,1.113,1.652,NASA Exoplanet Archive spectra index
OBSERVED,e26b846defba786a74c8,HIP 41378 f,transmission,Edwards et al. 2023,2023ApJS..269...31E,,Hubble Space Telescope satellite,Wide Field Camera 3,,not_provided_by_archive_index,G141,05/93/18/95/HIP_41378_f_3.11912_5286_48.tbl,25,1.1262,1.6295,NASA Exoplanet Archive spectra index
OBSERVED,6f0e3daa456f657b1ae8,HIP 65426 b,direct imaging,Carter et al. 2023,2023ApJ...951L..20C,,NASA 6.5m James Webb Space Telescope (JWST) Satellite Mission,Near Infrared Camera (NIRCam),,not_provided_by_archive_index,,11/40/37/26/HIP_65426_b_3.12035_5465_1.tbl,5,2.523,4.397,NASA Exoplanet Archive spectra index
OBSERVED,2042b131dbc004b65d8d,HIP 65426 b,direct imaging,Carter et al. 2023,2023ApJ...951L..20C,,NASA 6.5m James Webb Space Telescope (JWST) Satellite Mission,Mid-Infrared Instrument (MIRI),,not_provided_by_archive_index,,43/60/20/27/HIP_65426_b_3.12035_5465_2.tbl,2,11.307,15.514,NASA Exoplanet Archive spectra index
OBSERVED,04171891a5dce202c3ba,HIP 67522 b,transmission,Thao et al. 2024,2024AJ....168..297T,,NASA 6.5m James Webb Space Telescope (JWST) Satellite Mission,Near Infrared Spectrograph (NIRSpec),,not_provided_by_archive_index,ExoTiC + Chromatic (Section 5.3),06/51/91/10/HIP_67522_b_3.12561_5512_2.tbl,141,2.7431,5.1596,NASA Exoplanet Archive spectra index
OBSERVED,46c28d11c9e6122e10f7,HIP 67522 b,transmission,Thao et al. 2024,2024AJ....168..297T,,NASA 6.5m James Webb Space Telescope (JWST) Satellite Mission,Near Infrared Spectrograph (NIRSpec),,not_provided_by_archive_index,ExoTiC+ custom (Section 5.4),73/46/35/77/HIP_67522_b_3.12561_5512_3.tbl,346,2.7522,5.171,NASA Exoplanet Archive spectra index
OBSERVED,f2884e1a833a6fff20ef,HIP 67522 b,transmission,Thao et al. 2024,2024AJ....168..297T,,NASA 6.5m James Webb Space Telescope (JWST) Satellite Mission,Near Infrared Spectrograph (NIRSpec),,not_provided_by_archive_index,JWST Science Calibration Pipeline + ExoTiC-JEDI (Section 5.2),99/90/46/44/HIP_67522_b_3.12561_5512_1.tbl,230,2.7501,5.1719,NASA Exoplanet Archive spectra index
OBSERVED,33d41450ec3c84c76ec8,HR 2562 b,direct imaging,Godoy et al. 2024,2024A&A...689A.185G,,NASA 6.5m James Webb Space Telescope (JWST) Satellite Mission,Mid-Infrared Instrument (MIRI),,not_provided_by_archive_index,"Filters F1065C, F1140C, and F1550C",88/83/96/38/HR_2562_b_3.11929_5637_1.tbl,3,10.575,15.5,NASA Exoplanet Archive spectra index
OBSERVED,255cb7182be8c8975b80,HR 8799 b,direct imaging,Boccaletti et al. 2024,2024A&A...686A..33B,,NASA 6.5m James Webb Space Telescope (JWST) Satellite Mission,Mid-Infrared Instrument (MIRI),,not_provided_by_archive_index,cal,30/53/60/59/HR_8799_b_3.11390_5466_2.tbl,3,10.575,15.5,NASA Exoplanet Archive spectra index
OBSERVED,3e3906a8c9d90604a44b,HR 8799 b,direct imaging,Boccaletti et al. 2024,2024A&A...686A..33B,,NASA 6.5m James Webb Space Telescope (JWST) Satellite Mission,Mid-Infrared Instrument (MIRI),,not_provided_by_archive_index,rate,58/61/63/58/HR_8799_b_3.11390_5466_1.tbl,3,10.575,15.5,NASA Exoplanet Archive spectra index
OBSERVED,fbce29a83dab8e4a8c80,HR 8799 b,direct imaging,Xuan et al. 2026,2026ApJ..1000...27X,,NASA 6.5m James Webb Space Telescope (JWST) Satellite Mission,Near Infrared Spectrograph (NIRSpec) - G395H,,not_provided_by_archive_index,NRS2; spectra are high-pass filtered,17/53/54/68/HR_8799_b_3.11390_5962_2.tbl,2142,4.081,5.28,NASA Exoplanet Archive spectra index
OBSERVED,1fa5a54f546da8452ead,HR 8799 b,direct imaging,Xuan et al. 2026,2026ApJ..1000...27X,,NASA 6.5m James Webb Space Telescope (JWST) Satellite Mission,Near Infrared Spectrograph (NIRSpec) - G395H,,not_provided_by_archive_index,NRS1; spectra are high-pass filtered,83/37/38/97/HR_8799_b_3.11390_5962_1.tbl,2222,2.859,4.1028,NASA Exoplanet Archive spectra index
OBSERVED,64b3609e39d843aed6d7,HR 8799 c,direct imaging,Greenbaum et al. 2018,2018AJ....155..226G,,Association of Universities for Research in Astronomy (AURA) 8.1m Gemini South Telescope at Cerro Pachon,Gemini Planet Imager (GPI),,not_provided_by_archive_index,Full Reduced Spectrum,76/95/66/17/HR_8799_c_3.11391_5636_1.tbl,111,1.5078,2.3697,NASA Exoplanet Archive spectra index
OBSERVED,1bf4e4a890152decc8dc,HR 8799 c,direct imaging,Doelman et al. 2022,2022AJ....163..217D,,Large Binocular Telescope Observatory,LMIRCam/ALES,,not_provided_by_archive_index,,89/03/41/38/HR_8799_c_3.11391_5462_1.tbl,51,3.081,4.144,NASA Exoplanet Archive spectra index
OBSERVED,f58aee1790d24fefd32a,HR 8799 c,direct imaging,Wang et al. 2022,2022AJ....164..143W,,Subaru Telescope,CHARIS integral field spectrograph,,not_provided_by_archive_index,Night 2,17/92/05/27/HR_8799_c_3.11391_5461_2.tbl,22,1.16,2.369,NASA Exoplanet Archive spectra index
OBSERVED,2d7a988581d8f845cd1d,HR 8799 c,direct imaging,Wang et al. 2022,2022AJ....164..143W,,Subaru Telescope,CHARIS integral field spectrograph,,not_provided_by_archive_index,Night 1,82/77/90/84/HR_8799_c_3.11391_5461_1.tbl,22,1.16,2.369,NASA Exoplanet Archive spectra index
OBSERVED,9cbc558ff0a8cf2313e8,HR 8799 c,direct imaging,Boccaletti et al. 2024,2024A&A...686A..33B,,NASA 6.5m James Webb Space Telescope (JWST) Satellite Mission,Mid-Infrared Instrument (MIRI),,not_provided_by_archive_index,rate,10/07/37/70/HR_8799_c_3.11391_5466_1.tbl,2,10.575,11.3,NASA Exoplanet Archive spectra index
OBSERVED,01e54a6bebd03f578686,HR 8799 c,direct imaging,Boccaletti et al. 2024,2024A&A...686A..33B,,NASA 6.5m James Webb Space Telescope (JWST) Satellite Mission,Mid-Infrared Instrument (MIRI),,not_provided_by_archive_index,cal,56/40/09/01/HR_8799_c_3.11391_5466_2.tbl,2,10.575,11.3,NASA Exoplanet Archive spectra index
OBSERVED,10738aae7fd95a15b49e,HR 8799 c,direct imaging,Xuan et al. 2026,2026ApJ..1000...27X,,NASA 6.5m James Webb Space Telescope (JWST) Satellite Mission,Near Infrared Spectrograph (NIRSpec) - G395H,,not_provided_by_archive_index,NRS2; spectra are high-pass filtered,45/51/63/13/HR_8799_c_3.11391_5962_4.tbl,2142,4.081,5.28,NASA Exoplanet Archive spectra index
OBSERVED,2070d1e0556bbbd40cf2,HR 8799 c,direct imaging,Xuan et al. 2026,2026ApJ..1000...27X,,NASA 6.5m James Webb Space Telescope (JWST) Satellite Mission,Near Infrared Spectrograph (NIRSpec) - G395H,,not_provided_by_archive_index,NRS1; spectra are high-pass filtered,61/64/92/29/HR_8799_c_3.11391_5962_3.tbl,2222,2.859,4.1028,NASA Exoplanet Archive spectra index
OBSERVED,627b6a7621133bcb6bad,HR 8799 c,direct imaging,Ruffio et al. 2026,2026NatAs..10..511R,,NASA 6.5m James Webb Space Telescope (JWST) Satellite Mission,Near Infrared Spectrograph (NIRSpec) - G395H,,not_provided_by_archive_index,Figure 2; spectra are high-pass filtered; NRS2,12/19/20/04/HR_8799_c_3.11391_5887_2.tbl,2142,4.081,5.28,NASA Exoplanet Archive spectra index
OBSERVED,accf961e3f19a2f01016,HR 8799 c,direct imaging,Ruffio et al. 2026,2026NatAs..10..511R,,NASA 6.5m James Webb Space Telescope (JWST) Satellite Mission,Near Infrared Spectrograph (NIRSpec) - G395H,,not_provided_by_archive_index,Figure 2; spectra are high-pass filtered; NRS1,99/49/84/47/HR_8799_c_3.11391_5887_1.tbl,2222,2.859,4.1028,NASA Exoplanet Archive spectra index
OBSERVED,668d7a8ca1cfa9419200,HR 8799 d,direct imaging,Greenbaum et al. 2018,2018AJ....155..226G,,Association of Universities for Research in Astronomy (AURA) 8.1m Gemini South Telescope at Cerro Pachon,Gemini Planet Imager (GPI),,not_provided_by_archive_index,Full Reduced Spectrum,34/48/79/87/HR_8799_d_3.11392_5636_1.tbl,111,1.5078,2.3697,NASA Exoplanet Archive spectra index
OBSERVED,2d2c6f72fd29f0506f0b,HR 8799 d,direct imaging,Doelman et al. 2022,2022AJ....163..217D,,Large Binocular Telescope Observatory,LMIRCam/ALES,,not_provided_by_archive_index,,02/03/00/07/HR_8799_d_3.11392_5462_1.tbl,51,3.081,4.144,NASA Exoplanet Archive spectra index
OBSERVED,fb36b5da9ca816b37401,HR 8799 d,direct imaging,Wang et al. 2022,2022AJ....164..143W,,Subaru Telescope,CHARIS integral field spectrograph,,not_provided_by_archive_index,Night 1,69/28/79/19/HR_8799_d_3.11392_5461_1.tbl,22,1.16,2.369,NASA Exoplanet Archive spectra index
OBSERVED,78e8c691502b1c210b6b,HR 8799 d,direct imaging,Wang et al. 2022,2022AJ....164..143W,,Subaru Telescope,CHARIS integral field spectrograph,,not_provided_by_archive_index,Night 2,71/20/52/63/HR_8799_d_3.11392_5461_2.tbl,22,1.16,2.369,NASA Exoplanet Archive spectra index
OBSERVED,2afe58f7817ad9bdd291,HR 8799 d,direct imaging,Boccaletti et al. 2024,2024A&A...686A..33B,,NASA 6.5m James Webb Space Telescope (JWST) Satellite Mission,Mid-Infrared Instrument (MIRI),,not_provided_by_archive_index,rate,62/02/10/29/HR_8799_d_3.11392_5466_1.tbl,2,10.575,11.3,NASA Exoplanet Archive spectra index
OBSERVED,d19a5006b8ed4634bbd8,HR 8799 d,direct imaging,Boccaletti et al. 2024,2024A&A...686A..33B,,NASA 6.5m James Webb Space Telescope (JWST) Satellite Mission,Mid-Infrared Instrument (MIRI),,not_provided_by_archive_index,cal,87/86/84/67/HR_8799_d_3.11392_5466_2.tbl,2,10.575,11.3,NASA Exoplanet Archive spectra index
OBSERVED,77ebb1eff36721b670ef,HR 8799 d,direct imaging,Xuan et al. 2026,2026ApJ..1000...27X,,NASA 6.5m James Webb Space Telescope (JWST) Satellite Mission,Near Infrared Spectrograph (NIRSpec) - G395H,,not_provided_by_archive_index,NRS1; spectra are high-pass filtered,20/12/85/00/HR_8799_d_3.11392_5962_5.tbl,2222,2.859,4.1028,NASA Exoplanet Archive spectra index
OBSERVED,2312da51ccb1eb672889,HR 8799 d,direct imaging,Xuan et al. 2026,2026ApJ..1000...27X,,NASA 6.5m James Webb Space Telescope (JWST) Satellite Mission,Near Infrared Spectrograph (NIRSpec) - G395H,,not_provided_by_archive_index,NRS2; spectra are high-pass filtered,67/62/25/28/HR_8799_d_3.11392_5962_6.tbl,2142,4.081,5.28,NASA Exoplanet Archive spectra index
OBSERVED,10ddc4960d8ec758b634,HR 8799 d,direct imaging,Ruffio et al. 2026,2026NatAs..10..511R,,NASA 6.5m James Webb Space Telescope (JWST) Satellite Mission,Near Infrared Spectrograph (NIRSpec) - G395H,,not_provided_by_archive_index,Figure 2; spectra are high-pass filtered; NRS1,59/26/27/26/HR_8799_d_3.11392_5887_3.tbl,2222,2.859,4.1028,NASA Exoplanet Archive spectra index
OBSERVED,57a5b3863c98eaccd2e2,HR 8799 d,direct imaging,Ruffio et al. 2026,2026NatAs..10..511R,,NASA 6.5m James Webb Space Telescope (JWST) Satellite Mission,Near Infrared Spectrograph (NIRSpec) - G395H,,not_provided_by_archive_index,Figure 2; spectra are high-pass filtered; NRS2,85/45/03/02/HR_8799_d_3.11392_5887_4.tbl,2142,4.081,5.28,NASA Exoplanet Archive spectra index
OBSERVED,4673ff659ef2b6695b6e,HR 8799 e,direct imaging,Greenbaum et al. 2018,2018AJ....155..226G,,Association of Universities for Research in Astronomy (AURA) 8.1m Gemini South Telescope at Cerro Pachon,Gemini Planet Imager (GPI),,not_provided_by_archive_index,Full Reduced Spectrum,68/99/87/93/HR_8799_e_3.11393_5636_1.tbl,87,1.5217,2.3287,NASA Exoplanet Archive spectra index
OBSERVED,ff77362f32a362ad1766,HR 8799 e,direct imaging,Doelman et al. 2022,2022AJ....163..217D,,Large Binocular Telescope Observatory,LMIRCam/ALES,,not_provided_by_archive_index,,11/86/19/23/HR_8799_e_3.11393_5462_1.tbl,51,3.081,4.144,NASA Exoplanet Archive spectra index
OBSERVED,c4db11435d9b101dad09,HR 8799 e,direct imaging,Wang et al. 2022,2022AJ....164..143W,,Subaru Telescope,CHARIS integral field spectrograph,,not_provided_by_archive_index,Night 1,56/44/62/75/HR_8799_e_3.11393_5461_1.tbl,22,1.16,2.369,NASA Exoplanet Archive spectra index
OBSERVED,93e0e3ef7ef4b230e3f7,HR 8799 e,direct imaging,Wang et al. 2022,2022AJ....164..143W,,Subaru Telescope,CHARIS integral field spectrograph,,not_provided_by_archive_index,Night 2,98/32/81/77/HR_8799_e_3.11393_5461_2.tbl,22,1.16,2.369,NASA Exoplanet Archive spectra index
OBSERVED,fe82ca3d5910a7840f6b,HR 8799 e,direct imaging,Boccaletti et al. 2024,2024A&A...686A..33B,,NASA 6.5m James Webb Space Telescope (JWST) Satellite Mission,Mid-Infrared Instrument (MIRI),,not_provided_by_archive_index,rate,41/05/53/94/HR_8799_e_3.11393_5466_1.tbl,2,10.575,11.3,NASA Exoplanet Archive spectra index
OBSERVED,2cb6f19377f51787018e,HR 8799 e,direct imaging,Boccaletti et al. 2024,2024A&A...686A..33B,,NASA 6.5m James Webb Space Telescope (JWST) Satellite Mission,Mid-Infrared Instrument (MIRI),,not_provided_by_archive_index,cal,50/10/91/64/HR_8799_e_3.11393_5466_2.tbl,2,10.575,11.3,NASA Exoplanet Archive spectra index
OBSERVED,4896e939bb1e32c25a88,HR 8799 e,direct imaging,Xuan et al. 2026,2026ApJ..1000...27X,,NASA 6.5m James Webb Space Telescope (JWST) Satellite Mission,Near Infrared Spectrograph (NIRSpec) - G395H,,not_provided_by_archive_index,NRS2; spectra are high-pass filtered,79/20/99/08/HR_8799_e_3.11393_5962_8.tbl,2142,4.081,5.28,NASA Exoplanet Archive spectra index
OBSERVED,5a6b8c7fb22f1f2717d9,HR 8799 e,direct imaging,Xuan et al. 2026,2026ApJ..1000...27X,,NASA 6.5m James Webb Space Telescope (JWST) Satellite Mission,Near Infrared Spectrograph (NIRSpec) - G395H,,not_provided_by_archive_index,NRS1; spectra are high-pass filtered,92/28/94/39/HR_8799_e_3.11393_5962_7.tbl,2222,2.859,4.1028,NASA Exoplanet Archive spectra index
OBSERVED,457e1b9b9fb00437058a,HR 8799 e,direct imaging,Ruffio et al. 2026,2026NatAs..10..511R,,NASA 6.5m James Webb Space Telescope (JWST) Satellite Mission,Near Infrared Spectrograph (NIRSpec) - G395H,,not_provided_by_archive_index,Figure 2; spectra are high-pass filtered; NRS2,41/92/98/79/HR_8799_e_3.11393_5887_6.tbl,2142,4.081,5.28,NASA Exoplanet Archive spectra index
OBSERVED,476a2d72c270e224e987,HR 8799 e,direct imaging,Ruffio et al. 2026,2026NatAs..10..511R,,NASA 6.5m James Webb Space Telescope (JWST) Satellite Mission,Near Infrared Spectrograph (NIRSpec) - G395H,,not_provided_by_archive_index,Figure 2; spectra are high-pass filtered; NRS1,85/13/03/49/HR_8799_e_3.11393_5887_5.tbl,2222,2.859,4.1028,NASA Exoplanet Archive spectra index
OBSERVED,f9ab364f1a4a94c122c8,K2-18 b,transmission,Benneke et al. 2019,2019ApJ...887L..14B,,The Kepler Mission,Kepler CCD camera,,not_provided_by_archive_index,,26/73/62/03/K2_18_b_3.11793_4609_2.tbl,1,0.66,0.66,NASA Exoplanet Archive spectra index
OBSERVED,2e381e20dff83123fa8d,K2-18 b,transmission,Benneke et al. 2019,2019ApJ...887L..14B,,Spitzer Space Telescope satellite,Infrared Array Camera (IRAC),,not_provided_by_archive_index,,67/26/77/06/K2_18_b_3.11793_4609_3.tbl,2,3.54,4.49,NASA Exoplanet Archive spectra index
OBSERVED,40d2f0bac3a548a727b2,K2-18 b,transmission,Benneke et al. 2019,2019ApJ...887L..14B,,Hubble Space Telescope satellite,Wide Field Camera 3,,not_provided_by_archive_index,,77/18/82/78/K2_18_b_3.11793_4609_1.tbl,17,1.14,1.61,NASA Exoplanet Archive spectra index
OBSERVED,2c52ee51b4dc0aec8930,K2-18 b,transmission,Tsiaras et al. 2019,2019NatAs...3.1086T,,Hubble Space Telescope satellite,Wide Field Camera 3,,not_provided_by_archive_index,,52/38/19/41/K2_18_b_3.11793_4396_1.tbl,17,1.156,1.606,NASA Exoplanet Archive spectra index
OBSERVED,472dc5a865f72a540c1c,K2-18 b,transmission,Madhusudhan et al. 2023,2023ApJ...956L..13M,,NASA 6.5m James Webb Space Telescope (JWST) Satellite Mission,Near Infrared Imager and Slitless Spectrograph (NIRISS),,not_provided_by_archive_index,Figure 3,42/18/18/80/K2_18_b_3.11793_5255_2.tbl,1010,0.8523,2.827,NASA Exoplanet Archive spectra index
OBSERVED,fbdd7666c6279f39aeef,K2-18 b,transmission,Madhusudhan et al. 2023,2023ApJ...956L..13M,,NASA 6.5m James Webb Space Telescope (JWST) Satellite Mission,Near Infrared Spectrograph (NIRSpec),,not_provided_by_archive_index,Figure 3,53/95/71/99/K2_18_b_3.11793_5255_1.tbl,3401,2.7428,5.1743,NASA Exoplanet Archive spectra index
OBSERVED,90e06937e71839a8359d,K2-18 b,transmission,Madhusudhan et al. 2025,2025ApJ...983L..40M,,NASA 6.5m James Webb Space Telescope (JWST) Satellite Mission,Mid-Infrared Instrument (MIRI) - LRS,,not_provided_by_archive_index,"Figure 4, JexoPipe",22/00/77/70/K2_18_b_3.11793_5638_2.tbl,29,5.776,11.7913,NASA Exoplanet Archive spectra index
OBSERVED,a5beec05ae09990b0950,K2-18 b,transmission,Madhusudhan et al. 2025,2025ApJ...983L..40M,,NASA 6.5m James Webb Space Telescope (JWST) Satellite Mission,Mid-Infrared Instrument (MIRI) - LRS,,not_provided_by_archive_index,"Figure 4, JExoRES",82/49/11/80/K2_18_b_3.11793_5638_1.tbl,29,5.7763,11.7914,NASA Exoplanet Archive spectra index
OBSERVED,503b49bf689917598c11,K2-22 b,transmission,Tusay et al. 2025,2025ApJ...987L...6T,,NASA 6.5m James Webb Space Telescope (JWST) Satellite Mission,Mid-Infrared Instrument (MIRI) - LRS,,not_provided_by_archive_index,"Infrared Spectrum, Unbinned",03/00/05/87/K2_22_b_3.11807_5742_3.tbl,230,4.3912,11.8458,NASA Exoplanet Archive spectra index
OBSERVED,0f4509971309e9fcff05,K2-22 b,transmission,Tusay et al. 2025,2025ApJ...987L...6T,,NASA 6.5m James Webb Space Telescope (JWST) Satellite Mission,Mid-Infrared Instrument (MIRI) - LRS,,not_provided_by_archive_index,"Infrared Spectrum, Binned, R17",36/61/78/72/K2_22_b_3.11807_5742_1.tbl,17,4.5243,11.5988,NASA Exoplanet Archive spectra index
OBSERVED,5002f761d086e41a6adc,K2-22 b,transmission,Tusay et al. 2025,2025ApJ...987L...6T,,CHaracterising ExOPlanet Satellite (CHEOPS),Teledyne e2v CCD detector,,not_provided_by_archive_index,Optical Spectrum,44/43/64/21/K2_22_b_3.11807_5742_2.tbl,1,0.715,0.715,NASA Exoplanet Archive spectra index
OBSERVED,e20d477749c3ca62a276,K2-24 b,transmission,Edwards et al. 2023,2023ApJS..269...31E,,Hubble Space Telescope satellite,Wide Field Camera 3,,not_provided_by_archive_index,G141,37/31/62/35/K2_24_b_3.8918_5286_49.tbl,25,1.1262,1.6295,NASA Exoplanet Archive spectra index
OBSERVED,a95b65665858ba532ec8,K2-25 b,transmission,Thao et al. 2020,2020AJ....159...32T,,Las Cumbres Observatory Global Telescope (LCOGT) 1m telescopes,Sinistro 4k x 4k CCD imagers,,not_provided_by_archive_index,from Table 4; BANZAI pipeline,29/53/29/72/K2_25_b_3.11841_6076_3.tbl,1,0.7545,0.7545,NASA Exoplanet Archive spectra index
OBSERVED,c3bbd92815cda24be074,K2-25 b,transmission,Thao et al. 2020,2020AJ....159...32T,,Spitzer Space Telescope satellite,Infrared Array Camera (IRAC),,not_provided_by_archive_index,from Table 4; Channels 1 & 2,58/32/59/25/K2_25_b_3.11841_6076_4.tbl,2,3.6,4.5,NASA Exoplanet Archive spectra index
OBSERVED,27bc784d9be9d11b28d0,K2-25 b,transmission,Thao et al. 2020,2020AJ....159...32T,,The Kepler Mission,Kepler CCD Array,,not_provided_by_archive_index,from Table 4,62/11/10/71/K2_25_b_3.11841_6076_1.tbl,1,0.66,0.66,NASA Exoplanet Archive spectra index
OBSERVED,a10ccb688e0b37a7a196,K2-25 b,transmission,Thao et al. 2020,2020AJ....159...32T,,The MEarth project Fred Lawrence Whipple Observatory (FLWO) and Cerro Tololo Inter-American Observatory (CTIO) 40-cm telescopes,2048 x 2048 pixel CCD,,not_provided_by_archive_index,from Table 4; Schott RG715 filter,84/51/89/54/K2_25_b_3.11841_6076_2.tbl,1,0.85,0.85,NASA Exoplanet Archive spectra index
OBSERVED,863d249de14197901596,K2-26 b,transmission,Beichman et al. 2016,2016ApJ...822...39B,,The Kepler Mission,Kepler CCD Array,,not_provided_by_archive_index,,15/60/67/80/K2_26_b_3.11845_3773_2.tbl,1,0.6,0.6,NASA Exoplanet Archive spectra index
OBSERVED,235c2038e11622ba2524,K2-26 b,transmission,Beichman et al. 2016,2016ApJ...822...39B,,Spitzer Space Telescope satellite,Infrared Array Camera (IRAC),,not_provided_by_archive_index,,21/39/75/77/K2_26_b_3.11845_3773_1.tbl,1,4.5,4.5,NASA Exoplanet Archive spectra index
OBSERVED,f218241c8d5f8233e7b1,K2-3 b,transmission,Beichman et al. 2016,2016ApJ...822...39B,,The Kepler Mission,Kepler CCD Array,,not_provided_by_archive_index,,09/16/59/96/K2_3_b_3.11741_3773_2.tbl,1,0.6,0.6,NASA Exoplanet Archive spectra index
OBSERVED,5935c599fdbdeb1363cb,K2-3 b,transmission,Beichman et al. 2016,2016ApJ...822...39B,,Spitzer Space Telescope satellite,Infrared Array Camera (IRAC),,not_provided_by_archive_index,,49/61/31/51/K2_3_b_3.11741_3773_1.tbl,1,4.5,4.5,NASA Exoplanet Archive spectra index
OBSERVED,298bc78a03863f548c5f,K2-3 c,transmission,Beichman et al. 2016,2016ApJ...822...39B,,The Kepler Mission,Kepler CCD Array,,not_provided_by_archive_index,,00/82/32/03/K2_3_c_3.11742_3773_2.tbl,1,0.6,0.6,NASA Exoplanet Archive spectra index
OBSERVED,b33bfddfc8070e218c7f,K2-3 c,transmission,Beichman et al. 2016,2016ApJ...822...39B,,Spitzer Space Telescope satellite,Infrared Array Camera (IRAC),,not_provided_by_archive_index,,29/27/01/18/K2_3_c_3.11742_3773_1.tbl,1,4.5,4.5,NASA Exoplanet Archive spectra index
OBSERVED,14aed9d21ccb0a7c14f8,K2-3 d,transmission,Beichman et al. 2016,2016ApJ...822...39B,,The Kepler Mission,Kepler CCD Array,,not_provided_by_archive_index,,21/06/88/31/K2_3_d_3.11743_3773_1.tbl,1,0.6,0.6,NASA Exoplanet Archive spectra index
OBSERVED,761e3001f26fbb21927c,K2-3 d,transmission,Beichman et al. 2016,2016ApJ...822...39B,,Spitzer Space Telescope satellite,Infrared Array Camera (IRAC),,not_provided_by_archive_index,,79/33/18/21/K2_3_d_3.11743_3773_2.tbl,1,4.5,4.5,NASA Exoplanet Archive spectra index
OBSERVED,ca341cff742d5e37ed21,K2-33 b,transmission,Thao et al. 2023,2023AJ....165...23T,,Hubble Space Telescope satellite,Wide Field Camera 3,,not_provided_by_archive_index,Table 5; G141 grating,97/88/44/97/K2_33_b_3.8940_6034_2.tbl,15,1.1092,1.6589,NASA Exoplanet Archive spectra index
OBSERVED,d22214ce983c9087fcc5,K2-33 b,transmission,Thao et al. 2023,2023AJ....165...23T,,Spitzer Space Telescope satellite,Infrared Array Camera (IRAC),,not_provided_by_archive_index,Combined transits; Table 3,98/97/20/39/K2_33_b_3.8940_6034_1.tbl,2,3.6,4.5,NASA Exoplanet Archive spectra index
OBSERVED,c9486af24c3c96f3c99e,KELT-1 b,eclipse,Beatty et al. 2014,2014ApJ...783..112B,,University of Louisville 0.6m (24inch) Telescope at Moore Observatory,Apogee CCD,,not_provided_by_archive_index,eclipse depth taken from Abstract,34/59/31/62/KELT_1_b_3.11521_4113_1.tbl,1,0.905,0.905,NASA Exoplanet Archive spectra index
OBSERVED,62679f90b1371c524063,KELT-1 b,eclipse,Beatty et al. 2014,2014ApJ...783..112B,,Spitzer Space Telescope satellite,Infrared Array Camera (IRAC),,not_provided_by_archive_index,eclipse depth taken from Abstract,96/71/66/88/KELT_1_b_3.11521_4113_2.tbl,2,3.6,4.5,NASA Exoplanet Archive spectra index
OBSERVED,39c1828a171b52432241,KELT-1 b,eclipse,Croll et al. 2015,2015ApJ...802...28C,,3.58m Canada-France-Hawaii Telescope (CFHT) at Mauna Kea Observatory,WIRCam,,not_provided_by_archive_index,"Table 5, KELT-1 Ks band, Actual Eclipse Depth",58/34/57/54/KELT_1_b_3.11521_4119_1.tbl,1,2.19,2.19,NASA Exoplanet Archive spectra index
OBSERVED,51fdad0be8575b970ee7,KELT-1 b,eclipse,Beatty et al. 2017,2017AJ....154..242B,,LBT Consortium Large Binocular Telescope (LBT) at Mount Graham International Observatory,LUCI1,,not_provided_by_archive_index,Table 3,17/50/30/35/KELT_1_b_3.11521_4126_1.tbl,5,1.57,1.73,NASA Exoplanet Archive spectra index
OBSERVED,afd23ddeb52a60dc02a4,KELT-1 b,eclipse,Beatty et al. 2020,2020AJ....160..211B,,Transiting Exoplanet Survey Satellite,TESS CCD Array,,not_provided_by_archive_index,"from Table 2, polynomial detrending solution",71/60/47/44/KELT_1_b_3.11521_6071_1.tbl,1,0.82,0.82,NASA Exoplanet Archive spectra index
OBSERVED,9658ef986c868f85b7e7,KELT-1 b,eclipse,Changeat et al. 2022,2022ApJS..260....3C,,Hubble Space Telescope satellite,Wide Field Camera 3,,not_provided_by_archive_index,Figure 2,13/56/57/38/KELT_1_b_3.11521_5219_116.tbl,25,1.1263,1.6295,NASA Exoplanet Archive spectra index
OBSERVED,080d58c6c25d8e942c52,KELT-1 b,eclipse,Changeat et al. 2022,2022ApJS..260....3C,,Spitzer Space Telescope satellite,Infrared Array Camera (IRAC),,not_provided_by_archive_index,Figure 2,30/41/69/30/KELT_1_b_3.11521_5219_117.tbl,2,3.6,4.5,NASA Exoplanet Archive spectra index
OBSERVED,cae0681b2567577efd20,KELT-1 b,eclipse,Deming et al. 2023,2023AJ....165..104D,,Spitzer Space Telescope satellite,Infrared Array Camera (IRAC),,not_provided_by_archive_index,"AOR = 57840640, date is start time.",01/41/86/22/KELT_1_b_3.11521_5869_152.tbl,1,4.5,4.5,NASA Exoplanet Archive spectra index
OBSERVED,f5697289ef28bcd5c096,KELT-1 b,eclipse,Deming et al. 2023,2023AJ....165..104D,,Spitzer Space Telescope satellite,Infrared Array Camera (IRAC),,not_provided_by_archive_index,"AOR = 53077504, date is start time.",19/28/12/54/KELT_1_b_3.11521_5869_151.tbl,1,4.5,4.5,NASA Exoplanet Archive spectra index
OBSERVED,ec7311f870e18c0ca7a4,KELT-1 b,eclipse,Deming et al. 2023,2023AJ....165..104D,,Spitzer Space Telescope satellite,Infrared Array Camera (IRAC),,not_provided_by_archive_index,"AOR = 45833472, date is start time.",46/75/57/18/KELT_1_b_3.11521_5869_147.tbl,1,3.6,3.6,NASA Exoplanet Archive spectra index
OBSERVED,b8078d67891ec79985f8,KELT-1 b,eclipse,Deming et al. 2023,2023AJ....165..104D,,Spitzer Space Telescope satellite,Infrared Array Camera (IRAC),,not_provided_by_archive_index,"AOR = 45833728, date is start time.",51/45/96/44/KELT_1_b_3.11521_5869_150.tbl,1,4.5,4.5,NASA Exoplanet Archive spectra index
OBSERVED,1fe8ae63ebf44cc43a18,KELT-1 b,eclipse,Deming et al. 2023,2023AJ....165..104D,,Spitzer Space Telescope satellite,Infrared Array Camera (IRAC),,not_provided_by_archive_index,"AOR = 57840896, date is start time.",70/17/61/15/KELT_1_b_3.11521_5869_149.tbl,1,3.6,3.6,NASA Exoplanet Archive spectra index
OBSERVED,b9f8bccd6e999f308979,KELT-1 b,eclipse,Deming et al. 2023,2023AJ....165..104D,,Spitzer Space Telescope satellite,Infrared Array Camera (IRAC),,not_provided_by_archive_index,"AOR = 53076736, date is start time.",84/47/86/81/KELT_1_b_3.11521_5869_148.tbl,1,3.6,3.6,NASA Exoplanet Archive spectra index
OBSERVED,35f9465565e73ba5761d,KELT-1 b,transmission,Changeat et al. 2022,2022ApJS..260....3C,,Hubble Space Telescope satellite,Wide Field Camera 3,,not_provided_by_archive_index,Figure 2,56/77/72/65/KELT_1_b_3.11521_5219_49.tbl,25,1.1263,1.6295,NASA Exoplanet Archive spectra index
OBSERVED,29b37a7a75a543de04df,KELT-1 b,transmission,Edwards et al. 2023,2023ApJS..269...31E,,Hubble Space Telescope satellite,Wide Field Camera 3,,not_provided_by_archive_index,G141,01/95/59/83/KELT_1_b_3.11521_5286_50.tbl,25,1.1262,1.6295,NASA Exoplanet Archive spectra index
OBSERVED,db47810ecbf78c73e983,KELT-11 b,eclipse,Deming et al. 2023,2023AJ....165..104D,,Spitzer Space Telescope satellite,Infrared Array Camera (IRAC),,not_provided_by_archive_index,"AOR = 64919296, date is start time.",22/79/54/93/KELT_11_b_3.12023_5869_163.tbl,1,4.5,4.5,NASA Exoplanet Archive spectra index
OBSERVED,a967d44a566f33d3b89c,KELT-11 b,transmission,Changeat et al. 2020,2020AJ....160..260C,,Hubble Space Telescope satellite,Wide Field Camera 3,,not_provided_by_archive_index,,09/62/02/13/KELT_11_b_3.12023_4706_1.tbl,25,1.1262,1.6294,NASA Exoplanet Archive spectra index
OBSERVED,65f1448b9aff1314626b,KELT-11 b,transmission,Col&oacute;n et al. 2020,2020AJ....160..280C,,Spitzer Space Telescope satellite,Infrared Array Camera (IRAC),,not_provided_by_archive_index,,25/32/15/31/KELT_11_b_3.12023_4692_1.tbl,1,3.6,3.6,NASA Exoplanet Archive spectra index
OBSERVED,defc14ff698b2558ae37,KELT-11 b,transmission,Col&oacute;n et al. 2020,2020AJ....160..280C,,Hubble Space Telescope satellite,Wide Field Camera 3,,not_provided_by_archive_index,,62/24/60/89/KELT_11_b_3.12023_4692_2.tbl,21,1.137,1.637,NASA Exoplanet Archive spectra index
OBSERVED,694e3184dcdaa4180ba0,KELT-14 b,eclipse,Deming et al. 2023,2023AJ....165..104D,,Spitzer Space Telescope satellite,Infrared Array Camera (IRAC),,not_provided_by_archive_index,"AOR = 61520384, date is start time.",25/65/87/16/WASP_122_b_3.11866_5869_419.tbl,1,4.5,4.5,NASA Exoplanet Archive spectra index
OBSERVED,ac8b46b11ed53455caef,KELT-14 b,eclipse,Deming et al. 2023,2023AJ....165..104D,,Spitzer Space Telescope satellite,Infrared Array Camera (IRAC),,not_provided_by_archive_index,"AOR = 61522176, date is start time.",27/90/24/03/WASP_122_b_3.11866_5869_417.tbl,1,3.6,3.6,NASA Exoplanet Archive spectra index
OBSERVED,d3bc90eefebc4c08783b,KELT-14 b,eclipse,Deming et al. 2023,2023AJ....165..104D,,Spitzer Space Telescope satellite,Infrared Array Camera (IRAC),,not_provided_by_archive_index,"AOR = 61520128, date is start time.",36/60/48/42/WASP_122_b_3.11866_5869_418.tbl,1,4.5,4.5,NASA Exoplanet Archive spectra index
OBSERVED,2218792032b042956cba,KELT-14 b,eclipse,Deming et al. 2023,2023AJ....165..104D,,Spitzer Space Telescope satellite,Infrared Array Camera (IRAC),,not_provided_by_archive_index,"AOR = 61521920, date is start time.",36/91/43/56/WASP_122_b_3.11866_5869_416.tbl,1,3.6,3.6,NASA Exoplanet Archive spectra index
OBSERVED,023c6d3b670d0557a068,KELT-16 b,eclipse,Bell et al. 2021,2021MNRAS.504.3316B,,Spitzer Space Telescope satellite,Infrared Array Camera (IRAC),,not_provided_by_archive_index,Table 4,62/67/94/53/KELT_16_b_3.11989_6052_2.tbl,1,4.5,4.5,NASA Exoplanet Archive spectra index
OBSERVED,0e0a617772c1ac0ee65f,KELT-16 b,eclipse,Deming et al. 2023,2023AJ....165..104D,,Spitzer Space Telescope satellite,Infrared Array Camera (IRAC),,not_provided_by_archive_index,"AOR = 67669248, date is start time.",19/58/78/17/KELT_16_b_3.11989_5869_165.tbl,1,4.5,4.5,NASA Exoplanet Archive spectra index
OBSERVED,bbabcf26d3f8002a12e4,KELT-16 b,eclipse,Deming et al. 2023,2023AJ....165..104D,,Spitzer Space Telescope satellite,Infrared Array Camera (IRAC),,not_provided_by_archive_index,"AOR = 67668480, date is start time.",41/49/88/05/KELT_16_b_3.11989_5869_164.tbl,1,4.5,4.5,NASA Exoplanet Archive spectra index
OBSERVED,5d6bf8ea3fbcc7782167,KELT-16 b,transmission,Bell et al. 2021,2021MNRAS.504.3316B,,Spitzer Space Telescope satellite,Infrared Array Camera (IRAC),,not_provided_by_archive_index,Table 4,80/05/18/93/KELT_16_b_3.11989_6052_1.tbl,1,4.5,4.5,NASA Exoplanet Archive spectra index
OBSERVED,e3a29ac6e08a545cf9dd,KELT-2 A b,eclipse,Piskorz et al. 2018,2018AJ....156..133P,,Spitzer Space Telescope satellite,Infrared Array Camera (IRAC),,not_provided_by_archive_index,Table 2,61/20/18/92/KELT_2_A_b_3.11522_4195_1.tbl,2,3.6,4.5,NASA Exoplanet Archive spectra index
OBSERVED,1d69c85219c3c4f041b9,KELT-2 A b,eclipse,Garhart et al. 2020,2020AJ....159..137G,,Spitzer Space Telescope satellite,Infrared Array Camera (IRAC),,not_provided_by_archive_index,Table 1 & 6,47/91/23/02/KELT_2_A_b_3.11522_5410_6.tbl,2,3.6,4.5,NASA Exoplanet Archive spectra index
OBSERVED,9d83d8443781ee4a5fca,KELT-2 A b,eclipse,Deming et al. 2023,2023AJ....165..104D,,Spitzer Space Telescope satellite,Infrared Array Camera (IRAC),,not_provided_by_archive_index,"AOR = 51835136, date is start time.",09/70/79/02/KELT_2_A_b_3.11522_5869_153.tbl,1,3.6,3.6,NASA Exoplanet Archive spectra index
OBSERVED,d59b95c609f130683b19,KELT-2 A b,eclipse,Deming et al. 2023,2023AJ....165..104D,,Spitzer Space Telescope satellite,Infrared Array Camera (IRAC),,not_provided_by_archive_index,"AOR = 51833600, date is start time.",78/09/20/46/KELT_2_A_b_3.11522_5869_154.tbl,1,4.5,4.5,NASA Exoplanet Archive spectra index
OBSERVED,ad5e73279a48a710c254,KELT-20 b,eclipse,Fu et al. 2022,2022ApJ...925L...3F,,Transiting Exoplanet Survey Satellite,TESS CCD Array,,not_provided_by_archive_index,Table 1,06/11/99/39/KELT_20_b_3.12080_5244_1.tbl,1,0.8,0.8,NASA Exoplanet Archive spectra index
OBSERVED,00546751d62bfb385405,KELT-20 b,eclipse,Fu et al. 2022,2022ApJ...925L...3F,,Hubble Space Telescope satellite,Wide Field Camera 3,,not_provided_by_archive_index,Table 1,43/53/39/68/KELT_20_b_3.12080_5244_2.tbl,29,1.13,1.64,NASA Exoplanet Archive spectra index
OBSERVED,875b055ed86aee44a64f,KELT-20 b,eclipse,Fu et al. 2022,2022ApJ...925L...3F,,Spitzer Space Telescope satellite,Infrared Array Camera (IRAC),,not_provided_by_archive_index,Table 1,71/72/85/95/KELT_20_b_3.12080_5244_3.tbl,2,4.5,4.5,NASA Exoplanet Archive spectra index
OBSERVED,9712b6e4c929db81d9c5,KELT-20 b,eclipse,Deming et al. 2023,2023AJ....165..104D,,Spitzer Space Telescope satellite,Infrared Array Camera (IRAC),,not_provided_by_archive_index,"AOR = 68701952, date is start time.",20/06/99/22/KELT_20_b_3.12080_5869_166.tbl,1,4.5,4.5,NASA Exoplanet Archive spectra index
OBSERVED,ece75f01e139b6c35e06,KELT-20 b,eclipse,Deming et al. 2023,2023AJ....165..104D,,Spitzer Space Telescope satellite,Infrared Array Camera (IRAC),,not_provided_by_archive_index,"AOR = 68704000, date is start time.",29/18/20/73/KELT_20_b_3.12080_5869_167.tbl,1,4.5,4.5,NASA Exoplanet Archive spectra index
OBSERVED,0e973fcb7adbce839a46,KELT-20 b,transmission,Chachan et al. 2025,2025AJ....170..234C,,Hubble Space Telescope satellite,Wide Field Camera 3,,not_provided_by_archive_index,Table 3; UVIS 1 order,19/30/37/94/KELT_20_b_3.12080_6020_2.tbl,30,0.21,0.79,NASA Exoplanet Archive spectra index
OBSERVED,f0de1b116dfff670d823,KELT-20 b,transmission,Chachan et al. 2025,2025AJ....170..234C,,Hubble Space Telescope satellite,Wide Field Camera 3,,not_provided_by_archive_index,Table 4; UVIS -1 order,46/67/48/74/KELT_20_b_3.12080_6020_3.tbl,30,0.21,0.79,NASA Exoplanet Archive spectra index
OBSERVED,826ed6d7833949cd61a9,KELT-20 b,transmission,Chachan et al. 2025,2025AJ....170..234C,,Hubble Space Telescope satellite,Wide Field Camera 3,,not_provided_by_archive_index,Table 2; G102 & G141 combined,97/27/05/95/KELT_20_b_3.12080_6020_1.tbl,30,0.815,1.655,NASA Exoplanet Archive spectra index
OBSERVED,00b10aa0eb02e0a1ea64,KELT-3 b,eclipse,Garhart et al. 2020,2020AJ....159..137G,,Spitzer Space Telescope satellite,Infrared Array Camera (IRAC),,not_provided_by_archive_index,Table 1 & 6,25/72/73/40/KELT_3_b_3.11599_5410_7.tbl,2,3.6,4.5,NASA Exoplanet Archive spectra index
OBSERVED,bd5e4be0ed1fa2b0e92d,KELT-3 b,eclipse,Deming et al. 2023,2023AJ....165..104D,,Spitzer Space Telescope satellite,Infrared Array Camera (IRAC),,not_provided_by_archive_index,"AOR = 51815936, date is start time.",05/33/74/77/KELT_3_b_3.11599_5869_155.tbl,1,3.6,3.6,NASA Exoplanet Archive spectra index
OBSERVED,2218c801a85138dcc5a6,KELT-3 b,eclipse,Deming et al. 2023,2023AJ....165..104D,,Spitzer Space Telescope satellite,Infrared Array Camera (IRAC),,not_provided_by_archive_index,"AOR = 51842048, date is start time.",22/13/31/60/KELT_3_b_3.11599_5869_156.tbl,1,4.5,4.5,NASA Exoplanet Archive spectra index
OBSERVED,9118ac4b8064332698a9,KELT-3 b,transmission,Corrales et al. 2021,2021AJ....162..287C,,The Neil Gehrels Swift Observatory,UVOT,,not_provided_by_archive_index,from table 4; uvm2 filter,67/44/97/92/KELT_3_b_3.11599_6068_1.tbl,1,0.2246,0.2246,NASA Exoplanet Archive spectra index
OBSERVED,c2601af748b3098d2845,KELT-7 b,eclipse,Garhart et al. 2020,2020AJ....159..137G,,Spitzer Space Telescope satellite,Infrared Array Camera (IRAC),,not_provided_by_archive_index,Table 1 & 6,98/61/76/52/KELT_7_b_3.11769_5410_8.tbl,2,3.6,4.5,NASA Exoplanet Archive spectra index
OBSERVED,b8dd2e04e791a4a36963,KELT-7 b,eclipse,Pluriel et al. 2020,2020AJ....160..112P,,Hubble Space Telescope satellite,Wide Field Camera 3,,not_provided_by_archive_index,Table 4,25/67/86/40/KELT_7_b_3.11769_5376_2.tbl,25,1.1262,1.6295,NASA Exoplanet Archive spectra index
OBSERVED,5f96930627368680eb99,KELT-7 b,eclipse,Mansfield et al. 2021,2021NatAs...5.1224M,,Hubble Space Telescope satellite,Wide Field Camera 3,,not_provided_by_archive_index,Supplementary Table 5,20/66/06/43/KELT_7_b_3.11769_5227_1.tbl,14,1.139,1.64,NASA Exoplanet Archive spectra index
OBSERVED,a085d2b3cb7cd6a62bab,KELT-7 b,eclipse,Changeat et al. 2022,2022ApJS..260....3C,,Hubble Space Telescope satellite,Wide Field Camera 3,,not_provided_by_archive_index,Figure 2,52/45/46/03/KELT_7_b_3.11769_5219_118.tbl,25,1.1263,1.6295,NASA Exoplanet Archive spectra index
OBSERVED,df2c11bab9581c1cf8d4,KELT-7 b,eclipse,Changeat et al. 2022,2022ApJS..260....3C,,Spitzer Space Telescope satellite,Infrared Array Camera (IRAC),,not_provided_by_archive_index,Figure 2,91/56/76/98/KELT_7_b_3.11769_5219_119.tbl,2,3.6,4.5,NASA Exoplanet Archive spectra index
OBSERVED,fedd9243ad9a10bd87a3,KELT-7 b,eclipse,Deming et al. 2023,2023AJ....165..104D,,Spitzer Space Telescope satellite,Infrared Array Camera (IRAC),,not_provided_by_archive_index,"AOR = 67663104, date is start time.",07/02/87/85/KELT_7_b_3.11769_5869_159.tbl,1,4.5,4.5,NASA Exoplanet Archive spectra index
OBSERVED,824bc66d9367f26a78d1,KELT-7 b,eclipse,Deming et al. 2023,2023AJ....165..104D,,Spitzer Space Telescope satellite,Infrared Array Camera (IRAC),,not_provided_by_archive_index,"AOR = 67664384, date is start time.",23/25/34/35/KELT_7_b_3.11769_5869_160.tbl,1,4.5,4.5,NASA Exoplanet Archive spectra index
OBSERVED,b1bfda12e2dd465f41aa,KELT-7 b,eclipse,Deming et al. 2023,2023AJ....165..104D,,Spitzer Space Telescope satellite,Infrared Array Camera (IRAC),,not_provided_by_archive_index,"AOR = 62154496, date is start time.",57/51/35/05/KELT_7_b_3.11769_5869_157.tbl,1,3.6,3.6,NASA Exoplanet Archive spectra index
OBSERVED,496c580db152f258c37b,KELT-7 b,eclipse,Deming et al. 2023,2023AJ....165..104D,,Spitzer Space Telescope satellite,Infrared Array Camera (IRAC),,not_provided_by_archive_index,"AOR = 62155520, date is start time.",75/57/67/34/KELT_7_b_3.11769_5869_158.tbl,1,4.5,4.5,NASA Exoplanet Archive spectra index
OBSERVED,90aa1eb23eb193f57ace,KELT-7 b,transmission,Garhart et al. 2020,2020AJ....159..137G,,Spitzer Space Telescope satellite,Infrared Array Camera (IRAC),,not_provided_by_archive_index,Table 3,48/71/42/85/KELT_7_b_3.11769_5410_40.tbl,2,3.6,4.5,NASA Exoplanet Archive spectra index
OBSERVED,1a3d308ddee54204c6cc,KELT-7 b,transmission,Pluriel et al. 2020,2020AJ....160..112P,,Hubble Space Telescope satellite,Wide Field Camera 3,,not_provided_by_archive_index,Table 4,34/92/82/14/KELT_7_b_3.11769_5376_1.tbl,25,1.1262,1.6295,NASA Exoplanet Archive spectra index
OBSERVED,5845239dbd8033186b04,KELT-7 b,transmission,Pluriel et al. 2020,2020AJ....160..112P,,Transiting Exoplanet Survey Satellite,TESS CCD Array,,not_provided_by_archive_index,Table 4,94/19/12/46/KELT_7_b_3.11769_5376_3.tbl,1,0.8,0.8,NASA Exoplanet Archive spectra index
OBSERVED,26bca8bc977cc0262415,KELT-7 b,transmission,Changeat et al. 2022,2022ApJS..260....3C,,Hubble Space Telescope satellite,Wide Field Camera 3,,not_provided_by_archive_index,Figure 2,69/45/82/15/KELT_7_b_3.11769_5219_54.tbl,25,1.1263,1.6295,NASA Exoplanet Archive spectra index
OBSERVED,75076fd25960e519aa6c,KELT-7 b,transmission,Gasc&oacute;n et al. 2025,2025AJ....170..178G,,Hubble Space Telescope satellite,Wide Field Camera 3,,not_provided_by_archive_index,"UVIS G280; Lluvia Reduction, combined spectrum",07/25/65/89/KELT_7_b_3.11769_5759_1.tbl,57,0.206,0.766,NASA Exoplanet Archive spectra index
OBSERVED,7ad39f0f82f7b94e81e1,KELT-7 b,transmission,Ahrer et al. 2025,2025MNRAS.543.2442A,,NASA 6.5m James Webb Space Telescope (JWST) Satellite Mission,Near Infrared Spectrograph (NIRSpec) - G395H,,not_provided_by_archive_index,"NRS1 & NRS2 combined, R=400, Eureka! pipeline",19/81/77/29/KELT_7_b_3.11769_5798_3.tbl,241,2.7662,5.1661,NASA Exoplanet Archive spectra index
OBSERVED,3a77154a72499ab7ee20,KELT-7 b,transmission,Ahrer et al. 2025,2025MNRAS.543.2442A,,NASA 6.5m James Webb Space Telescope (JWST) Satellite Mission,Near Infrared Spectrograph (NIRSpec) - G395H,,not_provided_by_archive_index,"NRS1 and NRS2 combined, R=100, Eureka! pipeline",40/42/81/69/KELT_7_b_3.11769_5798_1.tbl,61,2.7765,5.1797,NASA Exoplanet Archive spectra index
OBSERVED,52b59eb5c5ddbfc487de,KELT-7 b,transmission,Ahrer et al. 2025,2025MNRAS.543.2442A,,NASA 6.5m James Webb Space Telescope (JWST) Satellite Mission,Near Infrared Spectrograph (NIRSpec) - G395H,,not_provided_by_archive_index,"NRS1 & NRS2 combined, R=100, Tiberius pipeline",47/56/45/69/KELT_7_b_3.11769_5798_5.tbl,61,2.7765,5.1785,NASA Exoplanet Archive spectra index
OBSERVED,0d2518847edf938f0c1f,KELT-7 b,transmission,Ahrer et al. 2025,2025MNRAS.543.2442A,,NASA 6.5m James Webb Space Telescope (JWST) Satellite Mission,Near Infrared Spectrograph (NIRSpec) - G395H,,not_provided_by_archive_index,"NRS1 & NRS2 combined, R=400, Tiberius pipeline",70/97/44/67/KELT_7_b_3.11769_5798_7.tbl,241,2.752,5.1649,NASA Exoplanet Archive spectra index
OBSERVED,5d47d9d8d522e77753de,KELT-9 b,eclipse,Wong et al. 2020,2020AJ....160...88W,,Transiting Exoplanet Survey Satellite,TESS CCD Array,,not_provided_by_archive_index,,42/76/56/14/KELT_9_b_3.12026_5218_1.tbl,1,0.787,0.787,NASA Exoplanet Archive spectra index
OBSERVED,e8ca0f90b47013695960,KELT-9 b,eclipse,Mansfield et al. 2020,2020ApJ...888L..15M,,Spitzer Space Telescope satellite,Infrared Array Camera (IRAC),,not_provided_by_archive_index,from Table 1,90/73/42/62/KELT_9_b_3.12026_6072_1.tbl,1,4.5,4.5,NASA Exoplanet Archive spectra index
OBSERVED,c15e7bf597116f7c01da,KELT-9 b,eclipse,Changeat &amp; Edwards 2021,2021ApJ...907L..22C,,Hubble Space Telescope satellite,Wide Field Camera 3,,not_provided_by_archive_index,,80/36/24/48/KELT_9_b_3.12026_5210_1.tbl,25,1.1262,1.6295,NASA Exoplanet Archive spectra index
OBSERVED,4ced911a8ec71a2159c5,KELT-9 b,eclipse,Jacobs et al. 2022,2022A&A...668L...1J,,Hubble Space Telescope satellite,Wide Field Camera 3,,not_provided_by_archive_index,Figure 2,14/49/41/42/KELT_9_b_3.12026_5434_1.tbl,23,1.1302,1.6425,NASA Exoplanet Archive spectra index
OBSERVED,686a5e217e7297bb17db,KELT-9 b,eclipse,Changeat et al. 2022,2022ApJS..260....3C,,Spitzer Space Telescope satellite,Infrared Array Camera (IRAC),,not_provided_by_archive_index,Figure 2,31/15/08/53/KELT_9_b_3.12026_5219_121.tbl,1,4.5,4.5,NASA Exoplanet Archive spectra index
OBSERVED,e61ebb644b5fa692d3d4,KELT-9 b,eclipse,Changeat et al. 2022,2022ApJS..260....3C,,Hubble Space Telescope satellite,Wide Field Camera 3,,not_provided_by_archive_index,Figure 2,57/97/13/62/KELT_9_b_3.12026_5219_120.tbl,25,1.1263,1.6295,NASA Exoplanet Archive spectra index
OBSERVED,9dc42436e4a5057e25c6,KELT-9 b,eclipse,Deming et al. 2023,2023AJ....165..104D,,Spitzer Space Telescope satellite,Infrared Array Camera (IRAC),,not_provided_by_archive_index,"AOR = 67667968, date is start time.",06/98/89/85/KELT_9_b_3.12026_5869_162.tbl,1,4.5,4.5,NASA Exoplanet Archive spectra index
OBSERVED,057c6b3fa8b676bb73f3,KELT-9 b,eclipse,Deming et al. 2023,2023AJ....165..104D,,Spitzer Space Telescope satellite,Infrared Array Camera (IRAC),,not_provided_by_archive_index,"AOR = 67667712, date is start time.",10/89/05/68/KELT_9_b_3.12026_5869_161.tbl,1,4.5,4.5,NASA Exoplanet Archive spectra index
OBSERVED,c4fca88d7389aad12697,KELT-9 b,transmission,Cauley et al. 2019,2019AJ....157...69C,,LBT Consortium Large Binocular Telescope (LBT) at Mount Graham International Observatory,Potsdam Echelle Polarimetric & Spectroscopic Instrument (PEPSI),,not_provided_by_archive_index,,55/32/83/74/KELT_9_b_3.12026_4597_1.tbl,19,0.4805,0.6563,NASA Exoplanet Archive spectra index
OBSERVED,8dfdef004f33599c90fd,KELT-9 b,transmission,Turner et al. 2020,2020ApJ...888L..13T,,Max Planck Institute for Astronomy and Institute of Astrophysics of Andalusia (CSIC) 3.5m Telescope at Calar Alto Observatory,CARMENES,,not_provided_by_archive_index,,94/06/86/48/KELT_9_b_3.12026_4614_1.tbl,4,0.6565,0.8665,NASA Exoplanet Archive spectra index
OBSERVED,f7d4bb184d8b53721105,KELT-9 b,transmission,Mansfield et al. 2020,2020ApJ...888L..15M,,Spitzer Space Telescope satellite,Infrared Array Camera (IRAC),,not_provided_by_archive_index,from Table 1,62/91/50/80/KELT_9_b_3.12026_6072_2.tbl,1,4.5,4.5,NASA Exoplanet Archive spectra index
OBSERVED,0740911da4b1ccdd9768,KELT-9 b,transmission,Egan et al. 2024,2024AJ....168..108E,,Colorado Ultraviolet Transit Experiment (CUTE) CubeSat,CUTE NUV Spectrograph,,not_provided_by_archive_index,"100 A bin widths, Visit 2 (Table 3)",07/48/66/98/KELT_9_b_3.12026_5543_2.tbl,8,0.2533,0.3233,NASA Exoplanet Archive spectra index
OBSERVED,dbf570bf12e03a29c693,KELT-9 b,transmission,Egan et al. 2024,2024AJ....168..108E,,Colorado Ultraviolet Transit Experiment (CUTE) CubeSat,CUTE NUV Spectrograph,,not_provided_by_archive_index,"25 A bin widths, Visit 2 (Table 4)",25/09/33/82/KELT_9_b_3.12026_5543_4.tbl,33,0.2495,0.3295,NASA Exoplanet Archive spectra index
OBSERVED,5d88e46e6c9e6fc49a98,KELT-9 b,transmission,Egan et al. 2024,2024AJ....168..108E,,Colorado Ultraviolet Transit Experiment (CUTE) CubeSat,CUTE NUV Spectrograph,,not_provided_by_archive_index,"100 A bin widths, Visit 1 (Table 3)",38/04/84/25/KELT_9_b_3.12026_5543_1.tbl,8,0.2533,0.3233,NASA Exoplanet Archive spectra index
OBSERVED,46b0c123c46c213e280e,KELT-9 b,transmission,Egan et al. 2024,2024AJ....168..108E,,Colorado Ultraviolet Transit Experiment (CUTE) CubeSat,CUTE NUV Spectrograph,,not_provided_by_archive_index,"25 A bin widths, Visit 1 (Table 4)",48/43/30/14/KELT_9_b_3.12026_5543_3.tbl,33,0.2495,0.3295,NASA Exoplanet Archive spectra index
OBSERVED,95f70745b17749562434,KOI-12 b,transmission,D&eacute;sert et al. 2015,2015ApJ...804...59D,,The Kepler Mission,Kepler CCD Array,,not_provided_by_archive_index,,49/68/71/75/KOI_12_b_3.85_3665_2.tbl,1,0.6,0.6,NASA Exoplanet Archive spectra index
OBSERVED,e2aae3f1d693fff85ede,KOI-12 b,transmission,D&eacute;sert et al. 2015,2015ApJ...804...59D,,Spitzer Space Telescope satellite,Infrared Array Camera (IRAC),,not_provided_by_archive_index,,94/50/62/03/KOI_12_b_3.85_3665_1.tbl,1,4.5,4.5,NASA Exoplanet Archive spectra index
OBSERVED,5730f0e910dee04d3837,KOI-13 b,eclipse,Beatty et al. 2017,2017AJ....154..158B,,Hubble Space Telescope satellite,Wide Field Camera 3,,not_provided_by_archive_index,Table 4; absolute depth; obs. date corresponds to night 1,14/69/53/64/Kepler_13_A_b_3.155_4125_1.tbl,15,1.142,1.632,NASA Exoplanet Archive spectra index
OBSERVED,de9e26eb38dee046a083,KOI-13 b,eclipse,Mansfield et al. 2021,2021NatAs...5.1224M,,Hubble Space Telescope satellite,Wide Field Camera 3,,not_provided_by_archive_index,Supplementary Table 5,89/63/70/89/Kepler_13_A_b_3.155_5227_1.tbl,14,1.139,1.64,NASA Exoplanet Archive spectra index
OBSERVED,cbe68060a621ada4c517,KOI-13 b,eclipse,Changeat et al. 2022,2022ApJS..260....3C,,Hubble Space Telescope satellite,Wide Field Camera 3,,not_provided_by_archive_index,Figure 2,54/94/27/30/Kepler_13_b_3.155_5219_122.tbl,15,1.142,1.632,NASA Exoplanet Archive spectra index
OBSERVED,f37fd4f03b2c4de1a1a3,KOI-13 b,eclipse,Changeat et al. 2022,2022ApJS..260....3C,,Spitzer Space Telescope satellite,Infrared Array Camera (IRAC),,not_provided_by_archive_index,Figure 2,89/75/69/21/Kepler_13_b_3.155_5219_123.tbl,2,3.6,4.5,NASA Exoplanet Archive spectra index
OBSERVED,d83ff63994c92c62ce6d,KOI-13 b,eclipse,Deming et al. 2023,2023AJ....165..104D,,Spitzer Space Telescope satellite,Infrared Array Camera (IRAC),,not_provided_by_archive_index,"AOR = 42620160, date is start time.",38/43/17/11/Kepler_13_b_3.155_5869_181.tbl,1,4.5,4.5,NASA Exoplanet Archive spectra index
OBSERVED,7259dd9182f1095235dc,KOI-13 b,eclipse,Deming et al. 2023,2023AJ....165..104D,,Spitzer Space Telescope satellite,Infrared Array Camera (IRAC),,not_provided_by_archive_index,"AOR = 42620416, date is start time.",43/84/16/90/Kepler_13_b_3.155_5869_180.tbl,1,3.6,3.6,NASA Exoplanet Archive spectra index
OBSERVED,eafd87522f9a5abaa9dd,KOI-13 b,transmission,D&eacute;sert et al. 2015,2015ApJ...804...59D,,Spitzer Space Telescope satellite,Infrared Array Camera (IRAC),,not_provided_by_archive_index,,51/56/20/03/KOI_13_b_3.155_3665_1.tbl,1,4.5,4.5,NASA Exoplanet Archive spectra index
OBSERVED,f638f120eaa34621f65e,KOI-13 b,transmission,D&eacute;sert et al. 2015,2015ApJ...804...59D,,The Kepler Mission,Kepler CCD Array,,not_provided_by_archive_index,,75/83/53/68/KOI_13_b_3.155_3665_2.tbl,1,0.6,0.6,NASA Exoplanet Archive spectra index
OBSERVED,7d562b659056cabea747,KOI-94 d,transmission,D&eacute;sert et al. 2015,2015ApJ...804...59D,,The Kepler Mission,Kepler CCD Array,,not_provided_by_archive_index,,59/85/91/12/KOI_94_d_3.18_3665_2.tbl,1,0.6,0.6,NASA Exoplanet Archive spectra index
OBSERVED,1769e26b78711d3071e3,KOI-94 d,transmission,D&eacute;sert et al. 2015,2015ApJ...804...59D,,Spitzer Space Telescope satellite,Infrared Array Camera (IRAC),,not_provided_by_archive_index,,82/80/48/15/KOI_94_d_3.18_3665_1.tbl,1,4.5,4.5,NASA Exoplanet Archive spectra index
OBSERVED,4e19aa02d8be2b6d4288,Kepler-10 c,transmission,D&eacute;sert et al. 2015,2015ApJ...804...59D,,Spitzer Space Telescope satellite,Infrared Array Camera (IRAC),,not_provided_by_archive_index,,19/45/49/56/Kepler_10_c_3.47_3665_2.tbl,2,4.5,4.5,NASA Exoplanet Archive spectra index
OBSERVED,ac46078d33cb699ecc40,Kepler-10 c,transmission,D&eacute;sert et al. 2015,2015ApJ...804...59D,,The Kepler Mission,Kepler CCD Array,,not_provided_by_archive_index,,72/27/78/94/Kepler_10_c_3.47_3665_1.tbl,1,0.6,0.6,NASA Exoplanet Archive spectra index
OBSERVED,4eeacbe103503cad5199,Kepler-102 d,transmission,D&eacute;sert et al. 2015,2015ApJ...804...59D,,Spitzer Space Telescope satellite,Infrared Array Camera (IRAC),,not_provided_by_archive_index,,41/40/22/66/Kepler_102_d_3.204_3665_1.tbl,2,4.5,4.5,NASA Exoplanet Archive spectra index
OBSERVED,c9b7a06604c6a4018758,Kepler-102 d,transmission,D&eacute;sert et al. 2015,2015ApJ...804...59D,,The Kepler Mission,Kepler CCD Array,,not_provided_by_archive_index,,65/90/39/46/Kepler_102_d_3.204_3665_2.tbl,1,0.6,0.6,NASA Exoplanet Archive spectra index
OBSERVED,a350328f5c8e7e57b84c,Kepler-102 e,transmission,D&eacute;sert et al. 2015,2015ApJ...804...59D,,The Kepler Mission,Kepler CCD Array,,not_provided_by_archive_index,,52/42/32/02/Kepler_102_e_3.157_3665_2.tbl,1,0.6,0.6,NASA Exoplanet Archive spectra index
OBSERVED,6db67925e726e703558b,Kepler-102 e,transmission,D&eacute;sert et al. 2015,2015ApJ...804...59D,,Spitzer Space Telescope satellite,Infrared Array Camera (IRAC),,not_provided_by_archive_index,,81/88/53/34/Kepler_102_e_3.157_3665_1.tbl,1,4.5,4.5,NASA Exoplanet Archive spectra index
OBSERVED,6e62e995605b956c2a69,Kepler-104 d,transmission,D&eacute;sert et al. 2015,2015ApJ...804...59D,,Spitzer Space Telescope satellite,Infrared Array Camera (IRAC),,not_provided_by_archive_index,,01/30/57/46/Kepler_104_d_3.252_3665_1.tbl,1,4.5,4.5,NASA Exoplanet Archive spectra index
OBSERVED,63b0cc0694f3953e600a,Kepler-104 d,transmission,D&eacute;sert et al. 2015,2015ApJ...804...59D,,The Kepler Mission,Kepler CCD Array,,not_provided_by_archive_index,,22/98/30/95/Kepler_104_d_3.252_3665_2.tbl,1,0.6,0.6,NASA Exoplanet Archive spectra index
OBSERVED,7107ff561a58093e3be9,Kepler-11 e,transmission,D&eacute;sert et al. 2015,2015ApJ...804...59D,,The Kepler Mission,Kepler CCD Array,,not_provided_by_archive_index,,00/50/88/26/Kepler_11_e_3.207_3665_2.tbl,1,0.6,0.6,NASA Exoplanet Archive spectra index
OBSERVED,19c1b402076ac602a119,Kepler-11 e,transmission,D&eacute;sert et al. 2015,2015ApJ...804...59D,,Spitzer Space Telescope satellite,Infrared Array Camera (IRAC),,not_provided_by_archive_index,,63/21/77/31/Kepler_11_e_3.207_3665_1.tbl,2,4.5,4.5,NASA Exoplanet Archive spectra index
OBSERVED,7e35460a0a55f86d224c,Kepler-12 b,eclipse,Deming et al. 2023,2023AJ....165..104D,,Spitzer Space Telescope satellite,Infrared Array Camera (IRAC),,not_provided_by_archive_index,"AOR = 40250624, date is start time.",23/55/74/78/Kepler_12_b_3.241_5869_178.tbl,1,4.5,4.5,NASA Exoplanet Archive spectra index
OBSERVED,3d6eb0f21889c144a0cd,Kepler-12 b,eclipse,Deming et al. 2023,2023AJ....165..104D,,Spitzer Space Telescope satellite,Infrared Array Camera (IRAC),,not_provided_by_archive_index,"AOR = 40250880, date is start time.",30/84/39/12/Kepler_12_b_3.241_5869_176.tbl,1,3.6,3.6,NASA Exoplanet Archive spectra index
OBSERVED,a7f2c47a76e09dff7a8b,Kepler-12 b,eclipse,Deming et al. 2023,2023AJ....165..104D,,Spitzer Space Telescope satellite,Infrared Array Camera (IRAC),,not_provided_by_archive_index,"AOR = 40251136, date is start time.",39/23/87/08/Kepler_12_b_3.241_5869_179.tbl,1,4.5,4.5,NASA Exoplanet Archive spectra index
OBSERVED,69c6b6304b34386a1235,Kepler-12 b,eclipse,Deming et al. 2023,2023AJ....165..104D,,Spitzer Space Telescope satellite,Infrared Array Camera (IRAC),,not_provided_by_archive_index,"AOR = 40251392, date is start time.",59/18/81/27/Kepler_12_b_3.241_5869_177.tbl,1,3.6,3.6,NASA Exoplanet Archive spectra index
OBSERVED,11796e010040755e58c2,Kepler-125 b,transmission,D&eacute;sert et al. 2015,2015ApJ...804...59D,,The Kepler Mission,Kepler CCD Array,,not_provided_by_archive_index,,25/23/32/66/Kepler_125_b_3.160_3665_1.tbl,1,0.6,0.6,NASA Exoplanet Archive spectra index
OBSERVED,2e88cfc4687fbfa654bb,Kepler-125 b,transmission,D&eacute;sert et al. 2015,2015ApJ...804...59D,,Spitzer Space Telescope satellite,Infrared Array Camera (IRAC),,not_provided_by_archive_index,,37/78/37/49/Kepler_125_b_3.160_3665_2.tbl,2,4.5,4.5,NASA Exoplanet Archive spectra index
OBSERVED,e112437a351d90af8acc,Kepler-126 d,transmission,D&eacute;sert et al. 2015,2015ApJ...804...59D,,The Kepler Mission,Kepler CCD Array,,not_provided_by_archive_index,,00/04/41/57/Kepler_126_d_3.262_3665_2.tbl,1,0.6,0.6,NASA Exoplanet Archive spectra index
OBSERVED,df5d1607c7e162c822b8,Kepler-126 d,transmission,D&eacute;sert et al. 2015,2015ApJ...804...59D,,Spitzer Space Telescope satellite,Infrared Array Camera (IRAC),,not_provided_by_archive_index,,18/38/45/87/Kepler_126_d_3.262_3665_1.tbl,1,4.5,4.5,NASA Exoplanet Archive spectra index
OBSERVED,f66f25239c7d8983e532,Kepler-127 d,transmission,D&eacute;sert et al. 2015,2015ApJ...804...59D,,The Kepler Mission,Kepler CCD Array,,not_provided_by_archive_index,,16/45/80/95/Kepler_127_d_3.212_3665_2.tbl,1,0.6,0.6,NASA Exoplanet Archive spectra index
OBSERVED,8135b75411262b30634e,Kepler-127 d,transmission,D&eacute;sert et al. 2015,2015ApJ...804...59D,,Spitzer Space Telescope satellite,Infrared Array Camera (IRAC),,not_provided_by_archive_index,,54/65/04/70/Kepler_127_d_3.212_3665_1.tbl,2,4.5,4.5,NASA Exoplanet Archive spectra index
OBSERVED,330be9d56698402ffc76,Kepler-138 c,transmission,D&eacute;sert et al. 2015,2015ApJ...804...59D,,Spitzer Space Telescope satellite,Infrared Array Camera (IRAC),,not_provided_by_archive_index,,54/58/35/79/Kepler_138_c_3.302_3665_1.tbl,1,4.5,4.5,NASA Exoplanet Archive spectra index
OBSERVED,45aecb8ea784e4e377c7,Kepler-138 c,transmission,D&eacute;sert et al. 2015,2015ApJ...804...59D,,The Kepler Mission,Kepler CCD Array,,not_provided_by_archive_index,,56/30/91/88/Kepler_138_c_3.302_3665_2.tbl,1,0.6,0.6,NASA Exoplanet Archive spectra index
OBSERVED,693c419b049015b6abb9,Kepler-138 d,transmission,Piaulet et al. 2023,2023NatAs...7..206P,,Multiple Observatories,Multiple Instruments,,not_provided_by_archive_index,Updated HST and Spitzer results.,18/83/38/84/Kepler_138_d_3.346_5063_1.tbl,7,0.66,4.5,NASA Exoplanet Archive spectra index
OBSERVED,78437b580e4910be20c1,Kepler-14 b,transmission,D&eacute;sert et al. 2015,2015ApJ...804...59D,,The Kepler Mission,Kepler CCD Array,,not_provided_by_archive_index,,77/65/09/23/Kepler_14_b_3.158_3665_2.tbl,1,0.6,0.6,NASA Exoplanet Archive spectra index
OBSERVED,3a90cdc24f392a473578,Kepler-14 b,transmission,D&eacute;sert et al. 2015,2015ApJ...804...59D,,Spitzer Space Telescope satellite,Infrared Array Camera (IRAC),,not_provided_by_archive_index,,80/53/96/33/Kepler_14_b_3.158_3665_1.tbl,1,4.5,4.5,NASA Exoplanet Archive spectra index
OBSERVED,e7cbafc745e844b373f0,Kepler-158 c,transmission,D&eacute;sert et al. 2015,2015ApJ...804...59D,,Spitzer Space Telescope satellite,Infrared Array Camera (IRAC),,not_provided_by_archive_index,,18/30/26/75/Kepler_158_c_3.968_3665_2.tbl,3,4.5,4.5,NASA Exoplanet Archive spectra index
OBSERVED,bfe6671cf8cd2f7b3855,Kepler-158 c,transmission,D&eacute;sert et al. 2015,2015ApJ...804...59D,,The Kepler Mission,Kepler CCD Array,,not_provided_by_archive_index,,45/34/30/13/Kepler_158_c_3.968_3665_1.tbl,1,0.6,0.6,NASA Exoplanet Archive spectra index
OBSERVED,99d34452fadd18dd0512,Kepler-17 b,eclipse,Deming et al. 2023,2023AJ....165..104D,,Spitzer Space Telescope satellite,Infrared Array Camera (IRAC),,not_provided_by_archive_index,"AOR = 40252416, date is start time.",06/32/29/96/Kepler_17_b_3.164_5869_183.tbl,1,3.6,3.6,NASA Exoplanet Archive spectra index
OBSERVED,5670b2e487d06a8b1046,Kepler-17 b,eclipse,Deming et al. 2023,2023AJ....165..104D,,Spitzer Space Telescope satellite,Infrared Array Camera (IRAC),,not_provided_by_archive_index,"AOR = 40251904, date is start time.",24/08/65/79/Kepler_17_b_3.164_5869_182.tbl,1,3.6,3.6,NASA Exoplanet Archive spectra index
OBSERVED,69e5ff559c4627d78a0f,Kepler-17 b,eclipse,Deming et al. 2023,2023AJ....165..104D,,Spitzer Space Telescope satellite,Infrared Array Camera (IRAC),,not_provided_by_archive_index,"AOR = 40252160, date is start time.",38/33/09/18/Kepler_17_b_3.164_5869_185.tbl,1,4.5,4.5,NASA Exoplanet Archive spectra index
OBSERVED,076f6a82c3987ad75092,Kepler-17 b,eclipse,Deming et al. 2023,2023AJ....165..104D,,Spitzer Space Telescope satellite,Infrared Array Camera (IRAC),,not_provided_by_archive_index,"AOR = 40251648, date is start time.",50/38/74/30/Kepler_17_b_3.164_5869_184.tbl,1,4.5,4.5,NASA Exoplanet Archive spectra index
OBSERVED,f035c43b70aa6bab42b1,Kepler-18 c,transmission,D&eacute;sert et al. 2015,2015ApJ...804...59D,,Spitzer Space Telescope satellite,Infrared Array Camera (IRAC),,not_provided_by_archive_index,,12/55/85/99/Kepler_18_c_3.132_3665_1.tbl,1,4.5,4.5,NASA Exoplanet Archive spectra index
OBSERVED,c37924e0ee3feae23476,Kepler-18 c,transmission,D&eacute;sert et al. 2015,2015ApJ...804...59D,,The Kepler Mission,Kepler CCD Array,,not_provided_by_archive_index,,37/07/99/71/Kepler_18_c_3.132_3665_2.tbl,1,0.6,0.6,NASA Exoplanet Archive spectra index
OBSERVED,797aafabb7aafa666a6a,Kepler-18 d,transmission,D&eacute;sert et al. 2015,2015ApJ...804...59D,,The Kepler Mission,Kepler CCD Array,,not_provided_by_archive_index,,63/30/39/38/Kepler_18_d_3.245_3665_2.tbl,1,0.6,0.6,NASA Exoplanet Archive spectra index
OBSERVED,1f76ef1b701fea3963ed,Kepler-18 d,transmission,D&eacute;sert et al. 2015,2015ApJ...804...59D,,Spitzer Space Telescope satellite,Infrared Array Camera (IRAC),,not_provided_by_archive_index,,65/60/10/07/Kepler_18_d_3.245_3665_1.tbl,1,4.5,4.5,NASA Exoplanet Archive spectra index
OBSERVED,db46f579ad3f12611aeb,Kepler-19 b,transmission,D&eacute;sert et al. 2015,2015ApJ...804...59D,,The Kepler Mission,Kepler CCD Array,,not_provided_by_archive_index,,03/22/71/72/Kepler_19_b_3.52_3665_1.tbl,1,0.6,0.6,NASA Exoplanet Archive spectra index
OBSERVED,0347c8510bbf85658a62,Kepler-19 b,transmission,D&eacute;sert et al. 2015,2015ApJ...804...59D,,Spitzer Space Telescope satellite,Infrared Array Camera (IRAC),,not_provided_by_archive_index,,88/44/55/87/Kepler_19_b_3.52_3665_2.tbl,3,4.5,4.5,NASA Exoplanet Archive spectra index
OBSERVED,0e1b0acb66d14c7e4f1c,Kepler-20 c,transmission,D&eacute;sert et al. 2015,2015ApJ...804...59D,,Spitzer Space Telescope satellite,Infrared Array Camera (IRAC),,not_provided_by_archive_index,,56/12/36/06/Kepler_20_c_3.101_3665_1.tbl,1,4.5,4.5,NASA Exoplanet Archive spectra index
OBSERVED,9bb7e15fa9eb22a9ef43,Kepler-20 c,transmission,D&eacute;sert et al. 2015,2015ApJ...804...59D,,The Kepler Mission,Kepler CCD Array,,not_provided_by_archive_index,,72/96/25/49/Kepler_20_c_3.101_3665_2.tbl,1,0.6,0.6,NASA Exoplanet Archive spectra index
OBSERVED,0edc66fa9a0c816ce78d,Kepler-20 d,transmission,D&eacute;sert et al. 2015,2015ApJ...804...59D,,Spitzer Space Telescope satellite,Infrared Array Camera (IRAC),,not_provided_by_archive_index,,60/70/13/96/Kepler_20_d_3.20_3665_1.tbl,2,4.5,4.5,NASA Exoplanet Archive spectra index
OBSERVED,5a176015eae1ecd1dd55,Kepler-20 d,transmission,D&eacute;sert et al. 2015,2015ApJ...804...59D,,The Kepler Mission,Kepler CCD Array,,not_provided_by_archive_index,,83/72/44/57/Kepler_20_d_3.20_3665_2.tbl,1,0.6,0.6,NASA Exoplanet Archive spectra index
OBSERVED,11e23c90f22c9a38a1a6,Kepler-205 c,transmission,D&eacute;sert et al. 2015,2015ApJ...804...59D,,Spitzer Space Telescope satellite,Infrared Array Camera (IRAC),,not_provided_by_archive_index,,29/91/69/57/Kepler_205_c_3.978_3665_1.tbl,2,4.5,4.5,NASA Exoplanet Archive spectra index
OBSERVED,9a281c4f76df989e6770,Kepler-205 c,transmission,D&eacute;sert et al. 2015,2015ApJ...804...59D,,The Kepler Mission,Kepler CCD Array,,not_provided_by_archive_index,,48/24/13/89/Kepler_205_c_3.978_3665_2.tbl,1,0.6,0.6,NASA Exoplanet Archive spectra index
OBSERVED,67100adf632da8b4a93e,Kepler-22 b,transmission,D&eacute;sert et al. 2015,2015ApJ...804...59D,,The Kepler Mission,Kepler CCD Array,,not_provided_by_archive_index,,43/36/83/23/Kepler_22_b_3.35_3665_2.tbl,1,0.6,0.6,NASA Exoplanet Archive spectra index
OBSERVED,49b203cf4a94d8ab708a,Kepler-22 b,transmission,D&eacute;sert et al. 2015,2015ApJ...804...59D,,Spitzer Space Telescope satellite,Infrared Array Camera (IRAC),,not_provided_by_archive_index,,63/05/34/51/Kepler_22_b_3.35_3665_1.tbl,1,4.5,4.5,NASA Exoplanet Archive spectra index
OBSERVED,df34251974ce66e226cc,Kepler-236 c,transmission,D&eacute;sert et al. 2015,2015ApJ...804...59D,,The Kepler Mission,Kepler CCD Array,,not_provided_by_archive_index,,19/52/09/57/Kepler_236_c_3.448_3665_2.tbl,1,0.6,0.6,NASA Exoplanet Archive spectra index
OBSERVED,7d11903e4df33bc3fe61,Kepler-236 c,transmission,D&eacute;sert et al. 2015,2015ApJ...804...59D,,Spitzer Space Telescope satellite,Infrared Array Camera (IRAC),,not_provided_by_archive_index,,89/09/94/43/Kepler_236_c_3.448_3665_1.tbl,2,4.5,4.5,NASA Exoplanet Archive spectra index
OBSERVED,e51464c6923773fe3f23,Kepler-249 d,transmission,D&eacute;sert et al. 2015,2015ApJ...804...59D,,The Kepler Mission,Kepler CCD Array,,not_provided_by_archive_index,,22/99/00/10/Kepler_249_d_3.1799_3665_2.tbl,1,0.6,0.6,NASA Exoplanet Archive spectra index
OBSERVED,bb8a3a61f2190c2b913a,Kepler-249 d,transmission,D&eacute;sert et al. 2015,2015ApJ...804...59D,,Spitzer Space Telescope satellite,Infrared Array Camera (IRAC),,not_provided_by_archive_index,,25/20/00/62/Kepler_249_d_3.1799_3665_1.tbl,3,4.5,4.5,NASA Exoplanet Archive spectra index
OBSERVED,0b8efe9e8de02230c347,Kepler-25 b,transmission,D&eacute;sert et al. 2015,2015ApJ...804...59D,,The Kepler Mission,Kepler CCD Array,,not_provided_by_archive_index,,25/44/36/43/Kepler_25_b_3.213_3665_2.tbl,1,0.6,0.6,NASA Exoplanet Archive spectra index
OBSERVED,b54fba9cdd8b2311853c,Kepler-25 b,transmission,D&eacute;sert et al. 2015,2015ApJ...804...59D,,Spitzer Space Telescope satellite,Infrared Array Camera (IRAC),,not_provided_by_archive_index,,34/50/46/14/Kepler_25_b_3.213_3665_1.tbl,3,4.5,4.5,NASA Exoplanet Archive spectra index
OBSERVED,476cfd3e644500a75c51,Kepler-25 c,transmission,D&eacute;sert et al. 2015,2015ApJ...804...59D,,The Kepler Mission,Kepler CCD Array,,not_provided_by_archive_index,,21/73/66/34/Kepler_25_c_3.209_3665_2.tbl,1,0.6,0.6,NASA Exoplanet Archive spectra index
OBSERVED,da646017331a9f7db68e,Kepler-25 c,transmission,D&eacute;sert et al. 2015,2015ApJ...804...59D,,Spitzer Space Telescope satellite,Infrared Array Camera (IRAC),,not_provided_by_archive_index,,38/67/45/13/Kepler_25_c_3.209_3665_1.tbl,1,4.5,4.5,NASA Exoplanet Archive spectra index
OBSERVED,83db54d6aa9d0092602c,Kepler-26 c,transmission,D&eacute;sert et al. 2015,2015ApJ...804...59D,,Spitzer Space Telescope satellite,Infrared Array Camera (IRAC),,not_provided_by_archive_index,,47/75/65/24/Kepler_26_c_3.203_3665_2.tbl,3,4.5,4.5,NASA Exoplanet Archive spectra index
OBSERVED,73d034d38f3b9445d517,Kepler-26 c,transmission,D&eacute;sert et al. 2015,2015ApJ...804...59D,,The Kepler Mission,Kepler CCD Array,,not_provided_by_archive_index,,84/22/06/87/Kepler_26_c_3.203_3665_1.tbl,1,0.6,0.6,NASA Exoplanet Archive spectra index
OBSERVED,fe228e53e7402ae61278,Kepler-32 d,transmission,D&eacute;sert et al. 2015,2015ApJ...804...59D,,Spitzer Space Telescope satellite,Infrared Array Camera (IRAC),,not_provided_by_archive_index,,50/30/70/66/Kepler_32_d_3.1803_3665_1.tbl,2,4.5,4.5,NASA Exoplanet Archive spectra index
OBSERVED,0813943c44eefbd77166,Kepler-32 d,transmission,D&eacute;sert et al. 2015,2015ApJ...804...59D,,The Kepler Mission,Kepler CCD Array,,not_provided_by_archive_index,,75/39/98/16/Kepler_32_d_3.1803_3665_2.tbl,1,0.6,0.6,NASA Exoplanet Archive spectra index
OBSERVED,1ba6941b055fa545bea1,Kepler-37 d,transmission,D&eacute;sert et al. 2015,2015ApJ...804...59D,,The Kepler Mission,Kepler CCD Array,,not_provided_by_archive_index,,22/92/45/34/Kepler_37_d_3.211_3665_1.tbl,1,0.6,0.6,NASA Exoplanet Archive spectra index
OBSERVED,bedd1d69d180b6c3442f,Kepler-37 d,transmission,D&eacute;sert et al. 2015,2015ApJ...804...59D,,Spitzer Space Telescope satellite,Infrared Array Camera (IRAC),,not_provided_by_archive_index,,94/74/21/90/Kepler_37_d_3.211_3665_2.tbl,2,4.5,4.5,NASA Exoplanet Archive spectra index
OBSERVED,60f80d116195c777f418,Kepler-410 A b,transmission,D&eacute;sert et al. 2015,2015ApJ...804...59D,,The Kepler Mission,Kepler CCD Array,,not_provided_by_archive_index,,58/53/59/97/Kepler_410_A_b_3.136_3665_2.tbl,1,0.6,0.6,NASA Exoplanet Archive spectra index
OBSERVED,c79108469d9037bf41cb,Kepler-410 A b,transmission,D&eacute;sert et al. 2015,2015ApJ...804...59D,,Spitzer Space Telescope satellite,Infrared Array Camera (IRAC),,not_provided_by_archive_index,,75/41/65/85/Kepler_410_A_b_3.136_3665_1.tbl,1,4.5,4.5,NASA Exoplanet Archive spectra index
OBSERVED,ec82560a3b4fcd9d1b57,Kepler-45 b,transmission,Baxter et al. 2021,2021A&A...648A.127B,,Spitzer Space Telescope satellite,Infrared Array Camera (IRAC),,not_provided_by_archive_index,from Table 4,01/98/95/42/Kepler_45_b_3.222_6099_1.tbl,2,3.6,4.5,NASA Exoplanet Archive spectra index
OBSERVED,41c8ca5e5bb8402262b5,Kepler-49 b,transmission,D&eacute;sert et al. 2015,2015ApJ...804...59D,,The Kepler Mission,Kepler CCD Array,,not_provided_by_archive_index,,32/13/35/46/Kepler_49_b_3.76_3665_1.tbl,1,0.6,0.6,NASA Exoplanet Archive spectra index
OBSERVED,7d552734255e020a7c50,Kepler-49 b,transmission,D&eacute;sert et al. 2015,2015ApJ...804...59D,,Spitzer Space Telescope satellite,Infrared Array Camera (IRAC),,not_provided_by_archive_index,,41/08/78/33/Kepler_49_b_3.76_3665_2.tbl,2,4.5,4.5,NASA Exoplanet Archive spectra index
OBSERVED,9fbca73fb979018c6c12,Kepler-49 c,transmission,D&eacute;sert et al. 2015,2015ApJ...804...59D,,The Kepler Mission,Kepler CCD Array,,not_provided_by_archive_index,,22/22/36/31/Kepler_49_c_3.196_3665_1.tbl,1,0.6,0.6,NASA Exoplanet Archive spectra index
OBSERVED,82da7477b60647d493e5,Kepler-49 c,transmission,D&eacute;sert et al. 2015,2015ApJ...804...59D,,Spitzer Space Telescope satellite,Infrared Array Camera (IRAC),,not_provided_by_archive_index,,45/43/90/00/Kepler_49_c_3.196_3665_2.tbl,3,4.5,4.5,NASA Exoplanet Archive spectra index
OBSERVED,83e45f20cc61e1860b1a,Kepler-5 b,eclipse,D&eacute;sert et al. 2011,2011ApJS..197...11D,,Spitzer Space Telescope satellite,Infrared Array Camera (IRAC),,not_provided_by_archive_index,Table 2,46/94/89/59/Kepler_5_b_3.4_4096_1.tbl,2,3.6,4.5,NASA Exoplanet Archive spectra index
OBSERVED,246daff7aa61ee68ede2,Kepler-5 b,eclipse,Deming et al. 2023,2023AJ....165..104D,,Spitzer Space Telescope satellite,Infrared Array Camera (IRAC),,not_provided_by_archive_index,"AOR = 38406144, date is start time.",14/83/29/64/Kepler_05_b_3.4_5869_169.tbl,1,3.6,3.6,NASA Exoplanet Archive spectra index
OBSERVED,303097237379a74eaad1,Kepler-5 b,eclipse,Deming et al. 2023,2023AJ....165..104D,,Spitzer Space Telescope satellite,Infrared Array Camera (IRAC),,not_provided_by_archive_index,"AOR = 38405632, date is start time.",41/58/31/67/Kepler_05_b_3.4_5869_168.tbl,1,3.6,3.6,NASA Exoplanet Archive spectra index
OBSERVED,49b14909f2538fd188b5,Kepler-5 b,eclipse,Deming et al. 2023,2023AJ....165..104D,,Spitzer Space Telescope satellite,Infrared Array Camera (IRAC),,not_provided_by_archive_index,"AOR = 38404608, date is start time.",63/01/14/80/Kepler_05_b_3.4_5869_170.tbl,1,4.5,4.5,NASA Exoplanet Archive spectra index
OBSERVED,4fe29f868a68a0b91316,Kepler-5 b,eclipse,Deming et al. 2023,2023AJ....165..104D,,Spitzer Space Telescope satellite,Infrared Array Camera (IRAC),,not_provided_by_archive_index,"AOR = 38405120, date is start time.",72/93/88/73/Kepler_05_b_3.4_5869_171.tbl,1,4.5,4.5,NASA Exoplanet Archive spectra index
OBSERVED,c076dd3a5f08f7be9590,Kepler-51 b,transmission,Libby-Roberts et al. 2020,2020AJ....159...57L,,Hubble Space Telescope satellite,Wide Field Camera 3,,not_provided_by_archive_index,"Visit 2, Table 4",12/33/18/46/Kepler_51_b_3.362_4859_2.tbl,20,1.164,1.613,NASA Exoplanet Archive spectra index
OBSERVED,52ea5279394d79dd21e2,Kepler-51 b,transmission,Libby-Roberts et al. 2020,2020AJ....159...57L,,Hubble Space Telescope satellite,Wide Field Camera 3,,not_provided_by_archive_index,"Visit 1, Table 4",56/96/64/57/Kepler_51_b_3.362_4859_1.tbl,20,1.164,1.613,NASA Exoplanet Archive spectra index
OBSERVED,e9b9d8f04d65dfaf6c8c,Kepler-51 d,transmission,Libby-Roberts et al. 2020,2020AJ....159...57L,,Hubble Space Telescope satellite,Wide Field Camera 3,,not_provided_by_archive_index,"Visit 1, Table 5",37/20/48/02/Kepler_51_d_3.2966_4859_3.tbl,20,1.164,1.613,NASA Exoplanet Archive spectra index
OBSERVED,3cdc314f09a9b9317979,Kepler-51 d,transmission,Libby-Roberts et al. 2020,2020AJ....159...57L,,Hubble Space Telescope satellite,Wide Field Camera 3,,not_provided_by_archive_index,"Visit 2, Table 5",62/45/28/79/Kepler_51_d_3.2966_4859_4.tbl,20,1.164,1.613,NASA Exoplanet Archive spectra index
OBSERVED,56391607db2efdbd3d8d,Kepler-51 d,transmission,Edwards et al. 2023,2023ApJS..269...31E,,Hubble Space Telescope satellite,Wide Field Camera 3,,not_provided_by_archive_index,G141,26/66/16/59/Kepler_51_d_3.2966_5286_51.tbl,25,1.1262,1.6295,NASA Exoplanet Archive spectra index
OBSERVED,923f59681b0e8d01225b,Kepler-51 d,transmission,Libby-Roberts et al. 2026,2026AJ....171..221L,,NASA 6.5m James Webb Space Telescope (JWST) Satellite Mission,Near Infrared Spectrograph (NIRSpec) - PRISM,,not_provided_by_archive_index,"Table 2, Eureka!, native binning",12/24/43/29/Kepler_51_d_3.2966_5961_1.tbl,408,0.6015,5.2965,NASA Exoplanet Archive spectra index
OBSERVED,56b46aa692ca58e9431d,Kepler-6 b,eclipse,D&eacute;sert et al. 2011,2011ApJS..197...11D,,Spitzer Space Telescope satellite,Infrared Array Camera (IRAC),,not_provided_by_archive_index,Table 2,19/17/34/02/Kepler_6_b_3.10_4096_1.tbl,2,3.6,4.5,NASA Exoplanet Archive spectra index
OBSERVED,b0686cf112d30127bd1a,Kepler-6 b,eclipse,Deming et al. 2023,2023AJ....165..104D,,Spitzer Space Telescope satellite,Infrared Array Camera (IRAC),,not_provided_by_archive_index,"AOR = 38406400, date is start time.",08/96/14/22/Kepler_06_b_3.10_5869_173.tbl,1,3.6,3.6,NASA Exoplanet Archive spectra index
OBSERVED,2d2e4f17f7a644288325,Kepler-6 b,eclipse,Deming et al. 2023,2023AJ....165..104D,,Spitzer Space Telescope satellite,Infrared Array Camera (IRAC),,not_provided_by_archive_index,"AOR = 38405376, date is start time.",44/92/29/90/Kepler_06_b_3.10_5869_175.tbl,1,4.5,4.5,NASA Exoplanet Archive spectra index
OBSERVED,dbb4b7817d3e0c14bd24,Kepler-6 b,eclipse,Deming et al. 2023,2023AJ....165..104D,,Spitzer Space Telescope satellite,Infrared Array Camera (IRAC),,not_provided_by_archive_index,"AOR = 38404864, date is start time.",69/47/49/53/Kepler_06_b_3.10_5869_174.tbl,1,4.5,4.5,NASA Exoplanet Archive spectra index
OBSERVED,0bff83553a21fcf61e21,Kepler-6 b,eclipse,Deming et al. 2023,2023AJ....165..104D,,Spitzer Space Telescope satellite,Infrared Array Camera (IRAC),,not_provided_by_archive_index,"AOR = 38405888, date is start time.",97/96/55/75/Kepler_06_b_3.10_5869_172.tbl,1,3.6,3.6,NASA Exoplanet Archive spectra index
OBSERVED,6cd5cf449d4df4e2b0d3,Kepler-61 b,transmission,D&eacute;sert et al. 2015,2015ApJ...804...59D,,The Kepler Mission,Kepler CCD Array,,not_provided_by_archive_index,,15/01/31/40/Kepler_61_b_3.1497_3665_1.tbl,1,0.6,0.6,NASA Exoplanet Archive spectra index
OBSERVED,d009769fe6dc94c4b8ed,Kepler-61 b,transmission,D&eacute;sert et al. 2015,2015ApJ...804...59D,,Spitzer Space Telescope satellite,Infrared Array Camera (IRAC),,not_provided_by_archive_index,,38/68/17/85/Kepler_61_b_3.1497_3665_2.tbl,1,4.5,4.5,NASA Exoplanet Archive spectra index
OBSERVED,adac8e729431e93fe32d,Kepler-62 e,transmission,D&eacute;sert et al. 2015,2015ApJ...804...59D,,Spitzer Space Telescope satellite,Infrared Array Camera (IRAC),,not_provided_by_archive_index,,35/66/08/92/Kepler_62_e_3.1785_3665_1.tbl,1,4.5,4.5,NASA Exoplanet Archive spectra index
OBSERVED,72c8029b13d507f5b264,Kepler-62 e,transmission,D&eacute;sert et al. 2015,2015ApJ...804...59D,,The Kepler Mission,Kepler CCD Array,,not_provided_by_archive_index,,84/97/10/74/Kepler_62_e_3.1785_3665_2.tbl,1,0.6,0.6,NASA Exoplanet Archive spectra index
OBSERVED,2f9260e58392e4d0f1ee,Kepler-68 b,transmission,D&eacute;sert et al. 2015,2015ApJ...804...59D,,Spitzer Space Telescope satellite,Infrared Array Camera (IRAC),,not_provided_by_archive_index,,80/55/72/33/Kepler_68_b_3.175_3665_1.tbl,2,4.5,4.5,NASA Exoplanet Archive spectra index
OBSERVED,61b3500cf715530db92a,Kepler-68 b,transmission,D&eacute;sert et al. 2015,2015ApJ...804...59D,,The Kepler Mission,Kepler CCD Array,,not_provided_by_archive_index,,91/00/36/78/Kepler_68_b_3.175_3665_2.tbl,1,0.6,0.6,NASA Exoplanet Archive spectra index
OBSERVED,f695b5a03e1e780b9e6d,Kepler-79 d,transmission,Chachan et al. 2020,2020AJ....160..201C,,Hubble Space Telescope satellite,Wide Field Camera 3,,not_provided_by_archive_index,from Table 3; figure 5; G141 grism; visit 1 & 2 joint fit,62/22/70/55/Kepler_79_d_3.24_6082_1.tbl,18,1.135,1.645,NASA Exoplanet Archive spectra index
OBSERVED,1f237be8ed82bf2c57d5,Kepler-9 b,transmission,Edwards et al. 2023,2023ApJS..269...31E,,Hubble Space Telescope satellite,Wide Field Camera 3,,not_provided_by_archive_index,G141,44/10/95/51/Kepler_9_b_3.388_5286_52.tbl,25,1.1262,1.6295,NASA Exoplanet Archive spectra index
OBSERVED,e581d8270e15ca44bdb5,Kepler-9 c,transmission,Edwards et al. 2023,2023ApJS..269...31E,,Hubble Space Telescope satellite,Wide Field Camera 3,,not_provided_by_archive_index,G141,24/65/78/81/Kepler_9_c_3.964_5286_53.tbl,25,1.1262,1.6295,NASA Exoplanet Archive spectra index
OBSERVED,5de31e56806fb156c7ad,Kepler-93 b,transmission,D&eacute;sert et al. 2015,2015ApJ...804...59D,,The Kepler Mission,Kepler CCD Array,,not_provided_by_archive_index,,23/04/56/51/Kepler_93_b_3.216_3665_2.tbl,1,0.6,0.6,NASA Exoplanet Archive spectra index
OBSERVED,609e8b6d46c572dfcbd4,Kepler-93 b,transmission,D&eacute;sert et al. 2015,2015ApJ...804...59D,,Spitzer Space Telescope satellite,Infrared Array Camera (IRAC),,not_provided_by_archive_index,,24/77/55/16/Kepler_93_b_3.216_3665_1.tbl,2,4.5,4.5,NASA Exoplanet Archive spectra index
OBSERVED,761d5b2c2584c0bc1155,Kepler-94 b,transmission,D&eacute;sert et al. 2015,2015ApJ...804...59D,,The Kepler Mission,Kepler CCD Array,,not_provided_by_archive_index,,54/87/06/03/Kepler_94_b_3.159_3665_2.tbl,1,0.6,0.6,NASA Exoplanet Archive spectra index
OBSERVED,12e4b98eed4344225e24,Kepler-94 b,transmission,D&eacute;sert et al. 2015,2015ApJ...804...59D,,Spitzer Space Telescope satellite,Infrared Array Camera (IRAC),,not_provided_by_archive_index,,91/57/69/02/Kepler_94_b_3.159_3665_1.tbl,2,4.5,4.5,NASA Exoplanet Archive spectra index
OBSERVED,f9c9d888981dd8324ac7,L 168-9 b,transmission,Bouwman et al. 2023,2023PASP..135c8002B,,NASA 6.5m James Webb Space Telescope (JWST) Satellite Mission,Mid-Infrared Instrument (MIRI) - LRS,,not_provided_by_archive_index,CASCADe Pipeline,10/31/52/73/L_168_9_b_3.12495_5330_1.tbl,48,4.86,11.86,NASA Exoplanet Archive spectra index
OBSERVED,1f5d3aaa943e90068a4c,L 168-9 b,transmission,Bouwman et al. 2023,2023PASP..135c8002B,,NASA 6.5m James Webb Space Telescope (JWST) Satellite Mission,Mid-Infrared Instrument (MIRI) - LRS,,not_provided_by_archive_index,Eureka! Pipeline,86/83/38/64/L_168_9_b_3.12495_5330_2.tbl,48,4.86,11.86,NASA Exoplanet Archive spectra index
OBSERVED,01eaef301648791a8e14,L 168-9 b,transmission,Alam et al. 2025,2025AJ....169...15A,,NASA 6.5m James Webb Space Telescope (JWST) Satellite Mission,Near Infrared Spectrograph (NIRSpec),,not_provided_by_archive_index,"Aesop reduction, G395H, Visit 1",26/47/38/45/L_168_9_b_3.12495_5554_1.tbl,53,2.883,5.0628,NASA Exoplanet Archive spectra index
OBSERVED,14d28a3c4b12a9a94c21,L 168-9 b,transmission,Alam et al. 2025,2025AJ....169...15A,,NASA 6.5m James Webb Space Telescope (JWST) Satellite Mission,Near Infrared Spectrograph (NIRSpec) - G395H,,not_provided_by_archive_index,"weighted average combined G395H MIRI spectrum, Figure 7",50/30/65/23/L_168_9_b_3.12495_5554_4.tbl,53,2.883,5.0628,NASA Exoplanet Archive spectra index
OBSERVED,f2afa9ccf2f9e2ba69f6,L 168-9 b,transmission,Alam et al. 2025,2025AJ....169...15A,,NASA 6.5m James Webb Space Telescope (JWST) Satellite Mission,Near Infrared Spectrograph (NIRSpec),,not_provided_by_archive_index,"Aesop reduction, G395H, Visit 3",51/78/21/34/L_168_9_b_3.12495_5554_3.tbl,53,2.883,5.0628,NASA Exoplanet Archive spectra index
OBSERVED,b9ff2e94d4a024c2476b,L 168-9 b,transmission,Alam et al. 2025,2025AJ....169...15A,,NASA 6.5m James Webb Space Telescope (JWST) Satellite Mission,Near Infrared Spectrograph (NIRSpec),,not_provided_by_archive_index,"Aesop reduction, G395H, Visit 2",76/10/05/35/L_168_9_b_3.12495_5554_2.tbl,53,2.883,5.0628,NASA Exoplanet Archive spectra index
OBSERVED,274aad6aa228c2cc0747,L 168-9 b,transmission,Alam et al. 2025,2025AJ....169...15A,,NASA 6.5m James Webb Space Telescope (JWST) Satellite Mission,Mid-Infrared Instrument (MIRI) - LRS,,not_provided_by_archive_index,"weighted average combined G395H MIRI spectrum, Figure 7",79/66/31/81/L_168_9_b_3.12495_5554_5.tbl,48,4.86,11.86,NASA Exoplanet Archive spectra index
OBSERVED,287435d9640e020dc26c,L 168-9 b,transmission,Alam et al. 2025,2025AJ....169...15A,,NASA 6.5m James Webb Space Telescope (JWST) Satellite Mission,Mid-Infrared Instrument (MIRI) - LRS,,not_provided_by_archive_index,ExoTiC-MIRI/LRS reduction,82/81/69/84/L_168_9_b_3.12495_5554_6.tbl,48,4.86,11.86,NASA Exoplanet Archive spectra index
OBSERVED,f995fea825705007c76d,L 98-59 b,transmission,Zhou et al. 2022,2022AJ....164..203Z,,Hubble Space Telescope satellite,Wide Field Camera 3,,not_provided_by_archive_index,"Table 2, Visit 1",00/01/16/47/L98_59_b_3.12372_5988_1.tbl,25,1.1263,1.6294,NASA Exoplanet Archive spectra index
OBSERVED,e4a9c1f552a67efd3d61,L 98-59 b,transmission,Zhou et al. 2022,2022AJ....164..203Z,,Hubble Space Telescope satellite,Wide Field Camera 3,,not_provided_by_archive_index,"Table 2, Visit 4",00/94/72/35/L98_59_b_3.12372_5988_4.tbl,25,1.1263,1.6294,NASA Exoplanet Archive spectra index
OBSERVED,da2bb3e0aa546f92ad2b,L 98-59 b,transmission,Zhou et al. 2022,2022AJ....164..203Z,,Hubble Space Telescope satellite,Wide Field Camera 3,,not_provided_by_archive_index,"Table 2, Visit 2",34/24/31/13/L98_59_b_3.12372_5988_2.tbl,25,1.1263,1.6294,NASA Exoplanet Archive spectra index
OBSERVED,48c2fd69987c4c20f69c,L 98-59 b,transmission,Zhou et al. 2022,2022AJ....164..203Z,,Hubble Space Telescope satellite,Wide Field Camera 3,,not_provided_by_archive_index,"Table 2, Weighted Average",41/58/67/76/L98_59_b_3.12372_5988_6.tbl,25,1.1263,1.6294,NASA Exoplanet Archive spectra index
OBSERVED,a90dea3bddaea22a7e1d,L 98-59 b,transmission,Zhou et al. 2022,2022AJ....164..203Z,,Hubble Space Telescope satellite,Wide Field Camera 3,,not_provided_by_archive_index,"Table 2, Visit 5",57/93/01/93/L98_59_b_3.12372_5988_5.tbl,25,1.1263,1.6294,NASA Exoplanet Archive spectra index
OBSERVED,35ff25f592c36a8fccaa,L 98-59 b,transmission,Zhou et al. 2022,2022AJ....164..203Z,,Hubble Space Telescope satellite,Wide Field Camera 3,,not_provided_by_archive_index,"Table 2, Visit 3",78/87/14/18/L98_59_b_3.12372_5988_3.tbl,25,1.1263,1.6294,NASA Exoplanet Archive spectra index
OBSERVED,aed8491ce5308df3ce09,L 98-59 b,transmission,Damiano et al. 2022,2022AJ....164..225D,,Hubble Space Telescope satellite,Wide Field Camera 3,,not_provided_by_archive_index,"Table 3, Visit 3",07/89/80/60/L98_59_b_3.12372_5545_3.tbl,18,1.1262,1.6237,NASA Exoplanet Archive spectra index
OBSERVED,21cd72584e70473add69,L 98-59 b,transmission,Damiano et al. 2022,2022AJ....164..225D,,Hubble Space Telescope satellite,Wide Field Camera 3,,not_provided_by_archive_index,"Table 3, Visit 4",09/60/10/84/L98_59_b_3.12372_5545_4.tbl,18,1.1262,1.6237,NASA Exoplanet Archive spectra index
OBSERVED,7261a38e8693d1def3cf,L 98-59 b,transmission,Damiano et al. 2022,2022AJ....164..225D,,Hubble Space Telescope satellite,Wide Field Camera 3,,not_provided_by_archive_index,"Table 3, weighted average",24/52/90/76/L98_59_b_3.12372_5545_6.tbl,18,1.1262,1.6237,NASA Exoplanet Archive spectra index
OBSERVED,732699f96ab418bf9945,L 98-59 b,transmission,Damiano et al. 2022,2022AJ....164..225D,,Hubble Space Telescope satellite,Wide Field Camera 3,,not_provided_by_archive_index,"Table 3, Visit 1",60/38/82/46/L98_59_b_3.12372_5545_1.tbl,18,1.1262,1.6237,NASA Exoplanet Archive spectra index
OBSERVED,351e0851358362bd7803,L 98-59 b,transmission,Damiano et al. 2022,2022AJ....164..225D,,Hubble Space Telescope satellite,Wide Field Camera 3,,not_provided_by_archive_index,"Table 3, Visit 5",74/01/51/96/L98_59_b_3.12372_5545_5.tbl,18,1.1262,1.6237,NASA Exoplanet Archive spectra index
OBSERVED,3716075c5ea0047bc516,L 98-59 b,transmission,Damiano et al. 2022,2022AJ....164..225D,,Hubble Space Telescope satellite,Wide Field Camera 3,,not_provided_by_archive_index,"Table 3, Visit 2",89/29/15/64/L98_59_b_3.12372_5545_2.tbl,18,1.1262,1.6237,NASA Exoplanet Archive spectra index
OBSERVED,89bf474b5f3eac81f85e,L 98-59 b,transmission,Bello-Arufe et al. 2025,2025ApJ...980L..26B,,NASA 6.5m James Webb Space Telescope (JWST) Satellite,Near Infrared Spectrograph (NIRSpec),,not_provided_by_archive_index,"G395H, Eureka",44/59/69/92/L_98_59_b_3.12372_5578_2.tbl,218,2.875,5.165,NASA Exoplanet Archive spectra index
OBSERVED,1b1f8e477d3546a1376f,L 98-59 b,transmission,Bello-Arufe et al. 2025,2025ApJ...980L..26B,,NASA 6.5m James Webb Space Telescope (JWST) Satellite,Near Infrared Spectrograph (NIRSpec),,not_provided_by_archive_index,"G395H, Firefly",80/53/84/86/L_98_59_b_3.12372_5578_1.tbl,80,2.7245,5.1004,NASA Exoplanet Archive spectra index
OBSERVED,efd451e1a4ddb994b850,L 98-59 c,transmission,Scarsdale et al. 2024,2024AJ....168..276S,,NASA 6.5m James Webb Space Telescope (JWST) Satellite Mission,Near Infrared Spectrograph (NIRSpec),,not_provided_by_archive_index,"G395H mode, ExoTiC-JEDI pipeline, Visit 2",07/34/84/68/L_98_59_c_3.12373_5503_4.tbl,109,2.812,5.0725,NASA Exoplanet Archive spectra index
OBSERVED,e2ca0a1db24709c86844,L 98-59 c,transmission,Scarsdale et al. 2024,2024AJ....168..276S,,NASA 6.5m James Webb Space Telescope (JWST) Satellite Mission,Near Infrared Spectrograph (NIRSpec),,not_provided_by_archive_index,"G395H mode, Eureka! pipeline, Visit 1",41/06/60/13/L_98_59_c_3.12373_5503_1.tbl,106,2.873,5.0725,NASA Exoplanet Archive spectra index
OBSERVED,50b9faa46f9c325f3026,L 98-59 c,transmission,Scarsdale et al. 2024,2024AJ....168..276S,,NASA 6.5m James Webb Space Telescope (JWST) Satellite Mission,Near Infrared Spectrograph (NIRSpec),,not_provided_by_archive_index,"G395H mode, Eureka! pipeline, Visit 2",93/29/31/64/L_98_59_c_3.12373_5503_2.tbl,106,2.873,5.0725,NASA Exoplanet Archive spectra index
OBSERVED,5a4f5bd9febf69186151,L 98-59 c,transmission,Scarsdale et al. 2024,2024AJ....168..276S,,NASA 6.5m James Webb Space Telescope (JWST) Satellite Mission,Near Infrared Spectrograph (NIRSpec),,not_provided_by_archive_index,"G395H mode, ExoTiC-JEDI pipeline, Visit 1",94/98/01/69/L_98_59_c_3.12373_5503_3.tbl,109,2.8122,5.0728,NASA Exoplanet Archive spectra index
OBSERVED,9a9c9db000676cec0eb5,L 98-59 c,transmission,Barclay et al. 2025,2025AJ....169..241B,,Hubble Space Telescope satellite,Wide Field Camera 3,,not_provided_by_archive_index,From Table 3,04/09/66/87/L_98_59_c_3.12373_5571_1.tbl,19,1.137,1.639,NASA Exoplanet Archive spectra index
OBSERVED,ed7019866a169f245cd2,L 98-59 d,transmission,Gressier et al. 2024,2024ApJ...975L..10G,,NASA 6.5m James Webb Space Telescope (JWST) Satellite Mission,Near Infrared Spectrograph (NIRSpec),,not_provided_by_archive_index,"transitspectroscopy reduction, R~100; G395H",67/02/31/50/L_98_59_d_3.12374_5499_1.tbl,55,2.8768,5.1467,NASA Exoplanet Archive spectra index
OBSERVED,6f0f8f4f83388262a494,LHS 1140 b,transmission,Edwards et al. 2021,2021AJ....161...44E,,Hubble Space Telescope satellite,Wide Field Camera 3,,not_provided_by_archive_index,from Table 2; G141,15/36/14/66/LHS_1140_b_3.12019_6081_1.tbl,25,1.1262,1.6295,NASA Exoplanet Archive spectra index
OBSERVED,307ab12d984534a1159c,LHS 1140 b,transmission,Edwards et al. 2021,2021AJ....161...44E,,Transiting Exoplanet Survey Satellite,TESS CCD Array,,not_provided_by_archive_index,from Table 2,38/07/35/47/LHS_1140_b_3.12019_6081_2.tbl,1,0.8,0.8,NASA Exoplanet Archive spectra index
OBSERVED,5c3f65ece983f1ff7a39,LHS 1140 b,transmission,Damiano et al. 2024,2024ApJ...968L..22D,,NASA 6.5m James Webb Space Telescope (JWST) Satellite Mission,Near Infrared Spectrograph (NIRSpec),,not_provided_by_archive_index,"Table 8, G235H grating",02/33/10/72/LHS_1140_b_3.12019_5435_1.tbl,39,1.678,3.0522,NASA Exoplanet Archive spectra index
OBSERVED,f80f562d2c8840082dc6,LHS 1140 b,transmission,Damiano et al. 2024,2024ApJ...968L..22D,,NASA 6.5m James Webb Space Telescope (JWST) Satellite Mission,Near Infrared Spectrograph (NIRSpec),,not_provided_by_archive_index,"Table 9, G395H grating",59/93/04/78/LHS_1140_b_3.12019_5435_2.tbl,37,2.9021,5.1503,NASA Exoplanet Archive spectra index
OBSERVED,5e1637f2d91484cc5546,LHS 1140 b,transmission,Cadieux et al. 2024,2024ApJ...970L...2C,,NASA 6.5m James Webb Space Telescope (JWST) Satellite Mission,Near Infrared Imager and Slitless Spectrograph (NIRISS),,not_provided_by_archive_index,Table B1,99/51/35/59/LHS_1140_b_3.12019_5422_1.tbl,142,0.6534,2.6515,NASA Exoplanet Archive spectra index
OBSERVED,e6f411c382837e050602,LHS 1140 c,eclipse,Fortune et al. 2025,2025A&A...701A..25F,,NASA 6.5m James Webb Space Telescope (JWST) Satellite Mission,Mid-Infrared Instrument (MIRI),,not_provided_by_archive_index,Joint-fit aperture extraction GPs; combined 3 eclipses,46/55/48/48/LHS_1140_c_3.12258_5685_1.tbl,1,15,15,NASA Exoplanet Archive spectra index
OBSERVED,3f3c19db1a710ec653b6,LHS 1140 c,transmission,Cadieux et al. 2024,2024ApJ...970L...2C,,NASA 6.5m James Webb Space Telescope (JWST) Satellite Mission,Near Infrared Imager and Slitless Spectrograph (NIRISS),,not_provided_by_archive_index,Table B1,14/51/19/15/LHS_1140_c_3.12258_5422_2.tbl,142,0.6534,2.6515,NASA Exoplanet Archive spectra index
OBSERVED,cfe92351a8436f36c396,LHS 3844 b,eclipse,Zieba et al. 2026,2026NatAs.tmp...97Z,,NASA 6.5m James Webb Space Telescope (JWST) Satellite Mission,Mid-Infrared Instrument (MIRI) - LRS,,not_provided_by_archive_index,from Supplementary Table 4; figure 2,23/79/00/87/LHS_3844_b_3.12293_6088_1.tbl,12,5.3645,12.0635,NASA Exoplanet Archive spectra index
OBSERVED,2fa28ac6f360b46595cd,LHS 475 b,transmission,Lustig-Yaeger et al. 2023,2023NatAs...7.1317L,,NASA 6.5m James Webb Space Telescope (JWST) Satellite Mission,Near Infrared Spectrograph (NIRSpec) - G395H,,not_provided_by_archive_index,FIREFLy pipeline,36/32/40/85/LHS_475_b_3.13814_5239_3.tbl,3382,2.809,5.175,NASA Exoplanet Archive spectra index
OBSERVED,e1fc4a35a05f29d81b50,LHS 475 b,transmission,Lustig-Yaeger et al. 2023,2023NatAs...7.1317L,,NASA 6.5m James Webb Space Telescope (JWST) Satellite Mission,Near Infrared Spectrograph (NIRSpec) - G395H,,not_provided_by_archive_index,FIREFLy pipeline (low resolution),51/23/34/60/LHS_475_b_3.13814_5239_4.tbl,56,2.8287,5.1436,NASA Exoplanet Archive spectra index
OBSERVED,e4702a0783735bfb2bda,LHS 475 b,transmission,Lustig-Yaeger et al. 2023,2023NatAs...7.1317L,,NASA 6.5m James Webb Space Telescope (JWST) Satellite Mission,Near Infrared Spectrograph (NIRSpec) - G395H,,not_provided_by_archive_index,Tiberius pipeline,66/93/28/59/LHS_475_b_3.13814_5239_1.tbl,3370,2.7872,5.1497,NASA Exoplanet Archive spectra index
OBSERVED,76964ba21fed28c1d797,LHS 475 b,transmission,Lustig-Yaeger et al. 2023,2023NatAs...7.1317L,,NASA 6.5m James Webb Space Telescope (JWST) Satellite Mission,Near Infrared Spectrograph (NIRSpec) - G395H,,not_provided_by_archive_index,Eureka! pipeline,73/88/74/45/LHS_475_b_3.13814_5239_2.tbl,3284,2.8843,5.1768,NASA Exoplanet Archive spectra index
OBSERVED,d39b9572edf1caafb77a,LP 791-18 c,transmission,Roy et al. 2026,2026NatAs..10..371R,,NASA 6.5m James Webb Space Telescope (JWST) Satellite Mission,Near Infrared Spectrograph (NIRSpec) - PRISM,,not_provided_by_archive_index,Figure 2; R=25; Eureka! reduction,75/17/03/70/LP_791_18_c_3.12458_5963_1.tbl,40,0.6925,5.1217,NASA Exoplanet Archive spectra index
OBSERVED,de3c13bc929444589720,LTT 1445 A b,eclipse,Wachiraphan et al. 2025,2025AJ....169..311W,,NASA 6.5m James Webb Space Telescope (JWST) Satellite Mission,Mid-Infrared Instrument (MIRI),,not_provided_by_archive_index,"Table 3, Eureka! pipeline, Combined Visits",54/41/94/29/LTT_1445_A_b_3.12411_5686_2.tbl,20,5.2495,11.8142,NASA Exoplanet Archive spectra index
OBSERVED,ae91639802a94deaf15c,LTT 1445 A b,eclipse,Wachiraphan et al. 2025,2025AJ....169..311W,,NASA 6.5m James Webb Space Telescope (JWST) Satellite Mission,Mid-Infrared Instrument (MIRI),,not_provided_by_archive_index,"Table 2, SPARTA pipeline, Combined Visits",57/45/90/72/LTT_1445_A_b_3.12411_5686_1.tbl,20,5.2477,11.8128,NASA Exoplanet Archive spectra index
OBSERVED,b89626ea955f7201a972,LTT 1445 A b,transmission,Diamond-Lowe et al. 2023,2023AJ....165..169D,,Carnegie Institution for Science (CIS) 6.5m Landon Clay Telescope at Las Campanas Observatory (LCO),LDSS-3C,,not_provided_by_archive_index,Combination of four data sets,54/80/08/58/LTT_1445_A_b_3.12411_5233_1.tbl,20,0.63,1.01,NASA Exoplanet Archive spectra index
OBSERVED,57ff82f0c3646b104644,LTT 1445 A b,transmission,Bennett et al. 2025,2025AJ....169..111B,,Hubble Space Telescope satellite,Wide Field Camera 3,,not_provided_by_archive_index,G141; Figure 8,24/78/86/68/LTT_1445_A_b_3.12411_5999_1.tbl,25,1.1355,1.6395,NASA Exoplanet Archive spectra index
OBSERVED,58e14330ee065770c335,LTT 1445 A b,transmission,Bennett et al. 2025,2025AJ....169..111B,,Hubble Space Telescope satellite,Wide Field Camera 3,,not_provided_by_archive_index,G280; 3 visit average; Figure 8,28/70/46/14/LTT_1445_A_b_3.12411_5999_2.tbl,11,0.3995,0.9648,NASA Exoplanet Archive spectra index
OBSERVED,2a3c9b0d301c947f6b8a,LTT 3780 b,eclipse,Allen et al. 2025,2025AJ....170..240A,,NASA 6.5m James Webb Space Telescope (JWST) Satellite Mission,Mid-Infrared Instrument (MIRI),,not_provided_by_archive_index,"Table 2, F1500W, Transitspectroscopy Reduction, Observation 15",05/44/59/67/LTT_3780_b_3.12528_5859_2.tbl,1,15,15,NASA Exoplanet Archive spectra index
OBSERVED,113d80cc31b2eb79c33b,LTT 3780 b,eclipse,Allen et al. 2025,2025AJ....170..240A,,NASA 6.5m James Webb Space Telescope (JWST) Satellite Mission,Mid-Infrared Instrument (MIRI),,not_provided_by_archive_index,"Table 2, F1500W, Alternate Reduction, Observation 14",15/68/87/52/LTT_3780_b_3.12528_5859_4.tbl,1,15,15,NASA Exoplanet Archive spectra index
OBSERVED,44f94ce482ed66be4e25,LTT 3780 b,eclipse,Allen et al. 2025,2025AJ....170..240A,,NASA 6.5m James Webb Space Telescope (JWST) Satellite Mission,Mid-Infrared Instrument (MIRI),,not_provided_by_archive_index,"Table 2, F1500W, Alternate Reduction, Joint Fit",32/74/22/35/LTT_3780_b_3.12528_5859_6.tbl,1,15,15,NASA Exoplanet Archive spectra index
OBSERVED,5eb12f954c79a4938057,LTT 3780 b,eclipse,Allen et al. 2025,2025AJ....170..240A,,NASA 6.5m James Webb Space Telescope (JWST) Satellite Mission,Mid-Infrared Instrument (MIRI),,not_provided_by_archive_index,"Table 2, F1500W, Transitspectroscopy Reduction, Joint Fit",51/42/72/33/LTT_3780_b_3.12528_5859_3.tbl,1,15,15,NASA Exoplanet Archive spectra index
OBSERVED,d357fc68c57ab6e0acba,LTT 3780 b,eclipse,Allen et al. 2025,2025AJ....170..240A,,NASA 6.5m James Webb Space Telescope (JWST) Satellite Mission,Mid-Infrared Instrument (MIRI),,not_provided_by_archive_index,"Table 2, F1500W, Transitspectroscopy Reduction, Observation 14",68/35/19/29/LTT_3780_b_3.12528_5859_1.tbl,1,15,15,NASA Exoplanet Archive spectra index
OBSERVED,1271a41e9602c915ac10,LTT 3780 b,eclipse,Allen et al. 2025,2025AJ....170..240A,,NASA 6.5m James Webb Space Telescope (JWST) Satellite Mission,Mid-Infrared Instrument (MIRI),,not_provided_by_archive_index,"Table 2, F1500W, Alternate Reduction, Observation 15",91/41/38/37/LTT_3780_b_3.12528_5859_5.tbl,1,15,15,NASA Exoplanet Archive spectra index
OBSERVED,958691787d0d9f16eee5,LTT 3780 c,transmission,Rigby et al. 2025,2025ApJ...995L..70R,,NASA 6.5m James Webb Space Telescope (JWST) Satellite Mission,Near Infrared Imager and Slitless Spectrograph (NIRISS),,not_provided_by_archive_index,"Figure 2, SOSS",22/07/32/14/TOI_732_c_3.12529_5941_3.tbl,1018,0.8527,2.8262,NASA Exoplanet Archive spectra index
OBSERVED,82a1b8b1eb0c2a4ac3a2,LTT 3780 c,transmission,Rigby et al. 2025,2025ApJ...995L..70R,,NASA 6.5m James Webb Space Telescope (JWST) Satellite Mission,Near Infrared Spectrograph (NIRSpec) - G395H,,not_provided_by_archive_index,"Figure 2, NRS2",37/47/53/19/TOI_732_c_3.12529_5941_5.tbl,980,3.8242,5.1721,NASA Exoplanet Archive spectra index
OBSERVED,6aa61861257ad104113f,LTT 3780 c,transmission,Rigby et al. 2025,2025ApJ...995L..70R,,NASA 6.5m James Webb Space Telescope (JWST) Satellite Mission,Mid-Infrared Instrument (MIRI),,not_provided_by_archive_index,"Figure 4, JexoPipe pipeline",46/26/39/65/TOI_732_c_3.12529_5941_1.tbl,29,5.777,11.7932,NASA Exoplanet Archive spectra index
OBSERVED,a190bcf8c256ccc31802,LTT 3780 c,transmission,Rigby et al. 2025,2025ApJ...995L..70R,,NASA 6.5m James Webb Space Telescope (JWST) Satellite Mission,Mid-Infrared Instrument (MIRI),,not_provided_by_archive_index,"Figure 4, JexoRes pipeline",65/90/15/73/TOI_732_c_3.12529_5941_2.tbl,29,5.777,11.7932,NASA Exoplanet Archive spectra index
OBSERVED,2e4f3e1c3299e7dbbeee,LTT 3780 c,transmission,Rigby et al. 2025,2025ApJ...995L..70R,,NASA 6.5m James Webb Space Telescope (JWST) Satellite Mission,Near Infrared Spectrograph (NIRSpec) - G395H,,not_provided_by_archive_index,"Figure 2, NRS1",68/93/16/79/TOI_732_c_3.12529_5941_4.tbl,695,2.7423,3.7138,NASA Exoplanet Archive spectra index
OBSERVED,39c5e0816352b8ce252e,LTT 9779 b,eclipse,Dragomir et al. 2020,2020ApJ...903L...6D,,Spitzer Space Telescope satellite,Infrared Array Camera (IRAC),,not_provided_by_archive_index,Table 2; global ch1 & ch2,85/85/05/29/LTT_9779_b_3.12596_6011_1.tbl,2,3.6,4.5,NASA Exoplanet Archive spectra index
OBSERVED,e70e01ce653562e0e91c,LTT 9779 b,eclipse,Coulombe et al. 2025,2025NatAs...9..512C,,NASA 6.5m James Webb Space Telescope (JWST) Satellite Mission,Near Infrared Imager and Slitless Spectrograph (NIRISS),,not_provided_by_archive_index,Extended Data Figure 4,15/41/97/77/LTT_9779_b_3.12596_5650_1.tbl,32,0.6156,2.7893,NASA Exoplanet Archive spectra index
OBSERVED,575c545a04c7bbc083e4,LTT 9779 b,transmission,Crossfield et al. 2020,2020ApJ...903L...7C,,Spitzer Space Telescope satellite,Infrared Array Camera (IRAC),,not_provided_by_archive_index,Table 2,67/76/08/52/LTT_9779_b_3.12596_6019_1.tbl,2,3.6,4.5,NASA Exoplanet Archive spectra index
OBSERVED,36d1c9ce77c13071c296,LTT 9779 b,transmission,Edwards et al. 2023,2023AJ....166..158E,,Hubble Space Telescope satellite,Wide Field Camera 3,,not_provided_by_archive_index,,10/95/63/09/LTT_9779_b_3.12596_5198_1.tbl,38,0.8375,1.6295,NASA Exoplanet Archive spectra index
OBSERVED,1accd90d5553dda991a6,LTT 9779 b,transmission,Radica et al. 2024,2024ApJ...962L..20R,,NASA 6.5m James Webb Space Telescope (JWST) Satellite Mission,Near Infrared Imager and Slitless Spectrograph (NIRISS),,not_provided_by_archive_index,SOSS mode,11/18/58/25/LTT_9779_b_3.12596_5328_1.tbl,227,0.6064,2.7286,NASA Exoplanet Archive spectra index
OBSERVED,6dc4fce71c6fd062b8db,Luhman 16 b,direct imaging,Biller et al. 2024,2024MNRAS.532.2207B,,NASA 6.5m James Webb Space Telescope (JWST) Satellite Mission,Mid-Infrared Instrument (MIRI),,not_provided_by_archive_index,single date stamp; all 219 available on zenodo,17/22/84/93/WISE_J104915.57_531906.1_A_b_3.19807_5694_1.tbl,194,5.1715,11.1035,NASA Exoplanet Archive spectra index
OBSERVED,29ef5721a747822bc055,Luhman 16 b,direct imaging,Biller et al. 2024,2024MNRAS.532.2207B,,NASA 6.5m James Webb Space Telescope (JWST) Satellite Mission,Near Infrared Spectrograph (NIRSpec),,not_provided_by_archive_index,single date stamp; all 219 available on zenodo,94/05/83/12/WISE_J104915.57_531906.1_A_b_3.19807_5694_2.tbl,369,0.7804,5.225,NASA Exoplanet Archive spectra index
OBSERVED,48f6bdf055e28b80655d,MASCARA-1 b,eclipse,Bell et al. 2021,2021MNRAS.504.3316B,,Spitzer Space Telescope satellite,Infrared Array Camera (IRAC),,not_provided_by_archive_index,Table 4,80/11/26/38/MASCARA_1_b_3.12076_6052_2.tbl,1,4.5,4.5,NASA Exoplanet Archive spectra index
OBSERVED,ad70fd412cb1afb4e9f5,MASCARA-1 b,eclipse,Deming et al. 2023,2023AJ....165..104D,,Spitzer Space Telescope satellite,Infrared Array Camera (IRAC),,not_provided_by_archive_index,"AOR = 67658240, date is start time.",58/82/27/70/MASCARA_1_b_3.12076_5869_186.tbl,1,4.5,4.5,NASA Exoplanet Archive spectra index
OBSERVED,a8bb94a954092311e288,MASCARA-1 b,eclipse,Deming et al. 2023,2023AJ....165..104D,,Spitzer Space Telescope satellite,Infrared Array Camera (IRAC),,not_provided_by_archive_index,"AOR = 67659008, date is start time.",64/49/49/96/MASCARA_1_b_3.12076_5869_187.tbl,1,4.5,4.5,NASA Exoplanet Archive spectra index
OBSERVED,06b1ebc4feb9a57f80c3,MASCARA-1 b,transmission,Bell et al. 2021,2021MNRAS.504.3316B,,Spitzer Space Telescope satellite,Infrared Array Camera (IRAC),,not_provided_by_archive_index,Table 4,55/61/10/33/MASCARA_1_b_3.12076_6052_1.tbl,1,4.5,4.5,NASA Exoplanet Archive spectra index
OBSERVED,20fd6e83e4061964cb22,NGTS-2 b,transmission,Fairman et al. 2026,2026MNRAS.548ag528F,,NASA 6.5m James Webb Space Telescope (JWST) Satellite Mission,Near Infrared Spectrograph (NIRSpec) - G395H,,not_provided_by_archive_index,ExoTiC-JEDI reduction; R~400; figure 3,30/22/97/43/NGTS_2_b_3.12216_6018_2.tbl,239,2.773,5.1663,NASA Exoplanet Archive spectra index
OBSERVED,77a8b62fabe26fe33b41,NGTS-2 b,transmission,Fairman et al. 2026,2026MNRAS.548ag528F,,NASA 6.5m James Webb Space Telescope (JWST) Satellite Mission,Near Infrared Spectrograph (NIRSpec) - G395H,,not_provided_by_archive_index,ExoTiC-JEDI reduction; R~100; figure 3,67/88/65/23/NGTS_2_b_3.12216_6018_1.tbl,61,2.7767,5.1641,NASA Exoplanet Archive spectra index
OBSERVED,750f1591b3d3a40d6473,NGTS-2 b,transmission,Fairman et al. 2026,2026MNRAS.548ag528F,,NASA 6.5m James Webb Space Telescope (JWST) Satellite Mission,Near Infrared Spectrograph (NIRSpec) - G395H,,not_provided_by_archive_index,Tiberius reduction; R~400; figure 3,78/69/91/42/NGTS_2_b_3.12216_6018_4.tbl,241,2.7662,5.1661,NASA Exoplanet Archive spectra index
OBSERVED,730a75e68a3151a35b5d,NGTS-2 b,transmission,Fairman et al. 2026,2026MNRAS.548ag528F,,NASA 6.5m James Webb Space Telescope (JWST) Satellite Mission,Near Infrared Spectrograph (NIRSpec) - G395H,,not_provided_by_archive_index,Tiberius reduction; R~100; figure 3,92/01/66/78/NGTS_2_b_3.12216_6018_3.tbl,61,2.7765,5.1797,NASA Exoplanet Archive spectra index
OBSERVED,17a98afee914e79c071e,PDS 70 b,direct imaging,Christiaens et al. 2024,2024A&A...685L...1C,,NASA 6.5m James Webb Space Telescope (JWST) Satellite Mission,Near Infrared Camera (NIRCam),,not_provided_by_archive_index,,08/77/43/85/PDS_70_b_3.12309_5459_1.tbl,2,1.874,4.834,NASA Exoplanet Archive spectra index
OBSERVED,2eacd86cd6b06f53e035,PDS 70 c,direct imaging,Christiaens et al. 2024,2024A&A...685L...1C,,NASA 6.5m James Webb Space Telescope (JWST) Satellite Mission,Near Infrared Camera (NIRCam),,not_provided_by_archive_index,,04/94/66/38/PDS_70_c_3.12375_5459_1.tbl,2,1.874,4.834,NASA Exoplanet Archive spectra index
OBSERVED,fce1214bbd37e0dbec97,PSR J2322-2650 b,direct imaging,Zhang et al. 2025,2025ApJ...995L..64Z,,NASA 6.5m James Webb Space Telescope (JWST) Satellite Mission,Near Infrared Spectrograph (NIRSpec) - PRISM,,not_provided_by_archive_index,"Planet spectrum not spatially resolved from host star; Quad, Figure 2",01/37/08/18/PSR_J2322_2650_b_3.12100_5868_4.tbl,392,0.6068,5.2872,NASA Exoplanet Archive spectra index
OBSERVED,ee7f345bef8213524af0,PSR J2322-2650 b,direct imaging,Zhang et al. 2025,2025ApJ...995L..64Z,,NASA 6.5m James Webb Space Telescope (JWST) Satellite Mission,Near Infrared Spectrograph (NIRSpec) - PRISM,,not_provided_by_archive_index,"Planet spectrum not spatially resolved from host star; Dayside, Figure 2",18/49/97/48/PSR_J2322_2650_b_3.12100_5868_2.tbl,392,0.6068,5.2872,NASA Exoplanet Archive spectra index
OBSERVED,bcae56f5d3fdb5aa4d1e,PSR J2322-2650 b,direct imaging,Zhang et al. 2025,2025ApJ...995L..64Z,,NASA 6.5m James Webb Space Telescope (JWST) Satellite Mission,Near Infrared Spectrograph (NIRSpec) - G235H,,not_provided_by_archive_index,Planet spectrum not spatially resolved from host star; Figure 2,53/68/26/70/PSR_J2322_2650_b_3.12100_5868_1.tbl,3127,1.7012,3.0408,NASA Exoplanet Archive spectra index
OBSERVED,5130a1a07ead2dec1cbe,PSR J2322-2650 b,direct imaging,Zhang et al. 2025,2025ApJ...995L..64Z,,NASA 6.5m James Webb Space Telescope (JWST) Satellite Mission,Near Infrared Spectrograph (NIRSpec) - PRISM,,not_provided_by_archive_index,"Planet spectrum not spatially resolved from host star; Nightside, Figure 2",82/60/54/09/PSR_J2322_2650_b_3.12100_5868_3.tbl,392,0.6068,5.2872,NASA Exoplanet Archive spectra index
OBSERVED,c7fbfaf27924b526273c,Qatar-1 b,eclipse,Croll et al. 2015,2015ApJ...802...28C,,3.58m Canada-France-Hawaii Telescope (CFHT) at Mauna Kea Observatory,WIRCam,,not_provided_by_archive_index,"Table 5, Qatar-1 Ks band",61/10/56/16/Qatar_1_b_3.11424_4119_1.tbl,1,2.15,2.15,NASA Exoplanet Archive spectra index
OBSERVED,fd0e75d5c726355c3bb3,Qatar-1 b,eclipse,Garhart et al. 2018,2018A&A...610A..55G,,Spitzer Space Telescope satellite,Infrared Array Camera (IRAC),,not_provided_by_archive_index,Table 1,66/51/90/65/Qatar_1_b_3.11424_4187_1.tbl,2,3.6,4.5,NASA Exoplanet Archive spectra index
OBSERVED,d3b2e8501815596c84e9,Qatar-1 b,eclipse,Garhart et al. 2020,2020AJ....159..137G,,Spitzer Space Telescope satellite,Infrared Array Camera (IRAC),,not_provided_by_archive_index,Table 1 & 6,15/25/49/50/Qatar_1_b_3.11424_5410_9.tbl,2,3.6,4.5,NASA Exoplanet Archive spectra index
OBSERVED,e423612a62ed087d5d41,Qatar-1 b,eclipse,Keating et al. 2020,2020AJ....159..225K,,Spitzer Space Telescope satellite,Infrared Array Camera (IRAC),,not_provided_by_archive_index,from Table 2,76/15/48/23/Qatar_1_b_3.11424_6037_1.tbl,2,3.6,4.5,NASA Exoplanet Archive spectra index
OBSERVED,fd32b91e93179f98d4e9,Qatar-1 b,eclipse,Deming et al. 2023,2023AJ....165..104D,,Spitzer Space Telescope satellite,Infrared Array Camera (IRAC),,not_provided_by_archive_index,"AOR = 51816960, date is start time.",11/59/74/89/Qatar_1_b_3.11424_5869_191.tbl,1,4.5,4.5,NASA Exoplanet Archive spectra index
OBSERVED,b1000ca48db70270dcb7,Qatar-1 b,eclipse,Deming et al. 2023,2023AJ....165..104D,,Spitzer Space Telescope satellite,Infrared Array Camera (IRAC),,not_provided_by_archive_index,"AOR = 65611008, date is start time.",29/82/25/04/Qatar_1_b_3.11424_5869_192.tbl,1,4.5,4.5,NASA Exoplanet Archive spectra index
OBSERVED,f62fd35cd11227366c4e,Qatar-1 b,eclipse,Deming et al. 2023,2023AJ....165..104D,,Spitzer Space Telescope satellite,Infrared Array Camera (IRAC),,not_provided_by_archive_index,"AOR = 65611776, date is start time.",46/21/40/05/Qatar_1_b_3.11424_5869_190.tbl,1,3.6,3.6,NASA Exoplanet Archive spectra index
OBSERVED,5b195d7718866e00dd7e,Qatar-1 b,eclipse,Deming et al. 2023,2023AJ....165..104D,,Spitzer Space Telescope satellite,Infrared Array Camera (IRAC),,not_provided_by_archive_index,"AOR = 51819776, date is start time.",49/52/73/12/Qatar_1_b_3.11424_5869_188.tbl,1,3.6,3.6,NASA Exoplanet Archive spectra index
OBSERVED,440e4ff536d465209297,Qatar-1 b,eclipse,Deming et al. 2023,2023AJ....165..104D,,Spitzer Space Telescope satellite,Infrared Array Camera (IRAC),,not_provided_by_archive_index,"AOR = 65611264, date is start time.",52/61/00/75/Qatar_1_b_3.11424_5869_193.tbl,1,4.5,4.5,NASA Exoplanet Archive spectra index
OBSERVED,fe6003f5ee48830274a7,Qatar-1 b,eclipse,Deming et al. 2023,2023AJ....165..104D,,Spitzer Space Telescope satellite,Infrared Array Camera (IRAC),,not_provided_by_archive_index,"AOR = 65611520, date is start time.",67/30/19/72/Qatar_1_b_3.11424_5869_189.tbl,1,3.6,3.6,NASA Exoplanet Archive spectra index
OBSERVED,deffacf0089e6c8b62a8,Qatar-1 b,transmission,von Essen et al. 2017,2017A&A...603A..20V,,Association of Universities for Research in Astronomy (AURA) 8.1m Frederick C. Gillett Gemini North Telescope at Mauna Kea Observatory,GMOS,,not_provided_by_archive_index,,35/34/28/92/Qatar_1_b_3.11424_4004_1.tbl,12,0.53,0.704,NASA Exoplanet Archive spectra index
OBSERVED,7808d04deeac99287947,Qatar-1 b,transmission,Jiang et al. 2023,2023A&A...675A..62J,,Gran Telescopio CANARIAS 10.4m telescope,OSIRIS,,not_provided_by_archive_index,,61/18/80/40/Qatar_1_b_3.11424_5312_1.tbl,40,0.53,0.92,NASA Exoplanet Archive spectra index
OBSERVED,bcd47685aec13456a863,Qatar-2 b,eclipse,Deming et al. 2023,2023AJ....165..104D,,Spitzer Space Telescope satellite,Infrared Array Camera (IRAC),,not_provided_by_archive_index,"AOR = 61526016, date is start time.",32/65/17/75/Qatar_2_b_3.11425_5869_195.tbl,1,3.6,3.6,NASA Exoplanet Archive spectra index
OBSERVED,88135a6c0061395538f3,Qatar-2 b,eclipse,Deming et al. 2023,2023AJ....165..104D,,Spitzer Space Telescope satellite,Infrared Array Camera (IRAC),,not_provided_by_archive_index,"AOR = 61525760, date is start time.",51/20/56/32/Qatar_2_b_3.11425_5869_194.tbl,1,3.6,3.6,NASA Exoplanet Archive spectra index
OBSERVED,e44e2e594fc33720181e,Qatar-2 b,eclipse,Deming et al. 2023,2023AJ....165..104D,,Spitzer Space Telescope satellite,Infrared Array Camera (IRAC),,not_provided_by_archive_index,"AOR = 61524480, date is start time.",60/61/21/37/Qatar_2_b_3.11425_5869_196.tbl,1,4.5,4.5,NASA Exoplanet Archive spectra index
OBSERVED,cd2977bd81a43713eaab,Qatar-2 b,eclipse,Deming et al. 2023,2023AJ....165..104D,,Spitzer Space Telescope satellite,Infrared Array Camera (IRAC),,not_provided_by_archive_index,"AOR = 61524736, date is start time.",80/29/96/48/Qatar_2_b_3.11425_5869_197.tbl,1,4.5,4.5,NASA Exoplanet Archive spectra index
OBSERVED,a9df3b069ca7aa7f02a8,TOI-1130 b,transmission,Barat et al. 2026,2026ApJ..1002L..32B,,NASA 6.5m James Webb Space Telescope (JWST) Satellite Mission,Near Infrared Imager and Slitless Spectrograph (NIRISS),,not_provided_by_archive_index,SOSS; order 2; figure 2,44/50/59/23/TOI_1130_b_3.12513_6013_2.tbl,2,0.7366,0.9258,NASA Exoplanet Archive spectra index
OBSERVED,6ca43c772eb95c37dbbd,TOI-1130 b,transmission,Barat et al. 2026,2026ApJ..1002L..32B,,NASA 6.5m James Webb Space Telescope (JWST) Satellite Mission,Near Infrared Imager and Slitless Spectrograph (NIRISS),,not_provided_by_archive_index,SOSS; order 1; figure 2,45/64/48/23/TOI_1130_b_3.12513_6013_1.tbl,40,0.8729,2.7658,NASA Exoplanet Archive spectra index
OBSERVED,bf4f6022342ac541a3bc,TOI-1130 b,transmission,Barat et al. 2026,2026ApJ..1002L..32B,,NASA 6.5m James Webb Space Telescope (JWST) Satellite Mission,Near Infrared Spectrograph (NIRSpec) - G395H,,not_provided_by_archive_index,NRS1; figure 2,54/81/79/30/TOI_1130_b_3.12513_6013_3.tbl,29,2.7203,3.6813,NASA Exoplanet Archive spectra index
OBSERVED,e76a7ce0c5dfdfd4b629,TOI-1130 b,transmission,Barat et al. 2026,2026ApJ..1002L..32B,,NASA 6.5m James Webb Space Telescope (JWST) Satellite Mission,Near Infrared Spectrograph (NIRSpec) - G395H,,not_provided_by_archive_index,NRS2; figure 2,95/15/13/89/TOI_1130_b_3.12513_6013_4.tbl,39,3.8441,5.1293,NASA Exoplanet Archive spectra index
OBSERVED,bf07581fe847632c2e94,TOI-1268 b,transmission,P&eacute;rez-Gonz&aacute;lez et al. 2024,2024AJ....167..214P,,California Institute of Technology 5.1m (200inch) Hale Telescope at Palomar Observatory,Wide-field InfraRed Camera (WIRC),,not_provided_by_archive_index,,06/23/24/84/TOI_1268_b_3.13058_5365_1.tbl,1,1.083,1.083,NASA Exoplanet Archive spectra index
OBSERVED,3b1d4688debb14cd9bd4,TOI-1268 b,transmission,P&eacute;rez-Gonz&aacute;lez et al. 2024,2024AJ....167..214P,,Transiting Exoplanet Survey Satellite,TESS CCD Array,,not_provided_by_archive_index,,11/32/82/76/TOI_1268_b_3.13058_5365_2.tbl,1,0.787,0.787,NASA Exoplanet Archive spectra index
OBSERVED,a23879edcc9a499f6bdb,TOI-1468 b,eclipse,Meier Vald&eacute;s et al. 2025,2025A&A...698A..68M,,NASA 6.5m James Webb Space Telescope (JWST) Satellite Mission,Mid-Infrared Instrument (MIRI),,not_provided_by_archive_index,"F1500W filter, Joint fitting",13/38/39/13/TOI_1468_b_3.14318_5673_4.tbl,1,15,15,NASA Exoplanet Archive spectra index
OBSERVED,d54e4fbbf8b52ff237c7,TOI-1468 b,eclipse,Meier Vald&eacute;s et al. 2025,2025A&A...698A..68M,,NASA 6.5m James Webb Space Telescope (JWST) Satellite Mission,Mid-Infrared Instrument (MIRI),,not_provided_by_archive_index,"F1500W filter, Visit 2",52/62/59/26/TOI_1468_b_3.14318_5673_2.tbl,1,15,15,NASA Exoplanet Archive spectra index
OBSERVED,69a3a203f43bd8e3356c,TOI-1468 b,eclipse,Meier Vald&eacute;s et al. 2025,2025A&A...698A..68M,,NASA 6.5m James Webb Space Telescope (JWST) Satellite Mission,Mid-Infrared Instrument (MIRI),,not_provided_by_archive_index,"F1500W filter, Visit 3",78/76/00/06/TOI_1468_b_3.14318_5673_3.tbl,1,15,15,NASA Exoplanet Archive spectra index
OBSERVED,c83384532ced5267e376,TOI-1468 b,eclipse,Meier Vald&eacute;s et al. 2025,2025A&A...698A..68M,,NASA 6.5m James Webb Space Telescope (JWST) Satellite Mission,Mid-Infrared Instrument (MIRI),,not_provided_by_archive_index,"F1500W filter, Visit 1",96/23/32/16/TOI_1468_b_3.14318_5673_1.tbl,1,15,15,NASA Exoplanet Archive spectra index
OBSERVED,7c43eec78fe364d6da0d,TOI-1685 b,eclipse,Luque et al. 2025,2025AJ....170...49L,,NASA 6.5m James Webb Space Telescope (JWST) Satellite Mission,Near Infrared Spectrograph (NIRSpec) - G395H,,not_provided_by_archive_index,"Table 3, Prayer bead-Low-resolution emission spectrum (Combined)",45/16/02/56/TOI_1685_b_3.12738_5741_7.tbl,10,2.931,5.037,NASA Exoplanet Archive spectra index
OBSERVED,0a84aecf02afecb796f3,TOI-1685 b,transmission,Luque et al. 2025,2025AJ....170...49L,,NASA 6.5m James Webb Space Telescope (JWST) Satellite Mission,Near Infrared Spectrograph (NIRSpec) - G395H,,not_provided_by_archive_index,"Table 7, Eureka! reduction, NRS1",08/92/33/83/TOI_1685_b_3.12738_5741_1.tbl,26,2.8605,3.6985,NASA Exoplanet Archive spectra index
OBSERVED,ac287fe2269fb4ac8933,TOI-1685 b,transmission,Luque et al. 2025,2025AJ....170...49L,,NASA 6.5m James Webb Space Telescope (JWST) Satellite Mission,Near Infrared Spectrograph (NIRSpec) - G395H,,not_provided_by_archive_index,"Table 7, ExoTOC-JEDI reduction, NRS1",20/00/35/87/TOI_1685_b_3.12738_5741_3.tbl,26,2.8605,3.6985,NASA Exoplanet Archive spectra index
OBSERVED,82029227d911596154d4,TOI-1685 b,transmission,Luque et al. 2025,2025AJ....170...49L,,NASA 6.5m James Webb Space Telescope (JWST) Satellite Mission,Near Infrared Spectrograph (NIRSpec) - G395H,,not_provided_by_archive_index,"Table 8, ExoTIC-JEDI reduction, NRS2",36/72/72/31/TOI_1685_b_3.12738_5741_6.tbl,40,3.84,5.155,NASA Exoplanet Archive spectra index
OBSERVED,aeb8d57831c8975e99ee,TOI-1685 b,transmission,Luque et al. 2025,2025AJ....170...49L,,NASA 6.5m James Webb Space Telescope (JWST) Satellite Mission,Near Infrared Spectrograph (NIRSpec) - G395H,,not_provided_by_archive_index,"Table 8, Eureka! reduction, NRS2",40/08/93/14/TOI_1685_b_3.12738_5741_4.tbl,40,3.84,5.155,NASA Exoplanet Archive spectra index
OBSERVED,a5f414d00b2edf65e415,TOI-1685 b,transmission,Luque et al. 2025,2025AJ....170...49L,,NASA 6.5m James Webb Space Telescope (JWST) Satellite Mission,Near Infrared Spectrograph (NIRSpec) - G395H,,not_provided_by_archive_index,"Table 7, Tiberius reduction, NRS1",55/77/22/55/TOI_1685_b_3.12738_5741_2.tbl,26,2.8605,3.6985,NASA Exoplanet Archive spectra index
OBSERVED,3e2dc78bd1de1a577d07,TOI-1685 b,transmission,Luque et al. 2025,2025AJ....170...49L,,NASA 6.5m James Webb Space Telescope (JWST) Satellite Mission,Near Infrared Spectrograph (NIRSpec) - G395H,,not_provided_by_archive_index,"Table 8, Tiberius reduction, NRS2",73/33/08/62/TOI_1685_b_3.12738_5741_5.tbl,40,3.84,5.155,NASA Exoplanet Archive spectra index
OBSERVED,fa7439f2627caa21f2f0,TOI-1685 b,transmission,Fisher et al. 2026,2026MNRAS.545f2187F,,NASA 6.5m James Webb Space Telescope (JWST) Satellite Mission,Near Infrared Spectrograph (NIRSpec) - G395H,,not_provided_by_archive_index,transitspectroscopy; Figure 6,21/41/46/34/TOI_1685_b_3.12738_5947_2.tbl,53,2.9101,5.1049,NASA Exoplanet Archive spectra index
OBSERVED,ab08aba29fdd541cc41e,TOI-1685 b,transmission,Fisher et al. 2026,2026MNRAS.545f2187F,,NASA 6.5m James Webb Space Telescope (JWST) Satellite Mission,Near Infrared Spectrograph (NIRSpec) - G395H,,not_provided_by_archive_index,Eureka!; Figure 6,30/92/15/94/TOI_1685_b_3.12738_5947_1.tbl,53,2.9101,5.1049,NASA Exoplanet Archive spectra index
OBSERVED,8625a0d573c44442ba12,TOI-1685 b,transmission,Fisher et al. 2026,2026MNRAS.545f2187F,,NASA 6.5m James Webb Space Telescope (JWST) Satellite Mission,Near Infrared Spectrograph (NIRSpec) - G395H,,not_provided_by_archive_index,merlin; Figure 6,94/46/41/85/TOI_1685_b_3.12738_5947_3.tbl,53,2.9101,5.1049,NASA Exoplanet Archive spectra index
OBSERVED,d618baa51c23c9156319,TOI-199 b,transmission,Bello-Arufe et al. 2026,2026AJ....171..354B,,NASA 6.5m James Webb Space Telescope (JWST) Satellite Mission,Near Infrared Spectrograph (NIRSpec) - G395M,,not_provided_by_archive_index,Eureka! reduction; Native spectral resolution,62/82/43/70/TOI_199_b_3.13229_6051_1.tbl,575,2.872,5.168,NASA Exoplanet Archive spectra index
OBSERVED,7a1521f74199fd4c17b2,TOI-199 b,transmission,Bello-Arufe et al. 2026,2026AJ....171..354B,,NASA 6.5m James Webb Space Telescope (JWST) Satellite Mission,Near Infrared Spectrograph (NIRSpec) - G395M,,not_provided_by_archive_index,Tswift reduction; figure 4,96/28/17/86/TOI_199_b_3.13229_6051_2.tbl,25,2.8927,5.0503,NASA Exoplanet Archive spectra index
OBSERVED,e7acbe7db44a2f2f1eb1,TOI-260 b,transmission,Meech et al. 2026,2026AJ....171..274M,,NASA 6.5m James Webb Space Telescope (JWST) Satellite Mission,Near Infrared Spectrograph (NIRSpec) - G395H,,not_provided_by_archive_index,Figure 4; Eureka! reduction; Visit 1,22/12/15/30/TOI_260_b_3.20968_5975_2.tbl,106,2.873,5.0725,NASA Exoplanet Archive spectra index
OBSERVED,2efac362dfb05fb7480c,TOI-260 b,transmission,Meech et al. 2026,2026AJ....171..274M,,NASA 6.5m James Webb Space Telescope (JWST) Satellite Mission,Near Infrared Spectrograph (NIRSpec) - G395H,,not_provided_by_archive_index,Figure 4; Eureka! reduction; Visit 2,48/62/40/84/TOI_260_b_3.20968_5975_4.tbl,106,2.873,5.0725,NASA Exoplanet Archive spectra index
OBSERVED,d3e5b61d5e08d2e693a7,TOI-260 b,transmission,Meech et al. 2026,2026AJ....171..274M,,NASA 6.5m James Webb Space Telescope (JWST) Satellite Mission,Near Infrared Spectrograph (NIRSpec) - G395H,,not_provided_by_archive_index,Figure 4; Tiberius reduction; Weighted average,52/47/23/61/TOI_260_b_3.20968_5975_6.tbl,106,2.8728,5.0726,NASA Exoplanet Archive spectra index
OBSERVED,4b2fe3e069f15cabc3be,TOI-260 b,transmission,Meech et al. 2026,2026AJ....171..274M,,NASA 6.5m James Webb Space Telescope (JWST) Satellite Mission,Near Infrared Spectrograph (NIRSpec) - G395H,,not_provided_by_archive_index,Figure 4; Eureka! reduction; Joint,56/48/16/46/TOI_260_b_3.20968_5975_1.tbl,106,2.873,5.0725,NASA Exoplanet Archive spectra index
OBSERVED,05e2d2e66b211b169807,TOI-260 b,transmission,Meech et al. 2026,2026AJ....171..274M,,NASA 6.5m James Webb Space Telescope (JWST) Satellite Mission,Near Infrared Spectrograph (NIRSpec) - G395H,,not_provided_by_archive_index,Figure 4; Tiberius reduction; Visit 1,77/56/66/65/TOI_260_b_3.20968_5975_3.tbl,106,2.8728,5.0726,NASA Exoplanet Archive spectra index
OBSERVED,df5faf593e9b901961b9,TOI-260 b,transmission,Meech et al. 2026,2026AJ....171..274M,,NASA 6.5m James Webb Space Telescope (JWST) Satellite Mission,Near Infrared Spectrograph (NIRSpec) - G395H,,not_provided_by_archive_index,Figure 4; Tiberius reduction; Visit 2,85/91/02/89/TOI_260_b_3.20968_5975_5.tbl,106,2.8728,5.0726,NASA Exoplanet Archive spectra index
OBSERVED,7d76b65d91df237290b6,TOI-270 b,transmission,Coulombe et al. 2025,2025AJ....170..226C,,NASA 6.5m James Webb Space Telescope (JWST) Satellite Mission,Near Infrared Spectrograph (NIRSpec) - G395H,,not_provided_by_archive_index,"Figure 11, exoTEDRF pipeline",78/62/01/43/TOI_270_b_3.12404_5776_2.tbl,113,2.8697,5.1394,NASA Exoplanet Archive spectra index
OBSERVED,132f93cb2b1e935b3d36,TOI-270 b,transmission,Coulombe et al. 2025,2025AJ....170..226C,,NASA 6.5m James Webb Space Telescope (JWST) Satellite Mission,Near Infrared Spectrograph (NIRSpec) - G395H,,not_provided_by_archive_index,"Figure 11, Eureka! pipeline",78/79/77/21/TOI_270_b_3.12404_5776_1.tbl,113,2.8697,5.1439,NASA Exoplanet Archive spectra index
OBSERVED,67470a37c9ddd135bbdd,TOI-270 b,transmission,Coulombe et al. 2025,2025AJ....170..226C,,NASA 6.5m James Webb Space Telescope (JWST) Satellite Mission,Near Infrared Spectrograph (NIRSpec) - G395H,,not_provided_by_archive_index,"Figure 11, Tiberius pipeline",94/31/16/94/TOI_270_b_3.12404_5776_3.tbl,113,2.8699,5.1439,NASA Exoplanet Archive spectra index
OBSERVED,219ecde1715925b0926d,TOI-270 c,transmission,Edwards et al. 2023,2023ApJS..269...31E,,Hubble Space Telescope satellite,Wide Field Camera 3,,not_provided_by_archive_index,G141,38/01/42/03/TOI_270_c_3.12405_5286_54.tbl,25,1.1262,1.6295,NASA Exoplanet Archive spectra index
OBSERVED,7dc58dd17a706ad70278,TOI-270 d,transmission,Mikal-Evans et al. 2023,2023AJ....165...84M,,Hubble Space Telescope satellite,Wide Field Camera 3,,not_provided_by_archive_index,,56/50/32/92/TOI_270_d_3.12406_5212_1.tbl,28,1.135,1.634,NASA Exoplanet Archive spectra index
OBSERVED,76b6b2313ca55f6854d1,TOI-270 d,transmission,Edwards et al. 2023,2023ApJS..269...31E,,Hubble Space Telescope satellite,Wide Field Camera 3,,not_provided_by_archive_index,G141,25/90/64/46/TOI_270_d_3.12406_5286_55.tbl,25,1.1262,1.6295,NASA Exoplanet Archive spectra index
OBSERVED,2cb3d6cd82562d853827,TOI-270 d,transmission,Holmberg &amp; Madhusudhan 2024,2024A&A...683L...2H,,NASA 6.5m James Webb Space Telescope (JWST) Satellite Mission,Near Infrared Spectrograph (NIRSpec) - G395H,,not_provided_by_archive_index,"Constant Limb Darkening, low resolution",00/08/96/61/TOI_270_d_3.12406_5949_1.tbl,34,2.7671,5.1275,NASA Exoplanet Archive spectra index
OBSERVED,af2a5c76e09da41ac5b4,TOI-270 d,transmission,Holmberg &amp; Madhusudhan 2024,2024A&A...683L...2H,,NASA 6.5m James Webb Space Telescope (JWST) Satellite Mission,Near Infrared Spectrograph (NIRSpec) - G395H,,not_provided_by_archive_index,Native resolution,21/33/33/63/TOI_270_d_3.12406_5949_6.tbl,3393,2.742,5.174,NASA Exoplanet Archive spectra index
OBSERVED,6b8219b97e456b49e4dd,TOI-270 d,transmission,Holmberg &amp; Madhusudhan 2024,2024A&A...683L...2H,,NASA 6.5m James Webb Space Telescope (JWST) Satellite Mission,Near Infrared Spectrograph (NIRSpec) - G395H,,not_provided_by_archive_index,Low resolution,23/30/84/84/TOI_270_d_3.12406_5949_5.tbl,34,2.7671,5.1275,NASA Exoplanet Archive spectra index
OBSERVED,1b3b22ad73885326b77a,TOI-270 d,transmission,Holmberg &amp; Madhusudhan 2024,2024A&A...683L...2H,,NASA 6.5m James Webb Space Telescope (JWST) Satellite Mission,Near Infrared Spectrograph (NIRSpec) - G395H,,not_provided_by_archive_index,"Constant Limb Darkening, native resolution",31/22/86/47/TOI_270_d_3.12406_5949_2.tbl,3393,2.742,5.174,NASA Exoplanet Archive spectra index
OBSERVED,deaec34cdf1a6e88ffcc,TOI-270 d,transmission,Holmberg &amp; Madhusudhan 2024,2024A&A...683L...2H,,NASA 6.5m James Webb Space Telescope (JWST) Satellite Mission,Near Infrared Spectrograph (NIRSpec) - G395H,,not_provided_by_archive_index,"Dual transit, native resolution",67/70/19/39/TOI_270_d_3.12406_5949_4.tbl,3394,2.742,5.174,NASA Exoplanet Archive spectra index
OBSERVED,502c9a19a50780de3a72,TOI-270 d,transmission,Holmberg &amp; Madhusudhan 2024,2024A&A...683L...2H,,NASA 6.5m James Webb Space Telescope (JWST) Satellite Mission,Near Infrared Spectrograph (NIRSpec) - G395H,,not_provided_by_archive_index,"Dual transit, low resolution",84/84/25/74/TOI_270_d_3.12406_5949_3.tbl,34,2.7671,5.1275,NASA Exoplanet Archive spectra index
OBSERVED,bffc09a8adfe9980af59,TOI-270 d,transmission,Felix et al. 2025,2025A&A...701A.296F,,NASA 6.5m James Webb Space Telescope (JWST) Satellite Mission,Near Infrared Spectrograph (NIRSpec) - G395H,,not_provided_by_archive_index,"NRS1 & NRS2 combined, Native Resolution",66/97/58/60/TOI_270_d_3.12406_5800_2.tbl,3474,2.742,5.1707,NASA Exoplanet Archive spectra index
OBSERVED,ffb167f4d7e2433e42b9,TOI-270 d,transmission,Felix et al. 2025,2025A&A...701A.296F,,NASA 6.5m James Webb Space Telescope (JWST) Satellite Mission,Near Infrared Imager and Slitless Spectrograph (NIRISS),,not_provided_by_archive_index,Native Resolution,86/01/55/03/TOI_270_d_3.12406_5800_1.tbl,2037,0.8513,2.8266,NASA Exoplanet Archive spectra index
OBSERVED,08d46bc46d2cbeb9b35a,TOI-421 b,transmission,Davenport et al. 2025,2025ApJ...984L..44D,,NASA 6.5m James Webb Space Telescope (JWST) Satellite Mission,Near Infrared Imager and Slitless Spectrograph (NIRISS),,not_provided_by_archive_index,exoTEDRF reduction,28/96/83/52/TOI_421_b_3.12609_5799_1.tbl,39,0.8927,2.7386,NASA Exoplanet Archive spectra index
OBSERVED,1a49c0d1ac4891d6a139,TOI-421 b,transmission,Davenport et al. 2025,2025ApJ...984L..44D,,NASA 6.5m James Webb Space Telescope (JWST) Satellite Mission,Near Infrared Spectrograph (NIRSpec),,not_provided_by_archive_index,"G395M, Deming reduction",56/43/30/37/TOI_421_b_3.12609_5799_2.tbl,32,2.7519,5.0844,NASA Exoplanet Archive spectra index
OBSERVED,44a8318af6b6c85308b4,TOI-421 b,transmission,Davenport et al. 2025,2025ApJ...984L..44D,,NASA 6.5m James Webb Space Telescope (JWST) Satellite Mission,Near Infrared Imager and Slitless Spectrograph (NIRISS),,not_provided_by_archive_index,Fu reduction,90/00/53/85/TOI_421_b_3.12609_5799_3.tbl,39,0.9111,2.7586,NASA Exoplanet Archive spectra index
OBSERVED,e4e65a016d2b48948f8c,TOI-431 b,eclipse,Monaghan et al. 2025,2025AJ....169..239M,,Spitzer Space Telescope satellite,Infrared Array Camera (IRAC),,not_provided_by_archive_index,weighted average,25/45/20/06/TOI_431_b_3.12780_5663_1.tbl,1,4.5,4.5,NASA Exoplanet Archive spectra index
OBSERVED,691d193d8b921109cafc,TOI-4438 b,transmission,Goffo et al. 2024,2024A&A...685A.147G,,"1.52 m Telescopio Carlos Sanchez, Teide Observatory",MuSCAT2,,not_provided_by_archive_index,Table 2,20/19/20/12/TOI_4438_b_3.17143_5334_2.tbl,4,0.475,0.87,NASA Exoplanet Archive spectra index
OBSERVED,d8742160dfc93e71d702,TOI-4438 b,transmission,Goffo et al. 2024,2024A&A...685A.147G,,Transiting Exoplanet Survey Satellite,TESS CCD Array,,not_provided_by_archive_index,Table 2,74/27/83/45/TOI_4438_b_3.17143_5334_1.tbl,1,0.787,0.787,NASA Exoplanet Archive spectra index
OBSERVED,2176e0b813510e99ab97,TOI-4860 b,transmission,Almenara et al. 2024,2024A&A...683A.166A,,Transiting Exoplanet Survey Satellite,TESS CCD Array,,not_provided_by_archive_index,Table 2,61/34/87/73/TOI_4860_b_3.17486_5320_3.tbl,1,0.7698,0.7698,NASA Exoplanet Archive spectra index
OBSERVED,8942e36dedbb3efa4c11,TOI-4860 b,transmission,Almenara et al. 2024,2024A&A...683A.166A,,"60 cm telescopes, La Silla Observatory",ExTrA,,not_provided_by_archive_index,Table 2,93/24/24/73/TOI_4860_b_3.17486_5320_4.tbl,5,0.8898,1.5264,NASA Exoplanet Archive spectra index
OBSERVED,4376893ea6321f7f3bda,TOI-5205 b,transmission,Ca&ntilde;as et al. 2026,2026AJ....171..260C,,NASA 6.5m James Webb Space Telescope (JWST) Satellite Mission,Near Infrared Spectrograph (NIRSpec) - PRISM,,not_provided_by_archive_index,ExoTiC-JEDI reduction; coadded spectrum; figure 2.4,10/79/44/89/TOI_5205_b_3.17776_5968_2.tbl,470,0.5224,5.5843,NASA Exoplanet Archive spectra index
OBSERVED,de2278f65f4a230e544d,TOI-5205 b,transmission,Ca&ntilde;as et al. 2026,2026AJ....171..260C,,NASA 6.5m James Webb Space Telescope (JWST) Satellite Mission,Near Infrared Spectrograph (NIRSpec) - PRISM,,not_provided_by_archive_index,Eureka! reduction; coadded spectrum; figure 2.5,17/68/59/71/TOI_5205_b_3.17776_5968_1.tbl,470,0.5215,5.5822,NASA Exoplanet Archive spectra index
OBSERVED,d7cb22fc64317dc2915d,TOI-5205 b,transmission,Ca&ntilde;as et al. 2026,2026AJ....171..260C,,NASA 6.5m James Webb Space Telescope (JWST) Satellite Mission,Near Infrared Spectrograph (NIRSpec) - PRISM,,not_provided_by_archive_index,ExoTiC-JEDI reduction; visit 3; figure 2.3,22/72/02/16/TOI_5205_b_3.17776_5968_8.tbl,470,0.5227,5.5851,NASA Exoplanet Archive spectra index
OBSERVED,8b1de65c0f1fdf2e26ff,TOI-5205 b,transmission,Ca&ntilde;as et al. 2026,2026AJ....171..260C,,NASA 6.5m James Webb Space Telescope (JWST) Satellite Mission,Near Infrared Spectrograph (NIRSpec) - PRISM,,not_provided_by_archive_index,Eureka! reduction; visit 2; figure 2.2,27/13/91/38/TOI_5205_b_3.17776_5968_5.tbl,470,0.5212,5.5816,NASA Exoplanet Archive spectra index
OBSERVED,aa84acf0fce3cb5a9807,TOI-5205 b,transmission,Ca&ntilde;as et al. 2026,2026AJ....171..260C,,NASA 6.5m James Webb Space Telescope (JWST) Satellite Mission,Near Infrared Spectrograph (NIRSpec) - PRISM,,not_provided_by_archive_index,Eureka! reduction; visit 3; figure 2.3,54/23/92/23/TOI_5205_b_3.17776_5968_7.tbl,470,0.5229,5.5857,NASA Exoplanet Archive spectra index
OBSERVED,40f545821278d248213c,TOI-5205 b,transmission,Ca&ntilde;as et al. 2026,2026AJ....171..260C,,NASA 6.5m James Webb Space Telescope (JWST) Satellite Mission,Near Infrared Spectrograph (NIRSpec) - PRISM,,not_provided_by_archive_index,Eureka! reduction; visit 1; figure 2.1,55/15/26/52/TOI_5205_b_3.17776_5968_3.tbl,470,0.5202,5.5793,NASA Exoplanet Archive spectra index
OBSERVED,24a74defb63a02d99775,TOI-5205 b,transmission,Ca&ntilde;as et al. 2026,2026AJ....171..260C,,NASA 6.5m James Webb Space Telescope (JWST) Satellite Mission,Near Infrared Spectrograph (NIRSpec) - PRISM,,not_provided_by_archive_index,ExoTiC-JEDI reduction; visit 2; figure 2.2,85/30/33/17/TOI_5205_b_3.17776_5968_6.tbl,470,0.5227,5.5851,NASA Exoplanet Archive spectra index
OBSERVED,e35f1b7aec6ea7dcfdb6,TOI-5205 b,transmission,Ca&ntilde;as et al. 2026,2026AJ....171..260C,,NASA 6.5m James Webb Space Telescope (JWST) Satellite Mission,Near Infrared Spectrograph (NIRSpec) - PRISM,,not_provided_by_archive_index,ExoTiC-JEDI reduction; visit 1; figure 2.1,86/72/24/68/TOI_5205_b_3.17776_5968_4.tbl,470,0.5218,5.5828,NASA Exoplanet Archive spectra index
OBSERVED,173933f71a13ca202b1e,TOI-561 b,eclipse,Teske et al. 2025,2025ApJ...995L..39T,,NASA 6.5m James Webb Space Telescope (JWST) Satellite Mission,Near Infrared Spectrograph (NIRSpec) - G395H,,not_provided_by_archive_index,"Table 1, ExoTIC JEDI 2 pipeline",06/73/86/40/TOI_561_b_3.12643_5839_3.tbl,7,3.005,4.908,NASA Exoplanet Archive spectra index
OBSERVED,85d50f335b55b7e6f065,TOI-561 b,eclipse,Teske et al. 2025,2025ApJ...995L..39T,,NASA 6.5m James Webb Space Telescope (JWST) Satellite Mission,Near Infrared Spectrograph (NIRSpec) - G395H,,not_provided_by_archive_index,"Table 1, ExoTIC JEDI 1 pipeline",12/39/39/69/TOI_561_b_3.12643_5839_2.tbl,7,3.005,4.908,NASA Exoplanet Archive spectra index
OBSERVED,2cad8329b60eac8d70d0,TOI-561 b,eclipse,Teske et al. 2025,2025ApJ...995L..39T,,NASA 6.5m James Webb Space Telescope (JWST) Satellite Mission,Near Infrared Spectrograph (NIRSpec) - G395H,,not_provided_by_archive_index,"Table 1, Eureka! pipeline",60/10/93/98/TOI_561_b_3.12643_5839_1.tbl,7,3.005,4.908,NASA Exoplanet Archive spectra index
OBSERVED,91b0f98bcaafa5ca5650,TOI-674 b,transmission,Edwards et al. 2023,2023ApJS..269...31E,,Hubble Space Telescope satellite,Wide Field Camera 3,,not_provided_by_archive_index,G141,39/35/10/18/TOI_674_b_3.12737_5286_56.tbl,25,1.1262,1.6295,NASA Exoplanet Archive spectra index
OBSERVED,8ef216d2f4f3e318a309,TOI-776 b,transmission,Alderson et al. 2025,2025AJ....169..142A,,NASA 6.5m James Webb Space Telescope (JWST) Satellite Mission,Near Infrared Spectrograph (NIRSpec),,not_provided_by_archive_index,G395H Eureka Visit 2,00/03/19/20/TOI_776_b_3.12641_5649_2.tbl,106,2.873,5.0725,NASA Exoplanet Archive spectra index
OBSERVED,b77c6b133cb04f36fc88,TOI-776 b,transmission,Alderson et al. 2025,2025AJ....169..142A,,NASA 6.5m James Webb Space Telescope (JWST) Satellite Mission,Near Infrared Spectrograph (NIRSpec),,not_provided_by_archive_index,G395H Exotic Jedi Visit 1,27/55/67/32/TOI_776_b_3.12641_5649_3.tbl,106,2.8728,5.0725,NASA Exoplanet Archive spectra index
OBSERVED,1284c84e9462dbb99fc7,TOI-776 b,transmission,Alderson et al. 2025,2025AJ....169..142A,,NASA 6.5m James Webb Space Telescope (JWST) Satellite Mission,Near Infrared Spectrograph (NIRSpec),,not_provided_by_archive_index,G395H Eureka Visit 1,61/14/50/60/TOI_776_b_3.12641_5649_1.tbl,106,2.873,5.0725,NASA Exoplanet Archive spectra index
OBSERVED,b9057e948e9939b3377f,TOI-776 b,transmission,Alderson et al. 2025,2025AJ....169..142A,,NASA 6.5m James Webb Space Telescope (JWST) Satellite Mission,Near Infrared Spectrograph (NIRSpec),,not_provided_by_archive_index,G395H Exotic Jedi Visit 2,68/92/50/91/TOI_776_b_3.12641_5649_4.tbl,106,2.8731,5.0727,NASA Exoplanet Archive spectra index
OBSERVED,3bd1297f12b9a4ae33d4,TOI-776 c,transmission,Teske et al. 2025,2025AJ....169..249T,,NASA 6.5m James Webb Space Telescope (JWST) Satellite Mission,Near Infrared Spectrograph (NIRSpec),,not_provided_by_archive_index,G395H Eureka Visit 1,18/15/26/36/TOI_776_c_3.12642_5648_1.tbl,106,2.873,5.0725,NASA Exoplanet Archive spectra index
OBSERVED,00411ceb42338bb02e1c,TOI-776 c,transmission,Teske et al. 2025,2025AJ....169..249T,,NASA 6.5m James Webb Space Telescope (JWST) Satellite Mission,Near Infrared Spectrograph (NIRSpec),,not_provided_by_archive_index,G395H Tiberius Visit 1,24/48/55/04/TOI_776_c_3.12642_5648_4.tbl,106,2.8728,5.0726,NASA Exoplanet Archive spectra index
OBSERVED,3a7801c3c3e55c42429f,TOI-776 c,transmission,Teske et al. 2025,2025AJ....169..249T,,NASA 6.5m James Webb Space Telescope (JWST) Satellite Mission,Near Infrared Spectrograph (NIRSpec),,not_provided_by_archive_index,G395H Eureka Joint Fit,31/65/03/58/TOI_776_c_3.12642_5648_3.tbl,106,2.873,5.0725,NASA Exoplanet Archive spectra index
OBSERVED,debd455f235fab76dd00,TOI-776 c,transmission,Teske et al. 2025,2025AJ....169..249T,,NASA 6.5m James Webb Space Telescope (JWST) Satellite Mission,Near Infrared Spectrograph (NIRSpec),,not_provided_by_archive_index,G395H Tiberius Visit 2,51/54/90/65/TOI_776_c_3.12642_5648_5.tbl,106,2.8728,5.0726,NASA Exoplanet Archive spectra index
OBSERVED,e736eec04312ba4e9a51,TOI-776 c,transmission,Teske et al. 2025,2025AJ....169..249T,,NASA 6.5m James Webb Space Telescope (JWST) Satellite Mission,Near Infrared Spectrograph (NIRSpec),,not_provided_by_archive_index,G395H Tiberius Combined,91/29/57/19/TOI_776_c_3.12642_5648_6.tbl,106,2.8728,5.0726,NASA Exoplanet Archive spectra index
OBSERVED,6c4fb2b05a3ed9b982c7,TOI-776 c,transmission,Teske et al. 2025,2025AJ....169..249T,,NASA 6.5m James Webb Space Telescope (JWST) Satellite Mission,Near Infrared Spectrograph (NIRSpec),,not_provided_by_archive_index,G395H Eureka Visit 2,93/27/49/10/TOI_776_c_3.12642_5648_2.tbl,106,2.873,5.0725,NASA Exoplanet Archive spectra index
OBSERVED,dac5a0261a505ac82c85,TOI-824 b,eclipse,Roy et al. 2022,2022ApJ...941...89R,,Spitzer Space Telescope satellite,Infrared Array Camera (IRAC),,not_provided_by_archive_index,"Eclipse Depths taken from abstract, wavelength and observation date from Table 1",27/02/93/55/TOI_824_b_3.12602_6002_1.tbl,2,3.55,4.49,NASA Exoplanet Archive spectra index
OBSERVED,5ce448f5da26857fa49f,TOI-836 b,transmission,Alderson et al. 2024,2024AJ....167..216A,,NASA 6.5m James Webb Space Telescope (JWST) Satellite Mission,Near Infrared Spectrograph (NIRSpec),,not_provided_by_archive_index,Eureka! pipline visit 2,06/61/34/10/TOI_836_b_3.13742_5454_2.tbl,106,2.873,5.0725,NASA Exoplanet Archive spectra index
OBSERVED,568521b18654d433e846,TOI-836 b,transmission,Alderson et al. 2024,2024AJ....167..216A,,NASA 6.5m James Webb Space Telescope (JWST) Satellite Mission,Near Infrared Spectrograph (NIRSpec),,not_provided_by_archive_index,Eureka! pipeline combined visit 1 and visit 2,35/53/58/83/TOI_836_b_3.13742_5454_5.tbl,106,2.873,5.0725,NASA Exoplanet Archive spectra index
OBSERVED,0eeecd6e2b5c26b4d075,TOI-836 b,transmission,Alderson et al. 2024,2024AJ....167..216A,,NASA 6.5m James Webb Space Telescope (JWST) Satellite Mission,Near Infrared Spectrograph (NIRSpec),,not_provided_by_archive_index,Eureka! pipline visit 1,54/18/61/76/TOI_836_b_3.13742_5454_1.tbl,106,2.873,5.0725,NASA Exoplanet Archive spectra index
OBSERVED,2020925bdd93527a956a,TOI-836 b,transmission,Alderson et al. 2024,2024AJ....167..216A,,NASA 6.5m James Webb Space Telescope (JWST) Satellite Mission,Near Infrared Spectrograph (NIRSpec),,not_provided_by_archive_index,exotic-jedi pipeline visit 1,83/82/92/19/TOI_836_b_3.13742_5454_3.tbl,106,2.8728,5.0725,NASA Exoplanet Archive spectra index
OBSERVED,f6fe0902cd2c5eb0d016,TOI-836 b,transmission,Alderson et al. 2024,2024AJ....167..216A,,NASA 6.5m James Webb Space Telescope (JWST) Satellite Mission,Near Infrared Spectrograph (NIRSpec),,not_provided_by_archive_index,exotic-jedi pipeline visit 2,87/83/44/96/TOI_836_b_3.13742_5454_4.tbl,106,2.873,5.0726,NASA Exoplanet Archive spectra index
OBSERVED,3db84e1b52c7b4a709f2,TOI-836 c,transmission,Wallack et al. 2024,2024AJ....168...77W,,NASA 6.5m James Webb Space Telescope (JWST) Satellite Mission,Near Infrared Spectrograph (NIRSpec),,not_provided_by_archive_index,ExoTiC-JEDI,02/32/45/73/TOI_836_c_3.13741_5501_3.tbl,106,2.873,5.073,NASA Exoplanet Archive spectra index
OBSERVED,ed135f90317ab0252833,TOI-836 c,transmission,Wallack et al. 2024,2024AJ....168...77W,,NASA 6.5m James Webb Space Telescope (JWST) Satellite Mission,Near Infrared Spectrograph (NIRSpec),,not_provided_by_archive_index,Eureka,13/96/20/76/TOI_836_c_3.13741_5501_2.tbl,106,2.873,5.072,NASA Exoplanet Archive spectra index
OBSERVED,05c189da3fb812168692,TOI-836 c,transmission,Wallack et al. 2024,2024AJ....168...77W,,NASA 6.5m James Webb Space Telescope (JWST) Satellite Mission,Near Infrared Spectrograph (NIRSpec),,not_provided_by_archive_index,Aesop,44/18/99/89/TOI_836_c_3.13741_5501_1.tbl,106,2.873,5.073,NASA Exoplanet Archive spectra index
OBSERVED,cf0c27e5bc2606cf03fe,TRAPPIST-1 b,eclipse,Greene et al. 2023,2023Natur.618...39G,,NASA 6.5m James Webb Space Telescope (JWST) Satellite Mission,Mid-Infrared Instrument (MIRI),,not_provided_by_archive_index,,75/34/32/80/TRAPPIST_1_b_3.11876_5123_1.tbl,1,15,15,NASA Exoplanet Archive spectra index
OBSERVED,3a15d22fa8aadf12a386,TRAPPIST-1 b,eclipse,Ducrot et al. 2025,2025NatAs...9..358D,,NASA 6.5m James Webb Space Telescope (JWST) Satellite Mission,Mid-Infrared Instrument (MIRI),,not_provided_by_archive_index,Fiducial Global Joint Fit (Extended Data Table 4),52/27/97/08/TRAPPIST_1_b_3.11876_5572_1.tbl,2,12.8,15,NASA Exoplanet Archive spectra index
OBSERVED,5232c3a135ea353a2b82,TRAPPIST-1 b,transmission,Zhang et al. 2018,2018AJ....156..178Z,,Hubble Space Telescope satellite,Wide Field Camera 3,,not_provided_by_archive_index,from Table 13; G141; transit 2,61/17/26/88/TRAPPIST_1_b_3.11876_6044_1.tbl,12,1.1505,1.6613,NASA Exoplanet Archive spectra index
OBSERVED,6ab69a4f5cbceaaf8a5f,TRAPPIST-1 b,transmission,Rathcke et al. 2025,2025ApJ...979L..19R,,NASA 6.5m James Webb Space Telescope (JWST) Satellite Mission,Near Infrared Spectrograph (NIRSpec) - PRISM,,not_provided_by_archive_index,Mid-Transit Times from Table 1,58/69/28/21/TRAPPIST_1_b_3.11876_5704_1.tbl,362,0.8031,5.1928,NASA Exoplanet Archive spectra index
OBSERVED,fe444e65f98daa94251b,TRAPPIST-1 c,eclipse,Zieba et al. 2023,2023Natur.620..746Z,,NASA 6.5m James Webb Space Telescope (JWST) Satellite Mission,Mid-Infrared Instrument (MIRI),,not_provided_by_archive_index,,70/85/48/26/TRAPPIST_1_c_3.11877_5196_1.tbl,1,15,15,NASA Exoplanet Archive spectra index
OBSERVED,86f2ea386a353bacb1a8,TRAPPIST-1 c,transmission,Zhang et al. 2018,2018AJ....156..178Z,,Hubble Space Telescope satellite,Wide Field Camera 3,,not_provided_by_archive_index,from Table 13; G141; transit 1,81/69/11/48/TRAPPIST_1_c_3.11877_6044_1.tbl,12,1.1505,1.6613,NASA Exoplanet Archive spectra index
OBSERVED,5c60a62fa2d3f38a651f,TRAPPIST-1 c,transmission,Radica et al. 2025,2025ApJ...979L...5R,,NASA 6.5m James Webb Space Telescope (JWST) Satellite Mission,Near Infrared Imager and Slitless Spectrograph (NIRISS),,not_provided_by_archive_index,"Table 3, Visit 2",78/70/23/49/TRAPPIST_1_c_3.11877_5693_2.tbl,26,0.72,2.77,NASA Exoplanet Archive spectra index
OBSERVED,ae4ad503134fcbb51014,TRAPPIST-1 c,transmission,Radica et al. 2025,2025ApJ...979L...5R,,NASA 6.5m James Webb Space Telescope (JWST) Satellite Mission,Near Infrared Imager and Slitless Spectrograph (NIRISS),,not_provided_by_archive_index,"Table 3, Visit 1",90/43/88/63/TRAPPIST_1_c_3.11877_5693_1.tbl,26,0.72,2.77,NASA Exoplanet Archive spectra index
OBSERVED,7ef1e33d368ed667eb64,TRAPPIST-1 c,transmission,Rathcke et al. 2025,2025ApJ...979L..19R,,NASA 6.5m James Webb Space Telescope (JWST) Satellite Mission,Near Infrared Spectrograph (NIRSpec) - PRISM,,not_provided_by_archive_index,Mid-Transit Times from Table 1,71/62/86/77/TRAPPIST_1_c_3.11877_5704_2.tbl,362,0.8031,5.1928,NASA Exoplanet Archive spectra index
OBSERVED,ccd2ac882885a8684772,TRAPPIST-1 d,transmission,Zhang et al. 2018,2018AJ....156..178Z,,Hubble Space Telescope satellite,Wide Field Camera 3,,not_provided_by_archive_index,from Table 13; G141; transit 3,89/30/39/55/TRAPPIST_1_d_3.11878_6044_1.tbl,12,1.1465,1.6572,NASA Exoplanet Archive spectra index
OBSERVED,3376b95ae57728b11196,TRAPPIST-1 d,transmission,Piaulet-Ghorayeb et al. 2025,2025ApJ...989..181P,,NASA 6.5m James Webb Space Telescope (JWST) Satellite Mission,Near Infrared Spectrograph (NIRSpec) - PRISM,,not_provided_by_archive_index,"Table B2, Visit 2",52/97/56/47/TRAPPIST_1_d_3.11878_5840_2.tbl,24,0.696,4.978,NASA Exoplanet Archive spectra index
OBSERVED,dcfe921862fc6e981155,TRAPPIST-1 d,transmission,Piaulet-Ghorayeb et al. 2025,2025ApJ...989..181P,,NASA 6.5m James Webb Space Telescope (JWST) Satellite Mission,Near Infrared Spectrograph (NIRSpec) - PRISM,,not_provided_by_archive_index,"Table B2, Visit 1",99/33/69/46/TRAPPIST_1_d_3.11878_5840_1.tbl,24,0.696,4.978,NASA Exoplanet Archive spectra index
OBSERVED,15e22d0f0a030407fe82,TRAPPIST-1 e,transmission,Zhang et al. 2018,2018AJ....156..178Z,,Hubble Space Telescope satellite,Wide Field Camera 3,,not_provided_by_archive_index,from Table 13; G141; transit 5,05/49/46/85/TRAPPIST_1_e_3.11990_6044_1.tbl,12,1.1377,1.6485,NASA Exoplanet Archive spectra index
OBSERVED,99acd08a543c5e9436c3,TRAPPIST-1 e,transmission,Zhang et al. 2018,2018AJ....156..178Z,,Hubble Space Telescope satellite,Wide Field Camera 3,,not_provided_by_archive_index,from Table 13; G141; transit 7,78/10/49/76/TRAPPIST_1_e_3.11990_6044_2.tbl,12,1.1442,1.655,NASA Exoplanet Archive spectra index
OBSERVED,5fd67943106a84c1614b,TRAPPIST-1 e,transmission,Espinoza et al. 2025,2025ApJ...990L..52E,,NASA 6.5m James Webb Space Telescope (JWST) Satellite Mission,Near Infrared Spectrograph (NIRSpec) - PRISM,,not_provided_by_archive_index,"Figure 2, Visit 2",40/38/07/00/TRAPPIST_1_e_3.11990_5756_2.tbl,67,0.6292,5.2084,NASA Exoplanet Archive spectra index
OBSERVED,35372bb75f05ab2722b1,TRAPPIST-1 e,transmission,Espinoza et al. 2025,2025ApJ...990L..52E,,NASA 6.5m James Webb Space Telescope (JWST) Satellite Mission,Near Infrared Spectrograph (NIRSpec) - PRISM,,not_provided_by_archive_index,"Figure 2, Visit 3",52/45/05/46/TRAPPIST_1_e_3.11990_5756_3.tbl,67,0.6292,5.2084,NASA Exoplanet Archive spectra index
OBSERVED,b134eb8c1b149d1d770d,TRAPPIST-1 e,transmission,Espinoza et al. 2025,2025ApJ...990L..52E,,NASA 6.5m James Webb Space Telescope (JWST) Satellite Mission,Near Infrared Spectrograph (NIRSpec) - PRISM,,not_provided_by_archive_index,"Figure 2, Visit 4",73/78/08/08/TRAPPIST_1_e_3.11990_5756_4.tbl,67,0.6292,5.2084,NASA Exoplanet Archive spectra index
OBSERVED,95defd39d9d3e9e72a7b,TRAPPIST-1 e,transmission,Espinoza et al. 2025,2025ApJ...990L..52E,,NASA 6.5m James Webb Space Telescope (JWST) Satellite Mission,Near Infrared Spectrograph (NIRSpec) - PRISM,,not_provided_by_archive_index,"Figure 2, Visit 1",88/64/06/06/TRAPPIST_1_e_3.11990_5756_1.tbl,67,0.6292,5.2084,NASA Exoplanet Archive spectra index
OBSERVED,de4696ed5bd65960b75c,TRAPPIST-1 f,transmission,Zhang et al. 2018,2018AJ....156..178Z,,Hubble Space Telescope satellite,Wide Field Camera 3,,not_provided_by_archive_index,from Table 13; G141; transit 6,34/69/61/40/TRAPPIST_1_f_3.11991_6044_1.tbl,12,1.1408,1.6516,NASA Exoplanet Archive spectra index
OBSERVED,4b5c6dc5badbc03b8ea6,TRAPPIST-1 g,transmission,Zhang et al. 2018,2018AJ....156..178Z,,Hubble Space Telescope satellite,Wide Field Camera 3,,not_provided_by_archive_index,from Table 13; G141; transit 4,83/20/38/87/TRAPPIST_1_g_3.11992_6044_1.tbl,12,1.1377,1.6485,NASA Exoplanet Archive spectra index
OBSERVED,6ca867912b8643653d13,TRAPPIST-1 g,transmission,Wakeford et al. 2019,2019AJ....157...11W,,Hubble Space Telescope satellite,Wide Field Camera 3,,not_provided_by_archive_index,"Table 2, Joint Fit",14/62/04/70/TRAPPIST_1_g_3.11992_4232_1.tbl,12,1.1375,1.635,NASA Exoplanet Archive spectra index
OBSERVED,59135696ceee73da5239,TRAPPIST-1 h,transmission,Gressier et al. 2022,2022A&A...658A.133G,,Hubble Space Telescope satellite,WFC3,,not_provided_by_archive_index,Table 2,60/14/68/88/TRAPPIST_1_h_3.11993_5245_1.tbl,18,1.1262,1.6237,NASA Exoplanet Archive spectra index
OBSERVED,3522c99a22b5b5d99f1f,TYC 8998-760-1 b,direct imaging,Hoch et al. 2025,2025Natur.643..938H,,NASA 6.5m James Webb Space Telescope (JWST) Satellite Mission,Near Infrared Spectrograph (NIRSpec) - PRISM,,not_provided_by_archive_index,Figure 1,25/92/75/38/YSES_1_b_3.12512_5932_3.tbl,941,0.6025,5.3025,NASA Exoplanet Archive spectra index
OBSERVED,b4d5e750c09f2ca08253,TYC 8998-760-1 b,direct imaging,Hoch et al. 2025,2025Natur.643..938H,,NASA 6.5m James Webb Space Telescope (JWST) Satellite Mission,Mid-Infrared Instrument (MIRI),,not_provided_by_archive_index,Figure 1; Circumplanetary disk features present,38/23/69/60/YSES_1_b_3.12512_5932_1.tbl,240,5.0646,11.986,NASA Exoplanet Archive spectra index
OBSERVED,f448eb6509f2d6e1acc4,TYC 8998-760-1 c,direct imaging,Hoch et al. 2025,2025Natur.643..938H,,NASA 6.5m James Webb Space Telescope (JWST) Satellite Mission,Mid-Infrared Instrument (MIRI),,not_provided_by_archive_index,Figure 1,50/71/12/44/YSES_1_c_3.12559_5932_2.tbl,240,5.0646,11.986,NASA Exoplanet Archive spectra index
OBSERVED,23aeee695b5eace5ed3c,TYC 8998-760-1 c,direct imaging,Hoch et al. 2025,2025Natur.643..938H,,NASA 6.5m James Webb Space Telescope (JWST) Satellite Mission,Near Infrared Spectrograph (NIRSpec) - PRISM,,not_provided_by_archive_index,Figure 1,92/15/77/97/YSES_1_c_3.12559_5932_4.tbl,941,0.6025,5.3025,NASA Exoplanet Archive spectra index
OBSERVED,1d6ca505cc778ba9f556,TrES-1 b,eclipse,Charbonneau et al. 2005,2005ApJ...626..523C,,Spitzer Space Telescope satellite,Infrared Array Camera (IRAC),,not_provided_by_archive_index,"Bright. temp from text, Section 4, 2nd para.",90/60/12/20/TrES_1_b_3.11430_4071_1.tbl,2,4.5,8,NASA Exoplanet Archive spectra index
OBSERVED,b3d4171f70bae5272a7d,TrES-1 b,eclipse,Cubillos et al. 2014,2014ApJ...797...42C,,Spitzer Space Telescope satellite,Infrared Array Camera (IRAC),,not_provided_by_archive_index,eclipse depth taken from Abstract,60/30/87/71/TrES_1_b_3.11430_3479_1.tbl,5,3.6,16,NASA Exoplanet Archive spectra index
OBSERVED,297170adf37258fff456,TrES-1 b,eclipse,Deming et al. 2023,2023AJ....165..104D,,Spitzer Space Telescope satellite,Infrared Array Camera (IRAC),,not_provided_by_archive_index,AOR = 20523.,27/55/98/99/TrES_1_b_3.11430_5869_198.tbl,1,3.6,3.6,NASA Exoplanet Archive spectra index
OBSERVED,713e673dce66314b2e5b,TrES-1 b,eclipse,Deming et al. 2023,2023AJ....165..104D,,Spitzer Space Telescope satellite,Infrared Array Camera (IRAC),,not_provided_by_archive_index,AOR = 227.,95/96/00/29/TrES_1_b_3.11430_5869_199.tbl,1,4.5,4.5,NASA Exoplanet Archive spectra index
OBSERVED,773b3c44c1f02c0677d4,TrES-2 b,eclipse,ODonovan et al. 2010,2010ApJ...710.1551O,,Spitzer Space Telescope satellite,Infrared Array Camera (IRAC),,not_provided_by_archive_index,Values from abstract,79/35/62/78/TrES_2_b_3.237_4084_1.tbl,4,3.6,8,NASA Exoplanet Archive spectra index
OBSERVED,5fc3b241d85e2d37ef97,TrES-2 b,eclipse,Croll et al. 2010,2010ApJ...717.1084C,,3.58m Canada-France-Hawaii Telescope (CFHT) at Mauna Kea Observatory,Wide-field Infrared Camera (WIRCam),,not_provided_by_archive_index,eclipse depth taken from Abstract,02/17/63/22/TrES_2_b_3.237_2096_1.tbl,1,2.146,2.146,NASA Exoplanet Archive spectra index
OBSERVED,677ccf16dfa659a37bfe,TrES-2 b,eclipse,Christiansen et al. 2011,2011ApJ...726...94C,,Deep Impact spacecraft,High Resolution Imager (HRI),,not_provided_by_archive_index,Table 6,47/24/51/88/TrES_2_b_3.237_3153_1.tbl,1,0.65,0.65,NASA Exoplanet Archive spectra index
OBSERVED,2a5266165fa32021d627,TrES-2 b,eclipse,Deming et al. 2023,2023AJ....165..104D,,Spitzer Space Telescope satellite,Infrared Array Camera (IRAC),,not_provided_by_archive_index,"AOR = 23901184, date is start time.",23/97/04/86/TrES_2_b_3.237_5869_200.tbl,1,3.6,3.6,NASA Exoplanet Archive spectra index
OBSERVED,15fc2a48e874a533ae88,TrES-2 b,eclipse,Deming et al. 2023,2023AJ....165..104D,,Spitzer Space Telescope satellite,Infrared Array Camera (IRAC),,not_provided_by_archive_index,"AOR = 20956160, date is start time.",76/85/55/35/TrES_2_b_3.237_5869_201.tbl,1,4.5,4.5,NASA Exoplanet Archive spectra index
OBSERVED,cae12eb0adaed0752444,TrES-2 b,transmission,Ranjan et al. 2014,2014ApJ...785..148R,,Hubble Space Telescope satellite,WFC3,,not_provided_by_archive_index,,59/66/66/62/TrES_2_b_3.237_3622_1.tbl,10,1.0965,1.6535,NASA Exoplanet Archive spectra index
OBSERVED,983bd273ffbd1600c82b,TrES-2 b,transmission,Baxter et al. 2021,2021A&A...648A.127B,,Spitzer Space Telescope satellite,Infrared Array Camera (IRAC),,not_provided_by_archive_index,from Table 4,67/96/22/39/TrES_2_b_3.237_6099_1.tbl,2,3.6,4.5,NASA Exoplanet Archive spectra index
OBSERVED,c6b436ecd449d948a160,TrES-2 b,transmission,Edwards et al. 2023,2023ApJS..269...31E,,Hubble Space Telescope satellite,Wide Field Camera 3,,not_provided_by_archive_index,G141,23/87/24/41/TrES_2_b_3.237_5286_57.tbl,25,1.1262,1.6295,NASA Exoplanet Archive spectra index
OBSERVED,04ec98910c83f59e5cf3,TrES-3 b,eclipse,Fressin et al. 2010,2010ApJ...711..374F,,Spitzer Space Telescope satellite,Infrared Array Camera (IRAC),,not_provided_by_archive_index,Table 1,76/03/26/15/TrES_3_b_3.11431_4086_1.tbl,4,3.6,8,NASA Exoplanet Archive spectra index
OBSERVED,7dc6fd5ba3c7ef1773d4,TrES-3 b,eclipse,Croll et al. 2010,2010ApJ...718..920C,,3.58m Canada-France-Hawaii Telescope (CFHT) at Mauna Kea Observatory,Wide-field Infrared Camera (WIRCam),,not_provided_by_archive_index,"Table 1, MCMC Ks-band Solution",30/14/31/46/TrES_3_b_3.11431_4088_1.tbl,1,2.146,2.146,NASA Exoplanet Archive spectra index
OBSERVED,a7ced3d47b88e1b68603,TrES-3 b,eclipse,Christiansen et al. 2011,2011ApJ...726...94C,,Deep Impact spacecraft,High Resolution Imager (HRI),,not_provided_by_archive_index,Table 6,97/39/15/28/TrES_3_b_3.11431_3153_1.tbl,1,0.65,0.65,NASA Exoplanet Archive spectra index
OBSERVED,f23945c3c87312e4b672,TrES-3 b,eclipse,Changeat et al. 2022,2022ApJS..260....3C,,Spitzer Space Telescope satellite,Infrared Array Camera (IRAC),,not_provided_by_archive_index,Figure 2,61/47/19/78/TrES_3_b_3.11431_5219_125.tbl,4,3.6,8,NASA Exoplanet Archive spectra index
OBSERVED,2714ba6c17873b9d6e68,TrES-3 b,eclipse,Changeat et al. 2022,2022ApJS..260....3C,,Hubble Space Telescope satellite,Wide Field Camera 3,,not_provided_by_archive_index,Figure 2,81/84/12/72/TrES_3_b_3.11431_5219_124.tbl,18,1.1262,1.6237,NASA Exoplanet Archive spectra index
OBSERVED,2ff78e451338cf86af17,TrES-3 b,eclipse,Deming et al. 2023,2023AJ....165..104D,,Spitzer Space Telescope satellite,Infrared Array Camera (IRAC),,not_provided_by_archive_index,"AOR = 27761408, date is start time.",22/22/89/63/TrES_3_b_3.11431_5869_202.tbl,1,3.6,3.6,NASA Exoplanet Archive spectra index
OBSERVED,6da4f605bbe3a6e19d4d,TrES-3 b,eclipse,Deming et al. 2023,2023AJ....165..104D,,Spitzer Space Telescope satellite,Infrared Array Camera (IRAC),,not_provided_by_archive_index,"AOR = 27761152, date is start time.",68/28/35/65/TrES_3_b_3.11431_5869_203.tbl,1,4.5,4.5,NASA Exoplanet Archive spectra index
OBSERVED,8fffc030b0dd646a10c9,TrES-3 b,eclipse,Deming et al. 2023,2023AJ....165..104D,,Spitzer Space Telescope satellite,Infrared Array Camera (IRAC),,not_provided_by_archive_index,"AOR = 67669504, date is start time.",74/19/00/44/TrES_3_b_3.11431_5869_205.tbl,1,4.5,4.5,NASA Exoplanet Archive spectra index
OBSERVED,9466cc3fe90f6ecd23f7,TrES-3 b,eclipse,Deming et al. 2023,2023AJ....165..104D,,Spitzer Space Telescope satellite,Infrared Array Camera (IRAC),,not_provided_by_archive_index,"AOR = 67668992, date is start time.",92/77/45/21/TrES_3_b_3.11431_5869_204.tbl,1,4.5,4.5,NASA Exoplanet Archive spectra index
OBSERVED,8800bbe26713068f7199,TrES-3 b,transmission,Ricci et al. 2017,2017PASP..129f4401R,,University of Monterrey (UDEM) 0.36m telescope at Observatorio de la Universidad de Monterrey,SBIG STL-1301E,,not_provided_by_archive_index,,67/93/85/11/TrES_3_b_3.11431_3991_3.tbl,3,0.5537,0.7886,NASA Exoplanet Archive spectra index
OBSERVED,0cc1607fdc5ae02d5ec2,TrES-3 b,transmission,Ricci et al. 2017,2017PASP..129f4401R,,Multiple Observatories,Multiple Instruments,,not_provided_by_archive_index,,88/05/43/72/TrES_3_b_3.11431_3991_2.tbl,2,0.63,0.9222,NASA Exoplanet Archive spectra index
OBSERVED,53a01b13237ae76dc6d1,TrES-3 b,transmission,Ricci et al. 2017,2017PASP..129f4401R,,National Autonomous University of Mexico (UNAM) 0.84m Telescope at El Observatorio Astronomico Nacional/Sierra San Pedro Martir (OAN/SPM),MEXMAN,,not_provided_by_archive_index,,89/02/97/48/TrES_3_b_3.11431_3991_1.tbl,1,0.894,0.894,NASA Exoplanet Archive spectra index
OBSERVED,70891b0a817f1a175de7,TrES-4 b,eclipse,Knutson et al. 2009,2009ApJ...691..866K,,Spitzer Space Telescope satellite,Infrared Array Camera (IRAC),,not_provided_by_archive_index,Table 1,02/01/49/01/TrES_4_b_3.11432_4079_1.tbl,4,3.6,8,NASA Exoplanet Archive spectra index
OBSERVED,0d69d6192eb369f4cacb,TrES-4 b,eclipse,Deming et al. 2023,2023AJ....165..104D,,Spitzer Space Telescope satellite,Infrared Array Camera (IRAC),,not_provided_by_archive_index,"AOR = 24320256, date is start time.",46/34/54/10/TrES_4_b_3.11432_5869_207.tbl,1,4.5,4.5,NASA Exoplanet Archive spectra index
OBSERVED,a67072c85557d7849554,TrES-4 b,eclipse,Deming et al. 2023,2023AJ....165..104D,,Spitzer Space Telescope satellite,Infrared Array Camera (IRAC),,not_provided_by_archive_index,"AOR = 24320000, date is start time.",87/91/71/40/TrES_4_b_3.11432_5869_206.tbl,1,3.6,3.6,NASA Exoplanet Archive spectra index
OBSERVED,7e43f47dedc19758af2c,TrES-4 b,transmission,Ranjan et al. 2014,2014ApJ...785..148R,,Hubble Space Telescope satellite,WFC3,,not_provided_by_archive_index,,62/31/15/39/TrES_4_b_3.11432_3622_1.tbl,10,1.1225,1.638,NASA Exoplanet Archive spectra index
OBSERVED,2fb263aee3661615b535,TrES-4 b,transmission,Jiang et al. 2023,2023A&A...675A..62J,,Gran Telescopio CANARIAS 10.4m telescope,OSIRIS,,not_provided_by_archive_index,,48/53/08/59/TrES_4_b_3.11432_5312_1.tbl,40,0.53,0.92,NASA Exoplanet Archive spectra index
OBSERVED,42de87c72de192c4d530,TrES-4 b,transmission,Edwards et al. 2023,2023ApJS..269...31E,,Hubble Space Telescope satellite,Wide Field Camera 3,,not_provided_by_archive_index,G141,33/19/18/62/TrES_4_b_3.11432_5286_58.tbl,25,1.1262,1.6295,NASA Exoplanet Archive spectra index
OBSERVED,1f2bcf8ade2140e86480,TrES-4 b,transmission,Meech et al. 2025,2025MNRAS.539.1381M,,NASA 6.5m James Webb Space Telescope (JWST) Satellite Mission,Near Infrared Spectrograph (NIRSpec),,not_provided_by_archive_index,Tiberius R100 NRS1/NRS2,14/75/44/60/TrES_4_b_3.11432_5676_1.tbl,61,2.7765,5.1797,NASA Exoplanet Archive spectra index
OBSERVED,92a4fe47078308212f21,TrES-4 b,transmission,Meech et al. 2025,2025MNRAS.539.1381M,,NASA 6.5m James Webb Space Telescope (JWST) Satellite Mission,Near Infrared Spectrograph (NIRSpec),,not_provided_by_archive_index,Eureka! R100 NRS1/NRS2,57/39/18/40/TrES_4_b_3.11432_5676_2.tbl,61,2.7765,5.1797,NASA Exoplanet Archive spectra index
OBSERVED,83271cd9c3e800fbc7db,V1298 Tau b,transmission,Edwards et al. 2023,2023ApJS..269...31E,,Hubble Space Telescope satellite,Wide Field Camera 3,,not_provided_by_archive_index,G141,22/70/33/53/V1298_Tau_b_3.12385_5286_59.tbl,25,1.1262,1.6295,NASA Exoplanet Archive spectra index
OBSERVED,14a37dfce4e823363c23,V1298 Tau b,transmission,Barat et al. 2024,2024NatAs...8..899B,,Hubble Space Telescope satellite,Wide Field Camera 3,,not_provided_by_archive_index,,54/59/29/76/V1298_Tau_b_3.12385_5455_1.tbl,17,1.13,1.64,NASA Exoplanet Archive spectra index
OBSERVED,3d05ce0d0443db20a5a4,V1298 Tau b,transmission,Barat et al. 2025,2025AJ....170..165B,,NASA 6.5m James Webb Space Telescope (JWST) Satellite Mission,Near Infrared Spectrograph (NIRSpec),,not_provided_by_archive_index,"G395H, Eureka! pipeline",08/70/19/18/V1298_Tau_b_3.12385_5719_1.tbl,342,2.7062,5.1465,NASA Exoplanet Archive spectra index
OBSERVED,7cbf5f7a3eb9734ce5da,V1298 Tau c,transmission,Edwards et al. 2023,2023ApJS..269...31E,,Hubble Space Telescope satellite,Wide Field Camera 3,,not_provided_by_archive_index,G141,79/43/94/88/V1298_Tau_c_3.12450_5286_60.tbl,25,1.1262,1.6295,NASA Exoplanet Archive spectra index
OBSERVED,e002548fd3ede16d1f28,V1298 Tau c,transmission,Barat et al. 2024,2024A&A...692A.198B,,Hubble Space Telescope satellite,Wide Field Camera 3,,not_provided_by_archive_index,G141,12/24/29/59/V1298_Tau_c_3.12450_5522_1.tbl,17,1.1348,1.6448,NASA Exoplanet Archive spectra index
OBSERVED,297e081cdb782a3762dc,VHS J125601.92-125723.9 b,direct imaging,Miles et al. 2023,2023ApJ...946L...6M,,NASA 6.5m James Webb Space Telescope (JWST) Satellite Mission,Near Infrared Spectrograph (NIRSpec) - G395H,,not_provided_by_archive_index,,06/77/91/54/VHS_1256_1257_b_3.11759_5456_4.tbl,3537,2.8708,5.2696,NASA Exoplanet Archive spectra index
OBSERVED,ae37b482ae2b1a2cc126,VHS J125601.92-125723.9 b,direct imaging,Miles et al. 2023,2023ApJ...946L...6M,,NASA 6.5m James Webb Space Telescope (JWST) Satellite Mission,Near Infrared Spectrograph (NIRSpec) - G140H,,not_provided_by_archive_index,,18/16/71/45/VHS_1256_1257_b_3.11759_5456_2.tbl,3841,0.97,1.8897,NASA Exoplanet Archive spectra index
OBSERVED,d8590190be31085b85ca,VHS J125601.92-125723.9 b,direct imaging,Miles et al. 2023,2023ApJ...946L...6M,,NASA 6.5m James Webb Space Telescope (JWST) Satellite Mission,Mid-Infrared Instrument (MIRI) - MRS,,not_provided_by_archive_index,,25/14/15/50/VHS_1256_1257_b_3.11759_5456_1.tbl,7373,4.9005,19.8,NASA Exoplanet Archive spectra index
OBSERVED,3affccaef30dd675350e,VHS J125601.92-125723.9 b,direct imaging,Miles et al. 2023,2023ApJ...946L...6M,,NASA 6.5m James Webb Space Telescope (JWST) Satellite Mission,Near Infrared Spectrograph (NIRSpec) - G235H,,not_provided_by_archive_index,,74/16/68/68/VHS_1256_1257_b_3.11759_5456_3.tbl,3736,1.66,3.1701,NASA Exoplanet Archive spectra index
OBSERVED,13c3fbe34d1159a9bd6d,WASP-1 b,eclipse,Deming et al. 2023,2023AJ....165..104D,,Spitzer Space Telescope satellite,Infrared Array Camera (IRAC),,not_provided_by_archive_index,"AOR = 21059584, date is start time.",79/59/18/10/WASP_01_b_3.11449_5869_209.tbl,1,4.5,4.5,NASA Exoplanet Archive spectra index
OBSERVED,508987da1c0663927cc3,WASP-1 b,eclipse,Deming et al. 2023,2023AJ....165..104D,,Spitzer Space Telescope satellite,Infrared Array Camera (IRAC),,not_provided_by_archive_index,"AOR = 23444480, date is start time.",98/36/86/69/WASP_01_b_3.11449_5869_208.tbl,1,3.6,3.6,NASA Exoplanet Archive spectra index
OBSERVED,a532c3de8d78294d2dd9,WASP-1 b,transmission,Baxter et al. 2021,2021A&A...648A.127B,,Spitzer Space Telescope satellite,Infrared Array Camera (IRAC),,not_provided_by_archive_index,from Table 4,32/21/53/37/WASP_1_b_3.11449_6099_1.tbl,2,3.6,4.5,NASA Exoplanet Archive spectra index
OBSERVED,81a0a7269fa14fd47916,WASP-10 b,eclipse,Cruz et al. 2015,2015A&A...574A.103C,,Max Planck Institute for Astronomy and Institute of Astrophysics of Andalusia (CSIC) 3.5m Telescope at Calar Alto Observatory,OMEGA2000,,not_provided_by_archive_index,eclipse depth taken from Abstract,53/99/12/80/WASP_10_b_3.11439_4117_1.tbl,1,2.159,2.159,NASA Exoplanet Archive spectra index
OBSERVED,0745e93478d97f4491ee,WASP-10 b,eclipse,Kammer et al. 2015,2015ApJ...810..118K,,Spitzer Space Telescope satellite,Infrared Array Camera (IRAC),,not_provided_by_archive_index,Table 3,55/99/97/89/WASP_10_b_3.11439_4121_1.tbl,2,3.6,4.5,NASA Exoplanet Archive spectra index
OBSERVED,f0ceda63fa4a283d5040,WASP-10 b,eclipse,Deming et al. 2023,2023AJ....165..104D,,Spitzer Space Telescope satellite,Infrared Array Camera (IRAC),,not_provided_by_archive_index,"AOR = 50671104, date is start time.",27/74/65/42/WASP_10_b_3.11439_5869_228.tbl,1,4.5,4.5,NASA Exoplanet Archive spectra index
OBSERVED,4a56b1dd801dda40b257,WASP-10 b,eclipse,Deming et al. 2023,2023AJ....165..104D,,Spitzer Space Telescope satellite,Infrared Array Camera (IRAC),,not_provided_by_archive_index,"AOR = 31750144, date is start time.",35/41/89/80/WASP_10_b_3.11439_5869_227.tbl,1,4.5,4.5,NASA Exoplanet Archive spectra index
OBSERVED,fa70f5b02a5c92b0b565,WASP-10 b,eclipse,Deming et al. 2023,2023AJ....165..104D,,Spitzer Space Telescope satellite,Infrared Array Camera (IRAC),,not_provided_by_archive_index,"AOR = 50680832, date is start time.",94/51/97/47/WASP_10_b_3.11439_5869_226.tbl,1,3.6,3.6,NASA Exoplanet Archive spectra index
OBSERVED,a0dfb13dc81965b4a0b9,WASP-10 b,eclipse,Deming et al. 2023,2023AJ....165..104D,,Spitzer Space Telescope satellite,Infrared Array Camera (IRAC),,not_provided_by_archive_index,"AOR = 31756544, date is start time.",98/12/39/46/WASP_10_b_3.11439_5869_225.tbl,1,3.6,3.6,NASA Exoplanet Archive spectra index
OBSERVED,7ab10dddb75489a75020,WASP-10 b,transmission,Jiang et al. 2023,2023A&A...675A..62J,,Gran Telescopio CANARIAS 10.4m telescope,OSIRIS,,not_provided_by_archive_index,,08/10/88/06/WASP_10_b_3.11439_5312_1.tbl,31,0.43,0.78,NASA Exoplanet Archive spectra index
OBSERVED,a7c49c33090395e209e1,WASP-100 b,eclipse,Garhart et al. 2020,2020AJ....159..137G,,Spitzer Space Telescope satellite,Infrared Array Camera (IRAC),,not_provided_by_archive_index,Table 1 & 6,04/20/89/25/WASP_100_b_3.11671_5410_33.tbl,2,3.6,4.5,NASA Exoplanet Archive spectra index
OBSERVED,2bd21ee3e1d605b921ba,WASP-100 b,eclipse,Jansen &amp; Kipping 2020,2020MNRAS.494.4077J,,Transiting Exoplanet Survey Satellite,TESS CCD Array,,not_provided_by_archive_index,from Section 6.1 (eclipse depth) & Table 2 (brightness temperature),00/28/46/87/WASP_100_b_3.11671_6095_1.tbl,1,0.82,0.82,NASA Exoplanet Archive spectra index
OBSERVED,d2570bbd595586e1b442,WASP-100 b,eclipse,Deming et al. 2023,2023AJ....165..104D,,Spitzer Space Telescope satellite,Infrared Array Camera (IRAC),,not_provided_by_archive_index,"AOR = 62156544, date is start time.",45/30/99/98/WASP_100_b_3.11671_5869_396.tbl,1,3.6,3.6,NASA Exoplanet Archive spectra index
OBSERVED,f21e8cf20c9170985f49,WASP-100 b,eclipse,Deming et al. 2023,2023AJ....165..104D,,Spitzer Space Telescope satellite,Infrared Array Camera (IRAC),,not_provided_by_archive_index,"AOR = 62157056, date is start time.",79/47/79/02/WASP_100_b_3.11671_5869_397.tbl,1,4.5,4.5,NASA Exoplanet Archive spectra index
OBSERVED,d323b41583f7ea09cc53,WASP-101 b,eclipse,Garhart et al. 2020,2020AJ....159..137G,,Spitzer Space Telescope satellite,Infrared Array Camera (IRAC),,not_provided_by_archive_index,Table 1 & 6,11/50/02/06/WASP_101_b_3.11672_5410_34.tbl,2,3.6,4.5,NASA Exoplanet Archive spectra index
OBSERVED,01657a51c8dba479a7ae,WASP-101 b,eclipse,Deming et al. 2023,2023AJ....165..104D,,Spitzer Space Telescope satellite,Infrared Array Camera (IRAC),,not_provided_by_archive_index,"AOR = 62157568, date is start time.",93/97/72/05/WASP_101_b_3.11672_5869_398.tbl,1,3.6,3.6,NASA Exoplanet Archive spectra index
OBSERVED,10d2c194627e9719f2f3,WASP-101 b,eclipse,Deming et al. 2023,2023AJ....165..104D,,Spitzer Space Telescope satellite,Infrared Array Camera (IRAC),,not_provided_by_archive_index,"AOR = 62158592, date is start time.",96/38/48/09/WASP_101_b_3.11672_5869_399.tbl,1,4.5,4.5,NASA Exoplanet Archive spectra index
OBSERVED,23223abfbf98613fc50a,WASP-101 b,transmission,Wakeford et al. 2017,2017ApJ...835L..12W,,Hubble Space Telescope satellite,Wide Field Camera 3,,not_provided_by_archive_index,,38/31/21/94/WASP_101_b_3.11672_3942_1.tbl,15,1.1425,1.6325,NASA Exoplanet Archive spectra index
OBSERVED,0bcbc4e16d32d3359ad5,WASP-101 b,transmission,Baxter et al. 2021,2021A&A...648A.127B,,Spitzer Space Telescope satellite,Infrared Array Camera (IRAC),,not_provided_by_archive_index,from Table 4,08/78/03/79/WASP_101_b_3.11672_6099_1.tbl,2,3.6,4.5,NASA Exoplanet Archive spectra index
OBSERVED,5b01b8920217e784b676,WASP-101 b,transmission,Rathcke et al. 2023,2023MNRAS.522..582R,,Hubble Space Telescope satellite,Space Telescope Imaging Spectrograph,,not_provided_by_archive_index,,00/76/51/96/WASP_101_b_3.11672_5197_1.tbl,26,0.3398,0.9772,NASA Exoplanet Archive spectra index
OBSERVED,036d9a0b25f7cbbf7ca9,WASP-103 b,eclipse,Cartier et al. 2017,2017AJ....153...34C,,Hubble Space Telescope satellite,Wide Field Camera 3,,not_provided_by_archive_index,Table 6,87/46/18/45/WASP_103_b_3.11649_4124_1.tbl,22,1.0806,1.6848,NASA Exoplanet Archive spectra index
OBSERVED,7ce4b1fc2aec7c475f01,WASP-103 b,eclipse,Garhart et al. 2020,2020AJ....159..137G,,Spitzer Space Telescope satellite,Infrared Array Camera (IRAC),,not_provided_by_archive_index,Table 1 & 6,04/81/18/90/WASP_103_b_3.11649_5410_36.tbl,2,3.6,4.5,NASA Exoplanet Archive spectra index
OBSERVED,dab405a3baffd3e45ed0,WASP-103 b,eclipse,Garhart et al. 2020,2020AJ....159..137G,,Spitzer Space Telescope satellite,Infrared Array Camera (IRAC),,not_provided_by_archive_index,Table 1 & 6,80/72/76/23/WASP_103_b_3.11649_5410_35.tbl,2,3.6,4.5,NASA Exoplanet Archive spectra index
OBSERVED,df2cd8bd67a55713c930,WASP-103 b,eclipse,Changeat et al. 2022,2022ApJS..260....3C,,Spitzer Space Telescope satellite,Infrared Array Camera (IRAC),,not_provided_by_archive_index,Figure 2,26/36/43/52/WASP_103_b_3.11649_5219_127.tbl,2,3.6,4.5,NASA Exoplanet Archive spectra index
OBSERVED,1b8dfb0590d822950ad9,WASP-103 b,eclipse,Changeat et al. 2022,2022ApJS..260....3C,,Hubble Space Telescope satellite,Wide Field Camera 3,,not_provided_by_archive_index,Figure 2,54/50/39/05/WASP_103_b_3.11649_5219_126.tbl,25,1.1263,1.6295,NASA Exoplanet Archive spectra index
OBSERVED,b0d3e4005b1644ae4029,WASP-103 b,eclipse,Deming et al. 2023,2023AJ....165..104D,,Spitzer Space Telescope satellite,Infrared Array Camera (IRAC),,not_provided_by_archive_index,"AOR = 53518080, date is start time.",39/77/64/88/WASP_103_b_3.11649_5869_400.tbl,1,3.6,3.6,NASA Exoplanet Archive spectra index
OBSERVED,5d7f041b325d7dbc66e6,WASP-103 b,eclipse,Deming et al. 2023,2023AJ....165..104D,,Spitzer Space Telescope satellite,Infrared Array Camera (IRAC),,not_provided_by_archive_index,"AOR = 53519104, date is start time.",44/17/03/65/WASP_103_b_3.11649_5869_401.tbl,1,3.6,3.6,NASA Exoplanet Archive spectra index
OBSERVED,0abe92455f332244405d,WASP-103 b,eclipse,Deming et al. 2023,2023AJ....165..104D,,Spitzer Space Telescope satellite,Infrared Array Camera (IRAC),,not_provided_by_archive_index,"AOR = 53514240, date is start time.",87/73/60/10/WASP_103_b_3.11649_5869_403.tbl,1,4.5,4.5,NASA Exoplanet Archive spectra index
OBSERVED,0a492aab6301e6308ac6,WASP-103 b,eclipse,Deming et al. 2023,2023AJ....165..104D,,Spitzer Space Telescope satellite,Infrared Array Camera (IRAC),,not_provided_by_archive_index,"AOR = 53513472, date is start time.",96/38/17/09/WASP_103_b_3.11649_5869_402.tbl,1,4.5,4.5,NASA Exoplanet Archive spectra index
OBSERVED,d6618c7b4de1f53d3aac,WASP-103 b,transmission,Southworth &amp; Evans 2016,2016MNRAS.463...37S,,Max Planck Gesellschaft 2.2 meter Telescope at European Southern Observatory,GROND,,not_provided_by_archive_index,,35/80/25/74/WASP_103_b_3.11649_3854_1.tbl,4,0.477,0.9134,NASA Exoplanet Archive spectra index
OBSERVED,478107e864dd170efacf,WASP-103 b,transmission,Southworth &amp; Evans 2016,2016MNRAS.463...37S,,Danish 1.54m telescope at European Southern Observatory,DFOSC,,not_provided_by_archive_index,,43/29/05/07/WASP_103_b_3.11649_3854_2.tbl,2,0.6589,0.82,NASA Exoplanet Archive spectra index
OBSERVED,edf36cbbe0a85610c559,WASP-103 b,transmission,Wilson et al. 2020,2020MNRAS.497.5155W,,European Southern Observatory (ESO) 8.2m Very Large Telescope (VLT) Antu (UT1) at Paranal Observatory,FORS2,,not_provided_by_archive_index,,92/38/86/80/WASP_103_b_3.11649_4693_1.tbl,16,0.3943,0.6043,NASA Exoplanet Archive spectra index
OBSERVED,d61695b7633bd31f1704,WASP-103 b,transmission,Changeat et al. 2022,2022ApJS..260....3C,,Hubble Space Telescope satellite,Wide Field Camera 3,,not_provided_by_archive_index,Figure 2,82/27/32/68/WASP_103_b_3.11649_5219_55.tbl,25,1.1263,1.6295,NASA Exoplanet Archive spectra index
OBSERVED,c223a37a0e929c336a98,WASP-103 b,transmission,Edwards et al. 2023,2023ApJS..269...31E,,Hubble Space Telescope satellite,Wide Field Camera 3,,not_provided_by_archive_index,G141,40/82/02/84/WASP_103_b_3.11649_5286_61.tbl,25,1.1262,1.6295,NASA Exoplanet Archive spectra index
OBSERVED,bdabb7d0011017b3f02c,WASP-104 b,eclipse,Garhart et al. 2020,2020AJ....159..137G,,Spitzer Space Telescope satellite,Infrared Array Camera (IRAC),,not_provided_by_archive_index,Table 1 & 6,26/30/62/47/WASP_104_b_3.11702_5410_37.tbl,2,3.6,4.5,NASA Exoplanet Archive spectra index
OBSERVED,d611b95ec70db16ff883,WASP-104 b,eclipse,Deming et al. 2023,2023AJ....165..104D,,Spitzer Space Telescope satellite,Infrared Array Camera (IRAC),,not_provided_by_archive_index,"AOR = 62179584, date is start time.",13/58/04/12/WASP_104_b_3.11702_5869_404.tbl,1,3.6,3.6,NASA Exoplanet Archive spectra index
OBSERVED,7671d2a005707f34030d,WASP-104 b,eclipse,Deming et al. 2023,2023AJ....165..104D,,Spitzer Space Telescope satellite,Infrared Array Camera (IRAC),,not_provided_by_archive_index,"AOR = 62180864, date is start time.",76/59/64/60/WASP_104_b_3.11702_5869_405.tbl,1,4.5,4.5,NASA Exoplanet Archive spectra index
OBSERVED,9262fa597c2aa4da7d5e,WASP-107 b,eclipse,Deming et al. 2023,2023AJ....165..104D,,Spitzer Space Telescope satellite,Infrared Array Camera (IRAC),,not_provided_by_archive_index,"AOR = 63160576, date is start time.",42/49/68/31/WASP_107_b_3.12045_5869_406.tbl,1,3.6,3.6,NASA Exoplanet Archive spectra index
OBSERVED,363a31a5756cde6900f2,WASP-107 b,eclipse,Deming et al. 2023,2023AJ....165..104D,,Spitzer Space Telescope satellite,Infrared Array Camera (IRAC),,not_provided_by_archive_index,"AOR = 63161344, date is start time.",54/11/85/89/WASP_107_b_3.12045_5869_408.tbl,1,4.5,4.5,NASA Exoplanet Archive spectra index
OBSERVED,564d90e2cfa5c47a06dd,WASP-107 b,eclipse,Deming et al. 2023,2023AJ....165..104D,,Spitzer Space Telescope satellite,Infrared Array Camera (IRAC),,not_provided_by_archive_index,"AOR = 65315328, date is start time.",59/53/39/66/WASP_107_b_3.12045_5869_409.tbl,1,4.5,4.5,NASA Exoplanet Archive spectra index
OBSERVED,bcb4d12d3aa7d37d5561,WASP-107 b,eclipse,Deming et al. 2023,2023AJ....165..104D,,Spitzer Space Telescope satellite,Infrared Array Camera (IRAC),,not_provided_by_archive_index,"AOR = 65315840, date is start time.",85/39/05/03/WASP_107_b_3.12045_5869_407.tbl,1,3.6,3.6,NASA Exoplanet Archive spectra index
OBSERVED,fc4d9887bd655d5382d5,WASP-107 b,transmission,Kreidberg et al. 2018,2018ApJ...858L...6K,,Hubble Space Telescope satellite,Wide Field Camera 3,,not_provided_by_archive_index,,93/35/74/72/WASP_107_b_3.12045_4176_1.tbl,20,1.133,1.616,NASA Exoplanet Archive spectra index
OBSERVED,d9a82c46d35d958f5c98,WASP-107 b,transmission,Spake et al. 2018,2018Natur.557...68S,,Hubble Space Telescope satellite,Wide Field Camera 3,,not_provided_by_archive_index,,31/27/74/29/WASP_107_b_3.12045_4177_1.tbl,49,0.8916,1.616,NASA Exoplanet Archive spectra index
OBSERVED,d117a5f3e8d927e54618,WASP-107 b,transmission,Baxter et al. 2021,2021A&A...648A.127B,,Spitzer Space Telescope satellite,Infrared Array Camera (IRAC),,not_provided_by_archive_index,from Table 4,44/08/90/63/WASP_107_b_3.12045_6099_1.tbl,2,3.6,4.5,NASA Exoplanet Archive spectra index
OBSERVED,6ad8d26547106397d860,WASP-107 b,transmission,Edwards et al. 2023,2023ApJS..269...31E,,Hubble Space Telescope satellite,Wide Field Camera 3,,not_provided_by_archive_index,G141,94/19/58/76/WASP_107_b_3.12045_5286_62.tbl,25,1.1262,1.6295,NASA Exoplanet Archive spectra index
OBSERVED,c1006e75188619f3456b,WASP-107 b,transmission,Murphy et al. 2024,2024NatAs...8.1562M,,NASA 6.5m James Webb Space Telescope (JWST) Satellite Mission,Near Infrared Camera (NIRCam),,not_provided_by_archive_index,F322W2 Total transit depth,57/58/86/10/WASP_107_b_3.12045_5534_1.tbl,30,2.475,3.925,NASA Exoplanet Archive spectra index
OBSERVED,52c9a72b15ff2f7718c7,WASP-107 b,transmission,Dyrek et al. 2024,2024Natur.625...51D,,NASA 6.5m James Webb Space Telescope (JWST) Satellite Mission,Mid-Infrared Instrument (MIRI) - LRS,,not_provided_by_archive_index,"Extended Data Table 1, Eureka!",25/09/69/98/WASP_107_b_3.12045_5285_1.tbl,49,4.61,11.83,NASA Exoplanet Archive spectra index
OBSERVED,42af3626a31827c665df,WASP-107 b,transmission,Dyrek et al. 2024,2024Natur.625...51D,,NASA 6.5m James Webb Space Telescope (JWST) Satellite Mission,Mid-Infrared Instrument (MIRI) - LRS,,not_provided_by_archive_index,"Extended Data Table 1, TEATRO",44/20/14/23/WASP_107_b_3.12045_5285_3.tbl,49,4.61,11.83,NASA Exoplanet Archive spectra index
OBSERVED,80101e65b86fe0a9f0f5,WASP-107 b,transmission,Dyrek et al. 2024,2024Natur.625...51D,,NASA 6.5m James Webb Space Telescope (JWST) Satellite Mission,Mid-Infrared Instrument (MIRI) - LRS,,not_provided_by_archive_index,"Extended Data Table 1, CASCAde",48/91/27/89/WASP_107_b_3.12045_5285_2.tbl,49,4.61,11.83,NASA Exoplanet Archive spectra index
OBSERVED,5995f5ecd1858cff082e,WASP-107 b,transmission,Sing et al. 2024,2024Natur.630..831S,,NASA 6.5m James Webb Space Telescope (JWST) Satellite Mission,Near Infrared Spectrograph (NIRSpec),,not_provided_by_archive_index,,92/71/18/15/WASP_107_b_3.12045_5452_1.tbl,576,2.7355,5.1637,NASA Exoplanet Archive spectra index
OBSERVED,00ce21e59d37acd36c84,WASP-107 b,transmission,Welbanks et al. 2024,2024Natur.630..836W,,NASA 6.5m James Webb Space Telescope (JWST) Satellite Mission,Mid-Infrared Instrument (MIRI) - LRS,,not_provided_by_archive_index,Fiducial Eureka,09/70/61/26/WASP_107_b_3.12045_5453_1.tbl,58,5.064,13.628,NASA Exoplanet Archive spectra index
OBSERVED,75a150eb5969c775e4f2,WASP-107 b,transmission,Welbanks et al. 2024,2024Natur.630..836W,,NASA 6.5m James Webb Space Telescope (JWST) Satellite Mission,Near Infrared Camera (NIRCam),,not_provided_by_archive_index,F322W2 tshirt,25/10/66/80/WASP_107_b_3.12045_5453_8.tbl,100,2.4572,3.9421,NASA Exoplanet Archive spectra index
OBSERVED,155a90a0baa2f9935a6e,WASP-107 b,transmission,Welbanks et al. 2024,2024Natur.630..836W,,Hubble Space Telescope satellite,Wide Field Camera 3,,not_provided_by_archive_index,G141 Fiducial Pegasus,28/20/46/78/WASP_107_b_3.12045_5453_5.tbl,21,1.1327,1.6418,NASA Exoplanet Archive spectra index
OBSERVED,cf8749f352157d1fee3c,WASP-107 b,transmission,Welbanks et al. 2024,2024Natur.630..836W,,Hubble Space Telescope satellite,Wide Field Camera 3,,not_provided_by_archive_index,G102 Fiducial Pegasus,55/82/50/01/WASP_107_b_3.12045_5453_4.tbl,9,0.8916,1.1264,NASA Exoplanet Archive spectra index
OBSERVED,971fb4bf3ba3d8566602,WASP-107 b,transmission,Welbanks et al. 2024,2024Natur.630..836W,,NASA 6.5m James Webb Space Telescope (JWST) Satellite Mission,Near Infrared Camera (NIRCam),,not_provided_by_archive_index,F444W Pegasus,61/60/21/64/WASP_107_b_3.12045_5453_7.tbl,72,3.8975,4.9625,NASA Exoplanet Archive spectra index
OBSERVED,31de3a545a5573fe5b38,WASP-107 b,transmission,Welbanks et al. 2024,2024Natur.630..836W,,NASA 6.5m James Webb Space Telescope (JWST) Satellite Mission,Near Infrared Camera (NIRCam),,not_provided_by_archive_index,F322W2 Fiducial Eureka,72/16/68/12/WASP_107_b_3.12045_5453_2.tbl,100,2.4575,3.9425,NASA Exoplanet Archive spectra index
OBSERVED,36aaf9d73b63d12504f3,WASP-107 b,transmission,Welbanks et al. 2024,2024Natur.630..836W,,NASA 6.5m James Webb Space Telescope (JWST) Satellite Mission,Near Infrared Camera (NIRCam),,not_provided_by_archive_index,F444W Fiducial Eureka,88/08/66/62/WASP_107_b_3.12045_5453_3.tbl,77,3.8975,5.0375,NASA Exoplanet Archive spectra index
OBSERVED,54c1f7094c932c4d4813,WASP-107 b,transmission,Welbanks et al. 2024,2024Natur.630..836W,,NASA 6.5m James Webb Space Telescope (JWST) Satellite Mission,Near Infrared Camera (NIRCam),,not_provided_by_archive_index,F444W tshirt,89/54/84/42/WASP_107_b_3.12045_5453_9.tbl,72,3.8971,4.962,NASA Exoplanet Archive spectra index
OBSERVED,bdba9a16013da0c4b84f,WASP-107 b,transmission,Welbanks et al. 2024,2024Natur.630..836W,,NASA 6.5m James Webb Space Telescope (JWST) Satellite Mission,Near Infrared Camera (NIRCam),,not_provided_by_archive_index,F322W2 Pegasus,99/18/95/56/WASP_107_b_3.12045_5453_6.tbl,100,2.4575,3.9425,NASA Exoplanet Archive spectra index
OBSERVED,ccba45853954800c0da2,WASP-11 b,eclipse,Deming et al. 2023,2023AJ....165..104D,,Spitzer Space Telescope satellite,Infrared Array Camera (IRAC),,not_provided_by_archive_index,"AOR = 30110720, date is start time.",04/92/59/25/WASP_11_b_3.11440_5869_232.tbl,1,4.5,4.5,NASA Exoplanet Archive spectra index
OBSERVED,5212a722b10a8b38c1fb,WASP-11 b,eclipse,Deming et al. 2023,2023AJ....165..104D,,Spitzer Space Telescope satellite,Infrared Array Camera (IRAC),,not_provided_by_archive_index,"AOR = 31760640, date is start time.",11/20/62/72/WASP_11_b_3.11440_5869_233.tbl,1,4.5,4.5,NASA Exoplanet Archive spectra index
OBSERVED,6f2e47ae6129a2197fff,WASP-11 b,eclipse,Deming et al. 2023,2023AJ....165..104D,,Spitzer Space Telescope satellite,Infrared Array Camera (IRAC),,not_provided_by_archive_index,"AOR = 31765760, date is start time.",24/29/53/05/WASP_11_b_3.11440_5869_229.tbl,1,3.6,3.6,NASA Exoplanet Archive spectra index
OBSERVED,05650ea6f2a7f2866257,WASP-11 b,eclipse,Deming et al. 2023,2023AJ....165..104D,,Spitzer Space Telescope satellite,Infrared Array Camera (IRAC),,not_provided_by_archive_index,"AOR = 38807808, date is start time.",66/25/02/12/WASP_11_b_3.11440_5869_230.tbl,1,3.6,3.6,NASA Exoplanet Archive spectra index
OBSERVED,081a9d8f3ed92e4dd6cf,WASP-11 b,eclipse,Deming et al. 2023,2023AJ....165..104D,,Spitzer Space Telescope satellite,Infrared Array Camera (IRAC),,not_provided_by_archive_index,"AOR = 50677504, date is start time.",70/69/32/65/WASP_11_b_3.11440_5869_231.tbl,1,3.6,3.6,NASA Exoplanet Archive spectra index
OBSERVED,3604ea2972968fbb5ac9,WASP-11 b,eclipse,Deming et al. 2023,2023AJ....165..104D,,Spitzer Space Telescope satellite,Infrared Array Camera (IRAC),,not_provided_by_archive_index,"AOR = 50668800, date is start time.",98/14/52/77/WASP_11_b_3.11440_5869_234.tbl,1,4.5,4.5,NASA Exoplanet Archive spectra index
OBSERVED,8f7f8fe8e74c06142d97,WASP-117 b,transmission,Anisman et al. 2020,2020AJ....160..233A,,Hubble Space Telescope satellite,Wide Field Camera 3,,not_provided_by_archive_index,,47/85/70/31/WASP_117_b_3.11700_4695_1.tbl,18,1.1262,1.6237,NASA Exoplanet Archive spectra index
OBSERVED,1e89c978dd300c832582,WASP-117 b,transmission,Carone et al. 2021,2021A&A...646A.168C,,Hubble Space Telescope satellite,Wide Field Camera 3,,not_provided_by_archive_index,CASCADE pipeline,60/91/82/66/WASP_117_b_3.11700_5209_2.tbl,19,1.138,1.6421,NASA Exoplanet Archive spectra index
OBSERVED,82a6b0d8f414ceaaa14c,WASP-117 b,transmission,Carone et al. 2021,2021A&A...646A.168C,,Hubble Space Telescope satellite,Wide Field Camera 3,,not_provided_by_archive_index,nominal pipeline,95/97/55/49/WASP_117_b_3.11700_5209_1.tbl,19,1.138,1.6421,NASA Exoplanet Archive spectra index
OBSERVED,985972a9647e61f23217,WASP-12 b,eclipse,L&oacute;pez-Morales et al. 2010,2010ApJ...716L..36L,,Astrophysical Research Consortium (ARC) 3.5m Telescope At Apache Point Observatory (APO),Seaver Prototype Imaging camera (SPICam),,not_provided_by_archive_index,"text, Section 3, 2nd paragraph",49/91/83/58/WASP_12_b_3.11441_4087_1.tbl,1,0.9,0.9,NASA Exoplanet Archive spectra index
OBSERVED,ca758038df0dc81c4d11,WASP-12 b,eclipse,Croll et al. 2011,2011AJ....141...30C,,3.58m Canada-France-Hawaii Telescope (CFHT) at Mauna Kea Observatory,Wide-field Infrared Camera (WIRCam),,not_provided_by_archive_index,eclipse depth taken from Abstract,05/23/48/18/WASP_12_b_3.11441_4093_1.tbl,3,1.253,2.146,NASA Exoplanet Archive spectra index
OBSERVED,7eb1c6592b2b52652a88,WASP-12 b,eclipse,Crossfield et al. 2012,2012ApJ...746...46C,,Infrared Telescope Facility,SpeX,,not_provided_by_archive_index,Table 2,92/00/10/19/WASP_12_b_3.11441_4100_1.tbl,20,1.5375,2.3375,NASA Exoplanet Archive spectra index
OBSERVED,6700ffe2ae5b15a7f59a,WASP-12 b,eclipse,Swain et al. 2013,2013Icar..225..432S,,Hubble Space Telescope satellite,Wide Field Camera 3,,not_provided_by_archive_index,from Table 2; G141 grism; R=300,13/51/40/07/WASP_12_b_3.11441_6039_1.tbl,110,1.1306,1.636,NASA Exoplanet Archive spectra index
OBSERVED,52961f6351833373b960,WASP-12 b,eclipse,Stevenson et al. 2014,2014ApJ...791...36S,,Spitzer Space Telescope satellite,Infrared Array Camera (IRAC),,not_provided_by_archive_index,Table 3,31/08/25/22/WASP_12_b_3.11441_3580_1.tbl,4,3.6,8,NASA Exoplanet Archive spectra index
OBSERVED,75d7126bfa7a8b5b29b0,WASP-12 b,eclipse,Stevenson et al. 2014,2014ApJ...791...36S,,Hubble Space Telescope satellite,Wide Field Camera 3,,not_provided_by_archive_index,from Table 3; G141 grism,83/94/45/90/WASP_12_b_3.11441_3580_2.tbl,11,1.13,1.63,NASA Exoplanet Archive spectra index
OBSERVED,722cde9e74ee1f732afa,WASP-12 b,eclipse,Croll et al. 2015,2015ApJ...802...28C,,3.58m Canada-France-Hawaii Telescope (CFHT) at Mauna Kea Observatory,WIRCam,,not_provided_by_archive_index,"Table 5, WASP-12 K_CONT band, Actual Eclipse Depth",00/77/86/58/WASP_12_b_3.11441_4119_3.tbl,1,2.22,2.22,NASA Exoplanet Archive spectra index
OBSERVED,f58f0a5fa9238e66f7ab,WASP-12 b,eclipse,Croll et al. 2015,2015ApJ...802...28C,,3.58m Canada-France-Hawaii Telescope (CFHT) at Mauna Kea Observatory,WIRCam,,not_provided_by_archive_index,"Table 5, WASP-12 Y band, Actual Eclipse Depth",55/29/73/50/WASP_12_b_3.11441_4119_1.tbl,1,1.04,1.04,NASA Exoplanet Archive spectra index
OBSERVED,a449ec13d8708531a70e,WASP-12 b,eclipse,Croll et al. 2015,2015ApJ...802...28C,,3.58m Canada-France-Hawaii Telescope (CFHT) at Mauna Kea Observatory,WIRCam,,not_provided_by_archive_index,"Table 5, WASP-12 Ks band combined, Actual Eclipse",70/77/13/75/WASP_12_b_3.11441_4119_2.tbl,1,2.15,2.15,NASA Exoplanet Archive spectra index
OBSERVED,985134daa211b5e928cb,WASP-12 b,eclipse,Garhart et al. 2020,2020AJ....159..137G,,Spitzer Space Telescope satellite,Infrared Array Camera (IRAC),,not_provided_by_archive_index,Table 1 & 6,64/60/81/98/WASP_12_b_3.11441_5410_10.tbl,2,3.6,4.5,NASA Exoplanet Archive spectra index
OBSERVED,b470ad1023f0659951e4,WASP-12 b,eclipse,Changeat et al. 2022,2022ApJS..260....3C,,Spitzer Space Telescope satellite,Infrared Array Camera (IRAC),,not_provided_by_archive_index,Figure 2,19/48/05/91/WASP_12_b_3.11441_5219_131.tbl,4,3.6,8,NASA Exoplanet Archive spectra index
OBSERVED,b78c4910cd235cea558a,WASP-12 b,eclipse,Changeat et al. 2022,2022ApJS..260....3C,,Hubble Space Telescope satellite,Wide Field Camera 3,,not_provided_by_archive_index,Figure 2,73/01/86/11/WASP_12_b_3.11441_5219_130.tbl,18,1.1262,1.6237,NASA Exoplanet Archive spectra index
OBSERVED,9287817ec4853a6fa825,WASP-12 b,eclipse,Deming et al. 2023,2023AJ....165..104D,,Spitzer Space Telescope satellite,Infrared Array Camera (IRAC),,not_provided_by_archive_index,"AOR = 41260288, date is start time.",15/49/56/69/WASP_12_b_3.11441_5869_238.tbl,1,3.6,3.6,NASA Exoplanet Archive spectra index
OBSERVED,107a0b7f97c863fee9dd,WASP-12 b,eclipse,Deming et al. 2023,2023AJ....165..104D,,Spitzer Space Telescope satellite,Infrared Array Camera (IRAC),,not_provided_by_archive_index,"AOR = 48015360, date is start time.",20/53/71/50/WASP_12_b_3.11441_5869_240.tbl,1,3.6,3.6,NASA Exoplanet Archive spectra index
OBSERVED,5f26f84ae1b68cd89e97,WASP-12 b,eclipse,Deming et al. 2023,2023AJ....165..104D,,Spitzer Space Telescope satellite,Infrared Array Camera (IRAC),,not_provided_by_archive_index,"AOR = 39200768, date is start time.",22/58/62/12/WASP_12_b_3.11441_5869_236.tbl,1,3.6,3.6,NASA Exoplanet Archive spectra index
OBSERVED,4ee919da3e0d33271fee,WASP-12 b,eclipse,Deming et al. 2023,2023AJ....165..104D,,Spitzer Space Telescope satellite,Infrared Array Camera (IRAC),,not_provided_by_archive_index,"AOR = 66693120, date is start time.",25/13/47/64/WASP_12_b_3.11441_5869_248.tbl,1,4.5,4.5,NASA Exoplanet Archive spectra index
OBSERVED,d51c07f89dc0eb95c1c0,WASP-12 b,eclipse,Deming et al. 2023,2023AJ....165..104D,,Spitzer Space Telescope satellite,Infrared Array Camera (IRAC),,not_provided_by_archive_index,"AOR = 39200000, date is start time.",30/28/88/47/WASP_12_b_3.11441_5869_242.tbl,1,4.5,4.5,NASA Exoplanet Archive spectra index
OBSERVED,60aa30163908d19426bb,WASP-12 b,eclipse,Deming et al. 2023,2023AJ....165..104D,,Spitzer Space Telescope satellite,Infrared Array Camera (IRAC),,not_provided_by_archive_index,"AOR = 28578560, date is start time.",44/97/84/19/WASP_12_b_3.11441_5869_235.tbl,1,3.6,3.6,NASA Exoplanet Archive spectra index
OBSERVED,08e3fa22eda2f968bcfe,WASP-12 b,eclipse,Deming et al. 2023,2023AJ....165..104D,,Spitzer Space Telescope satellite,Infrared Array Camera (IRAC),,not_provided_by_archive_index,"AOR = 66692608, date is start time.",45/21/91/25/WASP_12_b_3.11441_5869_246.tbl,1,4.5,4.5,NASA Exoplanet Archive spectra index
OBSERVED,63fef2d7e0698c63c158,WASP-12 b,eclipse,Deming et al. 2023,2023AJ....165..104D,,Spitzer Space Telescope satellite,Infrared Array Camera (IRAC),,not_provided_by_archive_index,"AOR = 28566016, date is start time.",54/73/25/65/WASP_12_b_3.11441_5869_241.tbl,1,4.5,4.5,NASA Exoplanet Archive spectra index
OBSERVED,24beaefa6e99e414f5f5,WASP-12 b,eclipse,Deming et al. 2023,2023AJ....165..104D,,Spitzer Space Telescope satellite,Infrared Array Camera (IRAC),,not_provided_by_archive_index,"AOR = 66692864, date is start time.",56/18/08/77/WASP_12_b_3.11441_5869_247.tbl,1,4.5,4.5,NASA Exoplanet Archive spectra index
OBSERVED,fb29d3e4c48ed12852e6,WASP-12 b,eclipse,Deming et al. 2023,2023AJ....165..104D,,Spitzer Space Telescope satellite,Infrared Array Camera (IRAC),,not_provided_by_archive_index,"AOR = 66693376, date is start time.",66/02/91/71/WASP_12_b_3.11441_5869_249.tbl,1,4.5,4.5,NASA Exoplanet Archive spectra index
OBSERVED,a4a2734b21a46a12db94,WASP-12 b,eclipse,Deming et al. 2023,2023AJ....165..104D,,Spitzer Space Telescope satellite,Infrared Array Camera (IRAC),,not_provided_by_archive_index,"AOR = 48014848, date is start time.",66/96/08/66/WASP_12_b_3.11441_5869_239.tbl,1,3.6,3.6,NASA Exoplanet Archive spectra index
OBSERVED,e867ae4ee514ad3b3910,WASP-12 b,eclipse,Deming et al. 2023,2023AJ....165..104D,,Spitzer Space Telescope satellite,Infrared Array Camera (IRAC),,not_provided_by_archive_index,"AOR = 41587456, date is start time.",83/13/83/16/WASP_12_b_3.11441_5869_244.tbl,1,4.5,4.5,NASA Exoplanet Archive spectra index
OBSERVED,ec88b04bf2ee28abb759,WASP-12 b,eclipse,Deming et al. 2023,2023AJ....165..104D,,Spitzer Space Telescope satellite,Infrared Array Camera (IRAC),,not_provided_by_archive_index,"AOR = 41587200, date is start time.",89/93/78/40/WASP_12_b_3.11441_5869_243.tbl,1,4.5,4.5,NASA Exoplanet Archive spectra index
OBSERVED,e7424f5012aac9670855,WASP-12 b,eclipse,Deming et al. 2023,2023AJ....165..104D,,Spitzer Space Telescope satellite,Infrared Array Camera (IRAC),,not_provided_by_archive_index,"AOR = 48015872, date is start time.",93/71/51/03/WASP_12_b_3.11441_5869_245.tbl,1,4.5,4.5,NASA Exoplanet Archive spectra index
OBSERVED,c9e203bcc1103a23d20a,WASP-12 b,eclipse,Deming et al. 2023,2023AJ....165..104D,,Spitzer Space Telescope satellite,Infrared Array Camera (IRAC),,not_provided_by_archive_index,"AOR = 41260032, date is start time.",97/54/22/79/WASP_12_b_3.11441_5869_237.tbl,1,3.6,3.6,NASA Exoplanet Archive spectra index
OBSERVED,4ab83fd10b5172e2d858,WASP-12 b,transmission,Mandell et al. 2013,2013ApJ...779..128M,,Hubble Space Telescope satellite,Wide Field Camera 3,,not_provided_by_archive_index,,04/80/62/07/WASP_12_b_3.11441_3583_1.tbl,19,1.145,1.633,NASA Exoplanet Archive spectra index
OBSERVED,38d811215b1d2f207b03,WASP-12 b,transmission,Swain et al. 2013,2013Icar..225..432S,,Hubble Space Telescope satellite,Wide Field Camera 3,,not_provided_by_archive_index,from Table 2; G141 grism; R=300,16/67/35/91/WASP_12_b_3.11441_6039_2.tbl,110,1.1306,1.636,NASA Exoplanet Archive spectra index
OBSERVED,c33bdf964691ba88f779,WASP-12 b,transmission,Copperwheat et al. 2013,2013MNRAS.434..661C,,Hubble Space Telescope satellite,Space Telescope Imaging Spectrograph,,not_provided_by_archive_index,,00/45/88/08/WASP_12_b_3.11441_3581_1.tbl,3,0.3557,0.601,NASA Exoplanet Archive spectra index
OBSERVED,8a5a8bb18f61b147f022,WASP-12 b,transmission,Sing et al. 2013,2013MNRAS.436.2956S,,Hubble Space Telescope satellite,Space Telescope Imaging Spectrograph,,not_provided_by_archive_index,,86/60/25/40/WASP_12_b_3.11441_3402_2.tbl,21,0.335,1.631,NASA Exoplanet Archive spectra index
OBSERVED,13adbcf204ceb853f7b4,WASP-12 b,transmission,Sing et al. 2013,2013MNRAS.436.2956S,,Spitzer Space Telescope satellite,Infrared Array Camera (IRAC),,not_provided_by_archive_index,,87/67/17/08/WASP_12_b_3.11441_3402_1.tbl,2,3.6,4.5,NASA Exoplanet Archive spectra index
OBSERVED,d60e5212f061f0ab65d4,WASP-12 b,transmission,Stevenson et al. 2014,2014AJ....147..161S,,Hubble Space Telescope satellite,Wide Field Camera 3,,not_provided_by_archive_index,,49/38/33/73/WASP_12_b_3.11441_3579_1.tbl,29,0.728,1.625,NASA Exoplanet Archive spectra index
OBSERVED,3ab800b5879f0abca29b,WASP-12 b,transmission,Stevenson et al. 2014,2014AJ....147..161S,,Spitzer Space Telescope satellite,Infrared Array Camera (IRAC),,not_provided_by_archive_index,,94/67/07/55/WASP_12_b_3.11441_3579_2.tbl,2,3.6,4.5,NASA Exoplanet Archive spectra index
OBSERVED,4699aa941d04928f9a81,WASP-12 b,transmission,Kreidberg et al. 2015,2015ApJ...814...66K,,Hubble Space Telescope satellite,Wide Field Camera 3,,not_provided_by_archive_index,,98/21/93/73/WASP_12_b_3.11441_3677_1.tbl,13,0.867,1.6315,NASA Exoplanet Archive spectra index
OBSERVED,53af7e3823b6e4513c59,WASP-12 b,transmission,Changeat et al. 2022,2022ApJS..260....3C,,Hubble Space Telescope satellite,Wide Field Camera 3,,not_provided_by_archive_index,Figure 2,71/46/21/61/WASP_12_b_3.11441_5219_85.tbl,25,1.1262,1.6295,NASA Exoplanet Archive spectra index
OBSERVED,aefa3aa9c7700a0f481c,WASP-121 b,eclipse,Evans et al. 2017,2017Natur.548...58E,,Spitzer Space Telescope satellite,Infrared Array Camera (IRAC),,not_provided_by_archive_index,eclipse depth (3670 +/- 130 ppm) taken from text,14/02/08/63/WASP_121_b_3.11900_4003_2.tbl,1,3.6,3.6,NASA Exoplanet Archive spectra index
OBSERVED,3c157c07a1d3978e46a2,WASP-121 b,eclipse,Evans et al. 2017,2017Natur.548...58E,,Hubble Space Telescope satellite,Wide Field Camera 3,,not_provided_by_archive_index,,94/12/71/20/WASP_121_b_3.11900_4003_1.tbl,28,1.131,1.632,NASA Exoplanet Archive spectra index
OBSERVED,86f00672390d014b7359,WASP-121 b,eclipse,Mikal-Evans et al. 2019,2019MNRAS.488.2222M,,Hubble Space Telescope satellite,Wide Field Camera 3,,not_provided_by_archive_index,from Table 2; Figure 5; G102 grism; R~200; Visit 1 & 2 joint analysis.,42/24/26/31/WASP_121_b_3.11900_4353_1.tbl,17,0.81,1.122,NASA Exoplanet Archive spectra index
OBSERVED,7fc05e1fd2ad8a46eaa0,WASP-121 b,eclipse,Garhart et al. 2020,2020AJ....159..137G,,Spitzer Space Telescope satellite,Infrared Array Camera (IRAC),,not_provided_by_archive_index,Table 1 & 6,13/05/25/40/WASP_121_b_3.11900_5410_38.tbl,2,3.6,4.5,NASA Exoplanet Archive spectra index
OBSERVED,77439c60325b111b845d,WASP-121 b,eclipse,Mikal-Evans et al. 2020,2020MNRAS.496.1638M,,Hubble Space Telescope satellite,Wide Field Camera 3,,not_provided_by_archive_index,,63/36/56/78/WASP_121_b_3.11900_4628_1.tbl,28,1.129,1.628,NASA Exoplanet Archive spectra index
OBSERVED,c0f86d17e2d4bafe0d21,WASP-121 b,eclipse,Mansfield et al. 2021,2021NatAs...5.1224M,,Hubble Space Telescope satellite,Wide Field Camera 3,,not_provided_by_archive_index,Supplementary Table 5,67/05/54/52/WASP_121_b_3.11900_5227_1.tbl,14,1.139,1.64,NASA Exoplanet Archive spectra index
OBSERVED,2dbf053dae69dcad0819,WASP-121 b,eclipse,Changeat et al. 2022,2022ApJS..260....3C,,Spitzer Space Telescope satellite,Infrared Array Camera (IRAC),,not_provided_by_archive_index,Figure 2,34/36/94/34/WASP_121_b_3.11900_5219_129.tbl,2,3.6,4.5,NASA Exoplanet Archive spectra index
OBSERVED,3d78c15b0fc23b49f1f8,WASP-121 b,eclipse,Changeat et al. 2022,2022ApJS..260....3C,,Hubble Space Telescope satellite,Wide Field Camera 3,,not_provided_by_archive_index,Figure 2,35/39/97/30/WASP_121_b_3.11900_5219_128.tbl,38,0.8125,1.6295,NASA Exoplanet Archive spectra index
OBSERVED,64bc4bea8d25b489ca3c,WASP-121 b,eclipse,Deming et al. 2023,2023AJ....165..104D,,Spitzer Space Telescope satellite,Infrared Array Camera (IRAC),,not_provided_by_archive_index,"AOR = 64973056, date is start time.",02/01/64/80/WASP_121_b_3.11900_5869_411.tbl,1,3.6,3.6,NASA Exoplanet Archive spectra index
OBSERVED,47fb0f2370944b7534ef,WASP-121 b,eclipse,Deming et al. 2023,2023AJ....165..104D,,Spitzer Space Telescope satellite,Infrared Array Camera (IRAC),,not_provided_by_archive_index,"AOR = 64975104, date is start time.",19/79/22/64/WASP_121_b_3.11900_5869_412.tbl,1,3.6,3.6,NASA Exoplanet Archive spectra index
OBSERVED,cec4e7959bde4177cedd,WASP-121 b,eclipse,Deming et al. 2023,2023AJ....165..104D,,Spitzer Space Telescope satellite,Infrared Array Camera (IRAC),,not_provided_by_archive_index,"AOR = 62160640, date is start time.",24/23/67/46/WASP_121_b_3.11900_5869_413.tbl,1,4.5,4.5,NASA Exoplanet Archive spectra index
OBSERVED,da7781ab124973fe926b,WASP-121 b,eclipse,Deming et al. 2023,2023AJ....165..104D,,Spitzer Space Telescope satellite,Infrared Array Camera (IRAC),,not_provided_by_archive_index,"AOR = 62159616, date is start time.",33/22/32/09/WASP_121_b_3.11900_5869_410.tbl,1,3.6,3.6,NASA Exoplanet Archive spectra index
OBSERVED,a8da259dd5f16f5a0475,WASP-121 b,eclipse,Deming et al. 2023,2023AJ....165..104D,,Spitzer Space Telescope satellite,Infrared Array Camera (IRAC),,not_provided_by_archive_index,"AOR = 64972288, date is start time.",53/97/57/24/WASP_121_b_3.11900_5869_414.tbl,1,4.5,4.5,NASA Exoplanet Archive spectra index
OBSERVED,c1dce9f2ba1958f3d5e3,WASP-121 b,eclipse,Deming et al. 2023,2023AJ....165..104D,,Spitzer Space Telescope satellite,Infrared Array Camera (IRAC),,not_provided_by_archive_index,"AOR = 64974592, date is start time.",86/18/91/83/WASP_121_b_3.11900_5869_415.tbl,1,4.5,4.5,NASA Exoplanet Archive spectra index
OBSERVED,39dda537e395595278c7,WASP-121 b,eclipse,Pelletier et al. 2026,2026A&A...706A...2P,,NASA 6.5m James Webb Space Telescope (JWST) Satellite Mission,Near Infrared Imager and Slitless Spectrograph (NIRISS),,not_provided_by_archive_index,SOSS; NAMELESS pipeline; figure 4,60/05/66/39/WASP_121_b_3.11900_6090_1.tbl,480,0.6017,2.8244,NASA Exoplanet Archive spectra index
OBSERVED,4b22c42d2b3eca075683,WASP-121 b,transmission,Evans et al. 2016,2016ApJ...822L...4E,,Hubble Space Telescope satellite,Wide Field Camera 3,,not_provided_by_archive_index,,12/56/49/47/WASP_121_b_3.11900_3831_1.tbl,31,0.4365,1.6315,NASA Exoplanet Archive spectra index
OBSERVED,45bceb9b97148b3691d2,WASP-121 b,transmission,Evans et al. 2018,2018AJ....156..283E,,Hubble Space Telescope satellite,Wide Field Camera 3,,not_provided_by_archive_index,from Table 3; G750L,19/41/38/85/WASP_121_b_3.11900_6045_2.tbl,30,0.5407,0.9772,NASA Exoplanet Archive spectra index
OBSERVED,e2a38fa0041f534794fd,WASP-121 b,transmission,Evans et al. 2018,2018AJ....156..283E,,Hubble Space Telescope satellite,Wide Field Camera 3,,not_provided_by_archive_index,from Table 2; G430L,34/10/32/36/WASP_121_b_3.11900_6045_1.tbl,30,0.3199,0.5661,NASA Exoplanet Archive spectra index
OBSERVED,c78ac58624f913effc5f,WASP-121 b,transmission,Sing et al. 2019,2019AJ....158...91S,,Hubble Space Telescope satellite,Space Telescope Imaging Spectrograph,,not_provided_by_archive_index,,04/27/13/83/WASP_121_b_3.11900_4615_1.tbl,5,0.2387,0.2986,NASA Exoplanet Archive spectra index
OBSERVED,e44406634ff2cadd6f90,WASP-121 b,transmission,Baxter et al. 2021,2021A&A...648A.127B,,Spitzer Space Telescope satellite,Infrared Array Camera (IRAC),,not_provided_by_archive_index,from Table 4,90/15/09/80/WASP_121_b_3.11900_6099_1.tbl,2,3.6,4.5,NASA Exoplanet Archive spectra index
OBSERVED,1f6eeb4b4f7f5dac28f4,WASP-121 b,transmission,Wilson et al. 2021,2021MNRAS.503.4787W,,Association of Universities for Research in Astronomy (AURA) 8.1m Gemini South Telescope at Cerro Pachon,GMOS,,not_provided_by_archive_index,,43/11/78/66/WASP_121_b_3.11900_5313_1.tbl,53,0.525,0.945,NASA Exoplanet Archive spectra index
OBSERVED,a089556da04dc115d970,WASP-121 b,transmission,Changeat et al. 2022,2022ApJS..260....3C,,Hubble Space Telescope satellite,Wide Field Camera 3,,not_provided_by_archive_index,Figure 2,60/95/21/50/WASP_121_b_3.11900_5219_56.tbl,25,1.1263,1.6295,NASA Exoplanet Archive spectra index
OBSERVED,001f7272107aafe5f05c,WASP-121 b,transmission,Edwards et al. 2023,2023ApJS..269...31E,,Hubble Space Telescope satellite,Wide Field Camera 3,,not_provided_by_archive_index,G141,44/61/69/14/WASP_121_b_3.11900_5286_63.tbl,25,1.1262,1.6295,NASA Exoplanet Archive spectra index
OBSERVED,54e79056bfccf75cb1c6,WASP-121 b,transmission,Gapp et al. 2025,2025AJ....169..341G,,NASA 6.5m James Webb Space Telescope (JWST) Satellite Mission,Near Infrared Spectrograph (NIRSpec),,not_provided_by_archive_index,"Transit-only transit depth, Figure 6. R600.",03/59/34/90/WASP_121_b_3.11900_5699_1.tbl,349,2.7285,5.1671,NASA Exoplanet Archive spectra index
OBSERVED,97f761c74e5b7f5aa8b4,WASP-121 b,transmission,Gapp et al. 2025,2025AJ....169..341G,,NASA 6.5m James Webb Space Telescope (JWST) Satellite Mission,Near Infrared Spectrograph (NIRSpec),,not_provided_by_archive_index,"Phase-curve transit depth, Figure 6. R600.",17/71/93/65/WASP_121_b_3.11900_5699_3.tbl,349,2.7285,5.1671,NASA Exoplanet Archive spectra index
OBSERVED,d1f7ee4097b037d7e51f,WASP-121 b,transmission,Gapp et al. 2025,2025AJ....169..341G,,NASA 6.5m James Webb Space Telescope (JWST) Satellite Mission,Near Infrared Spectrograph (NIRSpec),,not_provided_by_archive_index,"Phase-curve transit depth, Figure 6. R3000.",40/37/64/81/WASP_121_b_3.11900_5699_4.tbl,1748,2.7258,5.171,NASA Exoplanet Archive spectra index
OBSERVED,de27c2b8aabcd1844de7,WASP-121 b,transmission,Gapp et al. 2025,2025AJ....169..341G,,NASA 6.5m James Webb Space Telescope (JWST) Satellite Mission,Near Infrared Spectrograph (NIRSpec),,not_provided_by_archive_index,"Transit-only transit depth, Figure 6. R3000. Data at 4.01732 micron omitted because the uncertainties were overestimated (1.57169% -388068.52099%)",61/07/45/20/WASP_121_b_3.11900_5699_2.tbl,1747,2.7258,5.171,NASA Exoplanet Archive spectra index
OBSERVED,5932b4937c328af904a1,WASP-124 b,transmission,McGruder et al. 2023,2023AJ....166..120M,,Multiple Observatories,Multiple Instruments,,not_provided_by_archive_index,,44/43/95/84/WASP_124_b_3.11881_5311_1.tbl,33,0.465,0.979,NASA Exoplanet Archive spectra index
OBSERVED,0a72f8a65b321618d6e7,WASP-127 b,eclipse,Wallack et al. 2021,2021AJ....162...36W,,Spitzer Space Telescope satellite,Infrared Array Camera (IRAC),,not_provided_by_archive_index,from Table 3,97/95/11/59/WASP_127_b_3.11973_6079_1.tbl,2,3.6,4.5,NASA Exoplanet Archive spectra index
OBSERVED,b7ea8ae779ae88409c15,WASP-127 b,eclipse,Deming et al. 2023,2023AJ....165..104D,,Spitzer Space Telescope satellite,Infrared Array Camera (IRAC),,not_provided_by_archive_index,"AOR = 62161664, date is start time.",08/93/37/19/WASP_127_b_3.11973_5869_420.tbl,1,3.6,3.6,NASA Exoplanet Archive spectra index
OBSERVED,10dba050ac3dd41c2125,WASP-127 b,eclipse,Deming et al. 2023,2023AJ....165..104D,,Spitzer Space Telescope satellite,Infrared Array Camera (IRAC),,not_provided_by_archive_index,"AOR = 62162176, date is start time.",52/88/62/09/WASP_127_b_3.11973_5869_421.tbl,1,4.5,4.5,NASA Exoplanet Archive spectra index
OBSERVED,aa3aef9335166ce3eb23,WASP-127 b,transmission,Palle et al. 2017,2017A&A...602L..15P,,Nordic Optical Telescope,ALFOSC,,not_provided_by_archive_index,,96/62/58/39/WASP_127_b_3.11973_3990_1.tbl,23,0.425,0.875,NASA Exoplanet Archive spectra index
OBSERVED,a5630b9b02cf6eb0d35f,WASP-127 b,transmission,Chen et al. 2018,2018A&A...616A.145C,,Gran Telescopio CANARIAS 10.4m telescope,OSIRIS,,not_provided_by_archive_index,,59/97/87/96/WASP_127_b_3.11973_4164_2.tbl,86,0.5242,1.013,NASA Exoplanet Archive spectra index
OBSERVED,1598390447e0d4939997,WASP-127 b,transmission,Chen et al. 2018,2018A&A...616A.145C,,Nordic Optical Telescope,ALFOSC,,not_provided_by_archive_index,,94/84/34/78/WASP_127_b_3.11973_4164_1.tbl,27,0.405,0.935,NASA Exoplanet Archive spectra index
OBSERVED,8acbcd49e664843edaf6,WASP-127 b,transmission,Skaf et al. 2020,2020AJ....160..109S,,Hubble Space Telescope satellite,Wide Field Camera 3,,not_provided_by_archive_index,Table 4,62/16/87/90/WASP_127_b_3.11973_5124_1.tbl,25,1.1262,1.6295,NASA Exoplanet Archive spectra index
OBSERVED,76b2e5b278bbe7a1f662,WASP-127 b,transmission,Spake et al. 2021,2021MNRAS.500.4042S,,Hubble Space Telescope satellite,Space Telescope Imaging Spectrograph,,not_provided_by_archive_index,G750L; Table 5; Figure 10,37/77/08/47/WASP_127_b_3.11973_6012_2.tbl,20,0.555,0.9613,NASA Exoplanet Archive spectra index
OBSERVED,897feb1ecb2dc2c2c4e2,WASP-127 b,transmission,Spake et al. 2021,2021MNRAS.500.4042S,,Hubble Space Telescope satellite,Wide Field Camera 3,,not_provided_by_archive_index,G141; Table 6; Figure 10,54/70/32/65/WASP_127_b_3.11973_6012_3.tbl,28,1.1317,1.6303,NASA Exoplanet Archive spectra index
OBSERVED,3e071bbc64555c874ab2,WASP-127 b,transmission,Spake et al. 2021,2021MNRAS.500.4042S,,Hubble Space Telescope satellite,Space Telescope Imaging Spectrograph,,not_provided_by_archive_index,G430L; Table 4; Figure 10,65/51/75/31/WASP_127_b_3.11973_6012_1.tbl,15,0.3299,0.5634,NASA Exoplanet Archive spectra index
OBSERVED,466a3c382198c35aaf1e,WASP-127 b,transmission,Boehm et al. 2025,2025AJ....169...23B,,Hubble Space Telescope satellite,Wide Field Camera 3,,not_provided_by_archive_index,Table 5,05/50/88/79/WASP_127_b_3.11973_5684_1.tbl,59,0.2075,0.7875,NASA Exoplanet Archive spectra index
OBSERVED,6efb0756a62f7d940a80,WASP-127 b,transmission,Fu et al. 2025,2025ApJ...986....1F,,NASA 6.5m James Webb Space Telescope (JWST) Satellite Mission,Near Infrared Spectrograph (NIRSpec) - G395H,,not_provided_by_archive_index,Figure 1,08/18/05/32/WASP_127_b_3.11973_5758_1.tbl,57,2.7242,5.0998,NASA Exoplanet Archive spectra index
OBSERVED,b99739bec55e5f8ec23b,WASP-13 b,eclipse,Deming et al. 2023,2023AJ....165..104D,,Spitzer Space Telescope satellite,Infrared Array Camera (IRAC),,not_provided_by_archive_index,"AOR = 45675520, date is start time.",98/75/71/83/WASP_13_b_3.11442_5869_250.tbl,1,4.5,4.5,NASA Exoplanet Archive spectra index
OBSERVED,6c17a50d10151193ce8f,WASP-13 b,transmission,Baxter et al. 2021,2021A&A...648A.127B,,Spitzer Space Telescope satellite,Infrared Array Camera (IRAC),,not_provided_by_archive_index,from Table 4,74/96/51/70/WASP_13_b_3.11442_6099_1.tbl,2,3.6,4.5,NASA Exoplanet Archive spectra index
OBSERVED,c2c510411a97b3ee6b06,WASP-131 b,eclipse,Garhart et al. 2020,2020AJ....159..137G,,Spitzer Space Telescope satellite,Infrared Array Camera (IRAC),,not_provided_by_archive_index,Table 1 & 6,53/14/30/09/WASP_131_b_3.11960_5410_39.tbl,2,3.6,4.5,NASA Exoplanet Archive spectra index
OBSERVED,dfa58c524c08644bb20a,WASP-131 b,eclipse,Deming et al. 2023,2023AJ....165..104D,,Spitzer Space Telescope satellite,Infrared Array Camera (IRAC),,not_provided_by_archive_index,"AOR = 62163712, date is start time.",17/29/53/50/WASP_131_b_3.11960_5869_423.tbl,1,4.5,4.5,NASA Exoplanet Archive spectra index
OBSERVED,6ffb01e497e868176c75,WASP-131 b,eclipse,Deming et al. 2023,2023AJ....165..104D,,Spitzer Space Telescope satellite,Infrared Array Camera (IRAC),,not_provided_by_archive_index,"AOR = 62162688, date is start time.",48/09/02/52/WASP_131_b_3.11960_5869_422.tbl,1,3.6,3.6,NASA Exoplanet Archive spectra index
OBSERVED,9182edadec71d2c731e8,WASP-131 b,transmission,Baxter et al. 2021,2021A&A...648A.127B,,Spitzer Space Telescope satellite,Infrared Array Camera (IRAC),,not_provided_by_archive_index,from Table 4,30/76/40/60/WASP_131_b_3.11960_6099_1.tbl,2,3.6,4.5,NASA Exoplanet Archive spectra index
OBSERVED,b87256567de2a8406273,WASP-14 b,eclipse,Garhart et al. 2020,2020AJ....159..137G,,Spitzer Space Telescope satellite,Infrared Array Camera (IRAC),,not_provided_by_archive_index,Table 1 & 6,19/88/79/21/WASP_14_b_3.11443_5410_12.tbl,2,3.6,4.5,NASA Exoplanet Archive spectra index
OBSERVED,84602390199a77773a29,WASP-14 b,eclipse,Garhart et al. 2020,2020AJ....159..137G,,Spitzer Space Telescope satellite,Infrared Array Camera (IRAC),,not_provided_by_archive_index,Table 1 & 6,98/95/13/75/WASP_14_b_3.11443_5410_11.tbl,2,3.6,4.5,NASA Exoplanet Archive spectra index
OBSERVED,c0885c9ee36aafcbf3d7,WASP-14 b,eclipse,Deming et al. 2023,2023AJ....165..104D,,Spitzer Space Telescope satellite,Infrared Array Camera (IRAC),,not_provided_by_archive_index,"AOR = 45428992, date is start time.",13/04/27/59/WASP_14_b_3.11443_5869_255.tbl,1,4.5,4.5,NASA Exoplanet Archive spectra index
OBSERVED,45c73fd70be4ef5bf40c,WASP-14 b,eclipse,Deming et al. 2023,2023AJ....165..104D,,Spitzer Space Telescope satellite,Infrared Array Camera (IRAC),,not_provided_by_archive_index,"AOR = 45426688, date is start time.",32/08/56/45/WASP_14_b_3.11443_5869_254.tbl,1,4.5,4.5,NASA Exoplanet Archive spectra index
OBSERVED,9bcb5f5353e2441bfa0f,WASP-14 b,eclipse,Deming et al. 2023,2023AJ....165..104D,,Spitzer Space Telescope satellite,Infrared Array Camera (IRAC),,not_provided_by_archive_index,"AOR = 45426944, date is start time.",39/34/67/07/WASP_14_b_3.11443_5869_251.tbl,1,3.6,3.6,NASA Exoplanet Archive spectra index
OBSERVED,0302316cd9144666c821,WASP-14 b,eclipse,Deming et al. 2023,2023AJ....165..104D,,Spitzer Space Telescope satellite,Infrared Array Camera (IRAC),,not_provided_by_archive_index,"AOR = 30111744, date is start time.",53/76/30/66/WASP_14_b_3.11443_5869_253.tbl,1,4.5,4.5,NASA Exoplanet Archive spectra index
OBSERVED,09245d612ea4a74fba50,WASP-14 b,eclipse,Deming et al. 2023,2023AJ....165..104D,,Spitzer Space Telescope satellite,Infrared Array Camera (IRAC),,not_provided_by_archive_index,"AOR = 45427968, date is start time.",72/58/49/35/WASP_14_b_3.11443_5869_252.tbl,1,3.6,3.6,NASA Exoplanet Archive spectra index
OBSERVED,baa9a543e8c153a71cf9,WASP-14 b,transmission,Wong et al. 2015,2015ApJ...811..122W,,Spitzer Space Telescope satellite,Infrared Array Camera (IRAC),,not_provided_by_archive_index,,62/73/73/30/WASP_14_b_3.11443_3670_1.tbl,2,3.6,4.5,NASA Exoplanet Archive spectra index
OBSERVED,aad4e0136949c41edede,WASP-140 b,eclipse,Deming et al. 2023,2023AJ....165..104D,,Spitzer Space Telescope satellite,Infrared Array Camera (IRAC),,not_provided_by_archive_index,"AOR = 67659520, date is start time.",09/67/76/56/WASP_140_b_3.11963_5869_425.tbl,1,4.5,4.5,NASA Exoplanet Archive spectra index
OBSERVED,3d492c3629735ba4a21d,WASP-140 b,eclipse,Deming et al. 2023,2023AJ....165..104D,,Spitzer Space Telescope satellite,Infrared Array Camera (IRAC),,not_provided_by_archive_index,"AOR = 67658752, date is start time.",78/71/15/95/WASP_140_b_3.11963_5869_424.tbl,1,4.5,4.5,NASA Exoplanet Archive spectra index
OBSERVED,995bdc74fa4d8ba612ad,WASP-15 b,eclipse,Deming et al. 2023,2023AJ....165..104D,,Spitzer Space Telescope satellite,Infrared Array Camera (IRAC),,not_provided_by_archive_index,"AOR = 45675776, date is start time.",90/15/90/54/WASP_15_b_3.11444_5869_256.tbl,1,4.5,4.5,NASA Exoplanet Archive spectra index
OBSERVED,c26088bde6536c3a4d21,WASP-15 b,transmission,Kirk et al. 2025,2025MNRAS.537.3027K,,NASA 6.5m James Webb Space Telescope (JWST) Satellite Mission,Near Infrared Spectrograph (NIRSpec),,not_provided_by_archive_index,Tiberius R100,12/91/60/32/WASP_15_b_3.11444_5675_3.tbl,60,2.7765,5.1284,NASA Exoplanet Archive spectra index
OBSERVED,0823356e38b20e04ffcf,WASP-15 b,transmission,Kirk et al. 2025,2025MNRAS.537.3027K,,NASA 6.5m James Webb Space Telescope (JWST) Satellite Mission,Near Infrared Spectrograph (NIRSpec),,not_provided_by_archive_index,Tiberius R400,36/35/13/68/WASP_15_b_3.11444_5675_4.tbl,239,2.7662,5.1532,NASA Exoplanet Archive spectra index
OBSERVED,367f4f45ca63bfdc1c98,WASP-15 b,transmission,Kirk et al. 2025,2025MNRAS.537.3027K,,NASA 6.5m James Webb Space Telescope (JWST) Satellite Mission,Near Infrared Spectrograph (NIRSpec),,not_provided_by_archive_index,Eureka R100,65/69/98/78/WASP_15_b_3.11444_5675_1.tbl,61,2.7765,5.1797,NASA Exoplanet Archive spectra index
OBSERVED,60741778b9d645c822e7,WASP-15 b,transmission,Kirk et al. 2025,2025MNRAS.537.3027K,,NASA 6.5m James Webb Space Telescope (JWST) Satellite Mission,Near Infrared Spectrograph (NIRSpec),,not_provided_by_archive_index,Eureka R400,67/57/31/61/WASP_15_b_3.11444_5675_2.tbl,241,2.7662,5.1661,NASA Exoplanet Archive spectra index
OBSERVED,038231761b1cff148539,WASP-156 b,transmission,Jiang et al. 2023,2023A&A...675A..62J,,Gran Telescopio CANARIAS 10.4m telescope,OSIRIS,,not_provided_by_archive_index,,77/74/14/51/WASP_156_b_3.12068_5312_1.tbl,40,0.53,0.92,NASA Exoplanet Archive spectra index
OBSERVED,13d05abd25714ed27a70,WASP-16 b,eclipse,Deming et al. 2023,2023AJ....165..104D,,Spitzer Space Telescope satellite,Infrared Array Camera (IRAC),,not_provided_by_archive_index,"AOR = 48692736, date is start time.",74/49/77/50/WASP_16_b_3.11445_5869_257.tbl,1,3.6,3.6,NASA Exoplanet Archive spectra index
OBSERVED,d481d53c0652e247e855,WASP-16 b,eclipse,Deming et al. 2023,2023AJ....165..104D,,Spitzer Space Telescope satellite,Infrared Array Camera (IRAC),,not_provided_by_archive_index,"AOR = 45674496, date is start time.",93/89/45/73/WASP_16_b_3.11445_5869_258.tbl,1,4.5,4.5,NASA Exoplanet Archive spectra index
OBSERVED,e594f8c48c8ec5a3cc8d,WASP-166 b,transmission,Mayo et al. 2025,2025AJ....170...50M,,NASA 6.5m James Webb Space Telescope (JWST) Satellite Mission,Near Infrared Spectrograph (NIRSpec) - G395M,,not_provided_by_archive_index,R=100,06/12/08/35/WASP_166_b_3.12399_5951_3.tbl,62,2.8093,5.1345,NASA Exoplanet Archive spectra index
OBSERVED,472cf59f8c6d348f8d1b,WASP-166 b,transmission,Mayo et al. 2025,2025AJ....170...50M,,NASA 6.5m James Webb Space Telescope (JWST) Satellite Mission,Near Infrared Imager and Slitless Spectrograph (NIRISS),,not_provided_by_archive_index,SOSS; Constant Width bins,16/86/90/81/WASP_166_b_3.12399_5951_2.tbl,110,0.858,2.8167,NASA Exoplanet Archive spectra index
OBSERVED,54049009376dc898a3f3,WASP-166 b,transmission,Mayo et al. 2025,2025AJ....170...50M,,NASA 6.5m James Webb Space Telescope (JWST) Satellite Mission,Near Infrared Imager and Slitless Spectrograph (NIRISS),,not_provided_by_archive_index,SOSS; R=100,38/58/06/44/WASP_166_b_3.12399_5951_1.tbl,119,0.8534,2.8154,NASA Exoplanet Archive spectra index
OBSERVED,b7c8f31838f9085958e3,WASP-166 b,transmission,Mayo et al. 2025,2025AJ....170...50M,,NASA 6.5m James Webb Space Telescope (JWST) Satellite Mission,Near Infrared Spectrograph (NIRSpec) - G395M,,not_provided_by_archive_index,Constant Width bins,67/60/20/08/WASP_166_b_3.12399_5951_4.tbl,132,2.8094,5.164,NASA Exoplanet Archive spectra index
OBSERVED,35a99baa8367494aff59,WASP-17 b,eclipse,Deming et al. 2023,2023AJ....165..104D,,Spitzer Space Telescope satellite,Infrared Array Camera (IRAC),,not_provided_by_archive_index,"AOR = 34203904, date is start time.",22/34/33/47/WASP_17_b_3.11446_5869_260.tbl,1,4.5,4.5,NASA Exoplanet Archive spectra index
OBSERVED,b58e606cb1f09b991298,WASP-17 b,eclipse,Deming et al. 2023,2023AJ....165..104D,,Spitzer Space Telescope satellite,Infrared Array Camera (IRAC),,not_provided_by_archive_index,"AOR = 34870272, date is start time.",23/83/04/07/WASP_17_b_3.11446_5869_259.tbl,1,3.6,3.6,NASA Exoplanet Archive spectra index
OBSERVED,2594bc56ad844b8168b0,WASP-17 b,eclipse,Deming et al. 2023,2023AJ....165..104D,,Spitzer Space Telescope satellite,Infrared Array Camera (IRAC),,not_provided_by_archive_index,"AOR = 34870784, date is start time.",60/59/05/43/WASP_17_b_3.11446_5869_262.tbl,1,4.5,4.5,NASA Exoplanet Archive spectra index
OBSERVED,a3d87f6ddbe73c681bfc,WASP-17 b,eclipse,Deming et al. 2023,2023AJ....165..104D,,Spitzer Space Telescope satellite,Infrared Array Camera (IRAC),,not_provided_by_archive_index,"AOR = 34204160, date is start time.",85/11/77/80/WASP_17_b_3.11446_5869_261.tbl,1,4.5,4.5,NASA Exoplanet Archive spectra index
OBSERVED,747971995d4b254c53c3,WASP-17 b,eclipse,Valentine et al. 2024,2024AJ....168..123V,,NASA 6.5m James Webb Space Telescope (JWST) Satellite Mission,Mid-Infrared Instrument (MIRI) - LRS,,not_provided_by_archive_index,Eureka!,25/78/52/94/WASP_17_b_3.11446_5535_2.tbl,28,5.125,11.875,NASA Exoplanet Archive spectra index
OBSERVED,e55b4b802219559c1265,WASP-17 b,eclipse,Valentine et al. 2024,2024AJ....168..123V,,NASA 6.5m James Webb Space Telescope (JWST) Satellite Mission,Mid-Infrared Instrument (MIRI) - LRS,,not_provided_by_archive_index,ExoTiC-MIRI,91/96/22/51/WASP_17_b_3.11446_5535_1.tbl,28,5.125,11.875,NASA Exoplanet Archive spectra index
OBSERVED,b90126afc693e063ccd1,WASP-17 b,eclipse,Gressier et al. 2025,2025AJ....169...57G,,NASA 6.5m James Webb Space Telescope (JWST) Satellite Mission,Near Infrared Imager and Slitless Spectrograph (NIRISS),,not_provided_by_archive_index,"Figure 5, transitspectroscopy pipeline, only positive eclipse depths",92/40/65/17/WASP_17_b_3.11446_5536_1.tbl,155,0.604,2.8154,NASA Exoplanet Archive spectra index
OBSERVED,a6f98fb1e54e89f97746,WASP-17 b,eclipse,Gressier et al. 2025,2025AJ....169...57G,,NASA 6.5m James Webb Space Telescope (JWST) Satellite Mission,Near Infrared Imager and Slitless Spectrograph (NIRISS),,not_provided_by_archive_index,"Figure 5, transitspectroscopy pipeline, negative eclipse depths allowed",97/24/08/26/WASP_17_b_3.11446_5536_2.tbl,155,0.604,2.8154,NASA Exoplanet Archive spectra index
OBSERVED,6888995fc8b186dd6d5c,WASP-17 b,transmission,Wood et al. 2011,2011MNRAS.412.2376W,,European Southern Observatory (ESO) 8.2m Very Large Telescope (VLT) Kueyen (UT2) at Paranal Observatory,GIRAFFE,,not_provided_by_archive_index,,69/16/16/93/WASP_17_b_3.11446_3584_1.tbl,2,0.589,0.5896,NASA Exoplanet Archive spectra index
OBSERVED,f43f8ea4e32009edee67,WASP-17 b,transmission,Mandell et al. 2013,2013ApJ...779..128M,,Hubble Space Telescope satellite,Wide Field Camera 3,,not_provided_by_archive_index,,50/19/25/79/WASP_17_b_3.11446_3583_1.tbl,19,1.128,1.634,NASA Exoplanet Archive spectra index
OBSERVED,4b4aafb858b34843642d,WASP-17 b,transmission,Bento et al. 2014,2014MNRAS.437.1511B,,New Technology Telescope,ULTRACAM,,not_provided_by_archive_index,,16/61/76/33/WASP_17_b_3.11446_3416_1.tbl,3,0.365,0.658,NASA Exoplanet Archive spectra index
OBSERVED,f70452f2410c43547448,WASP-17 b,transmission,Sedaghati et al. 2016,2016A&A...596A..47S,,European Southern Observatory (ESO) 8.2m Very Large Telescope (VLT) Antu (UT1) at Paranal Observatory,FORS2,,not_provided_by_archive_index,,56/80/91/01/WASP_17_b_3.11446_3889_1.tbl,41,0.575,0.795,NASA Exoplanet Archive spectra index
OBSERVED,9444865a0d01c4bf6d3c,WASP-17 b,transmission,Sing et al. 2016,2016Natur.529...59S,,Hubble Space Telescope satellite,Wide Field Camera 3,,not_provided_by_archive_index,,07/79/92/43/WASP_17_b_3.11446_3717_1.tbl,12,1.1319,1.6423,NASA Exoplanet Archive spectra index
OBSERVED,8551214a22bc632b9d2f,WASP-17 b,transmission,Sing et al. 2016,2016Natur.529...59S,,Hubble Space Telescope satellite,Space Telescope Imaging Spectrograph,,not_provided_by_archive_index,,08/34/79/65/WASP_17_b_3.11446_3717_3.tbl,25,0.34,0.985,NASA Exoplanet Archive spectra index
OBSERVED,907286000950607a9c66,WASP-17 b,transmission,Sing et al. 2016,2016Natur.529...59S,,Spitzer Space Telescope satellite,Infrared Array Camera (IRAC),,not_provided_by_archive_index,,69/71/81/60/WASP_17_b_3.11446_3717_2.tbl,2,3.56,4.5,NASA Exoplanet Archive spectra index
OBSERVED,355a3decb0e00107cd5c,WASP-17 b,transmission,Baxter et al. 2021,2021A&A...648A.127B,,Spitzer Space Telescope satellite,Infrared Array Camera (IRAC),,not_provided_by_archive_index,from Table 4,40/98/71/63/WASP_17_b_3.11446_6099_1.tbl,2,3.6,4.5,NASA Exoplanet Archive spectra index
OBSERVED,3dc2adbe026ae4c82286,WASP-17 b,transmission,Saba et al. 2022,2022AJ....164....2S,,Hubble Space Telescope satellite,Space Telescope Imaging Spectrograph,,not_provided_by_archive_index,Reduced and Fitted Using Iraclis - visit 1,38/61/21/27/WASP_17_b_3.11446_5262_3.tbl,9,0.385,0.56,NASA Exoplanet Archive spectra index
OBSERVED,b41db6207c15b9afab0e,WASP-17 b,transmission,Saba et al. 2022,2022AJ....164....2S,,Hubble Space Telescope satellite,Space Telescope Imaging Spectrograph,,not_provided_by_archive_index,Reduced and Fitted Using Iraclis - visit 2,74/62/53/66/WASP_17_b_3.11446_5262_4.tbl,9,0.385,0.56,NASA Exoplanet Archive spectra index
OBSERVED,9e20a01c8962e2e0f9b6,WASP-17 b,transmission,Saba et al. 2022,2022AJ....164....2S,,Hubble Space Telescope satellite,Wide Field Camera 3,,not_provided_by_archive_index,Reduced and Fitted Spectral Data Using Iraclis,80/97/30/88/WASP_17_b_3.11446_5262_1.tbl,39,0.813,1.629,NASA Exoplanet Archive spectra index
OBSERVED,ae6e2932dc83adaf2194,WASP-17 b,transmission,Saba et al. 2022,2022AJ....164....2S,,Hubble Space Telescope satellite,Space Telescope Imaging Spectrograph,,not_provided_by_archive_index,Reduced and Fitted Using Iraclis - visit 3,82/21/06/48/WASP_17_b_3.11446_5262_5.tbl,7,0.57,0.87,NASA Exoplanet Archive spectra index
OBSERVED,3d4159abe77de2ab233a,WASP-17 b,transmission,Saba et al. 2022,2022AJ....164....2S,,Spitzer Space Telescope satellite,Infrared Array Camera (IRAC),,not_provided_by_archive_index,Reduced and Fitted Spectral Data Using TLCD-LSTM,91/83/55/39/WASP_17_b_3.11446_5262_2.tbl,2,3.56,4.5,NASA Exoplanet Archive spectra index
OBSERVED,9d27398f51697e5439ac,WASP-17 b,transmission,Alderson et al. 2022,2022MNRAS.512.4185A,,Hubble Space Telescope satellite,Space Telescope Imaging Spectrograph,,not_provided_by_archive_index,"Table 6, G430L, Visit 5",22/60/17/96/WASP_17_b_3.11446_5703_4.tbl,14,0.34,0.565,NASA Exoplanet Archive spectra index
OBSERVED,75b058f157b6d692329a,WASP-17 b,transmission,Alderson et al. 2022,2022MNRAS.512.4185A,,Hubble Space Telescope satellite,Space Telescope Imaging Spectrograph,,not_provided_by_archive_index,"Table 6, G430L, Visit 5 & 6 Combined",37/04/90/15/WASP_17_b_3.11446_5703_6.tbl,14,0.34,0.565,NASA Exoplanet Archive spectra index
OBSERVED,f32eb3132b53173a6747,WASP-17 b,transmission,Alderson et al. 2022,2022MNRAS.512.4185A,,Hubble Space Telescope satellite,Space Telescope Imaging Spectrograph,,not_provided_by_archive_index,"Table 5, G750L, Visit 19",50/72/07/74/WASP_17_b_3.11446_5703_3.tbl,12,0.55,0.985,NASA Exoplanet Archive spectra index
OBSERVED,207d188b85278a60eb61,WASP-17 b,transmission,Alderson et al. 2022,2022MNRAS.512.4185A,,Hubble Space Telescope satellite,Wide Field Camera 3,,not_provided_by_archive_index,"Table 4, G141, Visit 1",62/60/77/24/WASP_17_b_3.11446_5703_2.tbl,25,1.138,1.6238,NASA Exoplanet Archive spectra index
OBSERVED,0339c2519d78d0ac5fd8,WASP-17 b,transmission,Alderson et al. 2022,2022MNRAS.512.4185A,,Hubble Space Telescope satellite,Wide Field Camera 3,,not_provided_by_archive_index,"Table 4, G102, Visit 32",86/61/12/36/WASP_17_b_3.11446_5703_1.tbl,15,0.8198,1.111,NASA Exoplanet Archive spectra index
OBSERVED,7c91b188eac359592eea,WASP-17 b,transmission,Alderson et al. 2022,2022MNRAS.512.4185A,,Hubble Space Telescope satellite,Space Telescope Imaging Spectrograph,,not_provided_by_archive_index,"Table 6, G430L, Visit 6",94/27/55/86/WASP_17_b_3.11446_5703_5.tbl,14,0.34,0.565,NASA Exoplanet Archive spectra index
OBSERVED,d9e0ac3afe2cc9fde198,WASP-17 b,transmission,Panek et al. 2023,2023A&A...677A..51P,,Hubble Space Telescope satellite,Wide Field Camera 3,,not_provided_by_archive_index,,84/17/07/67/WASP_17_b_3.11446_5295_1.tbl,20,1.0994,1.6616,NASA Exoplanet Archive spectra index
OBSERVED,acc6de4ebbbf13f42ae2,WASP-17 b,transmission,Grant et al. 2023,2023ApJ...956L..29G,,NASA 6.5m James Webb Space Telescope (JWST) Satellite Mission,Mid-Infrared Instrument (MIRI) - LRS,,not_provided_by_archive_index,Eureka! pipeline,61/35/02/74/WASP_17_b_3.11446_5275_2.tbl,28,5.125,11.875,NASA Exoplanet Archive spectra index
OBSERVED,609a94ba005223d07d4d,WASP-17 b,transmission,Grant et al. 2023,2023ApJ...956L..29G,,NASA 6.5m James Webb Space Telescope (JWST) Satellite Mission,Mid-Infrared Instrument (MIRI) - LRS,,not_provided_by_archive_index,ExoTiC-MIRI pipeline,85/61/90/01/WASP_17_b_3.11446_5275_1.tbl,28,5.125,11.875,NASA Exoplanet Archive spectra index
OBSERVED,a66e10fda3862679a7d9,WASP-17 b,transmission,Louie et al. 2025,2025AJ....169...86L,,NASA 6.5m James Webb Space Telescope (JWST) Satellite Mission,Near Infrared Imager and Slitless Spectrograph (NIRISS),,not_provided_by_archive_index,Final Ahsoka Order 2 (Fit LD at Pixel Level),23/79/70/81/WASP_17_b_3.11446_5567_3.tbl,705,0.6303,0.9496,NASA Exoplanet Archive spectra index
OBSERVED,ce9d0d1f5967bed3811a,WASP-17 b,transmission,Louie et al. 2025,2025AJ....169...86L,,NASA 6.5m James Webb Space Telescope (JWST) Satellite Mission,Near Infrared Imager and Slitless Spectrograph (NIRISS),,not_provided_by_archive_index,"Final Ahsoka Order 2, R=100 (Fit LD at Pixel Level)",44/85/58/33/WASP_17_b_3.11446_5567_1.tbl,32,0.629,0.8622,NASA Exoplanet Archive spectra index
OBSERVED,fd036b2cbfda665dd345,WASP-17 b,transmission,Louie et al. 2025,2025AJ....169...86L,,NASA 6.5m James Webb Space Telescope (JWST) Satellite Mission,Near Infrared Imager and Slitless Spectrograph (NIRISS),,not_provided_by_archive_index,"Final Ahsoka Order 1, R=100 (Fit LD at Pixel Level)",64/90/32/35/WASP_17_b_3.11446_5567_2.tbl,119,0.8544,2.8154,NASA Exoplanet Archive spectra index
OBSERVED,36ffca04be664bb842ad,WASP-17 b,transmission,Louie et al. 2025,2025AJ....169...86L,,NASA 6.5m James Webb Space Telescope (JWST) Satellite Mission,Near Infrared Imager and Slitless Spectrograph (NIRISS),,not_provided_by_archive_index,Final Ahsoka Order 1 (Fit LD at Pixel Level),93/26/37/71/WASP_17_b_3.11446_5567_4.tbl,2021,0.8504,2.8098,NASA Exoplanet Archive spectra index
OBSERVED,8a25d115d585579896a2,WASP-178 b,transmission,Lothringer et al. 2022,2022Natur.604...49L,,Hubble Space Telescope satellite,WFC3,,not_provided_by_archive_index,Extended Data Table 1,72/25/78/71/WASP_178_b_3.12435_5242_1.tbl,53,0.1963,0.7575,NASA Exoplanet Archive spectra index
OBSERVED,1dc509109604694a4e56,WASP-178 b,transmission,Edwards et al. 2023,2023ApJS..269...31E,,Hubble Space Telescope satellite,Wide Field Camera 3,,not_provided_by_archive_index,G141,11/22/27/48/WASP_178_b_3.12435_5286_64.tbl,25,1.1262,1.6295,NASA Exoplanet Archive spectra index
OBSERVED,ab18302c8d18c02e29ee,WASP-18 b,eclipse,Nymeyer et al. 2010,2011ApJ...742...35N,,Spitzer Space Telescope satellite,Infrared Array Camera (IRAC),,not_provided_by_archive_index,Table 2,80/87/43/31/WASP_18_b_3.11447_2092_1.tbl,4,3.6,8,NASA Exoplanet Archive spectra index
OBSERVED,287cae9a2058aa28531a,WASP-18 b,eclipse,Zhou et al. 2015,2015MNRAS.454.3002Z,,Australian National University (ANU) 3.9m Anglo-Australian Telescope (AAT) at Siding Spring Observatory (SSO),IRIS2,,not_provided_by_archive_index,Table 2,24/37/72/42/WASP_18_b_3.11447_4122_1.tbl,1,2.159,2.159,NASA Exoplanet Archive spectra index
OBSERVED,3a4ccc1df6381115c622,WASP-18 b,eclipse,Sheppard et al. 2017,2017ApJ...850L..32S,,Spitzer Space Telescope satellite,Infrared Array Camera (IRAC),,not_provided_by_archive_index,Table 1,62/81/47/23/WASP_18_b_3.11447_4181_2.tbl,4,3.6,8,NASA Exoplanet Archive spectra index
OBSERVED,6046c398199d525d9b07,WASP-18 b,eclipse,Sheppard et al. 2017,2017ApJ...850L..32S,,Hubble Space Telescope satellite,Wide Field Camera 3,,not_provided_by_archive_index,Table 1,87/43/15/44/WASP_18_b_3.11447_4181_3.tbl,29,1.127,1.647,NASA Exoplanet Archive spectra index
OBSERVED,b0efc93e8cce866eff9c,WASP-18 b,eclipse,Sheppard et al. 2017,2017ApJ...850L..32S,,Australian National University (ANU) 3.9m Anglo-Australian Telescope (AAT) at Siding Spring Observatory (SSO),IRIS2,,not_provided_by_archive_index,Table 1,88/51/82/86/WASP_18_b_3.11447_4181_1.tbl,1,2.15,2.15,NASA Exoplanet Archive spectra index
OBSERVED,8c549c97cf67f9a5f18a,WASP-18 b,eclipse,Arcangeli et al. 2018,2018ApJ...855L..30A,,Hubble Space Telescope satellite,Wide Field Camera 3,,not_provided_by_archive_index,Table 1,16/63/04/19/WASP_18_b_3.11447_4180_1.tbl,14,1.156,1.583,NASA Exoplanet Archive spectra index
OBSERVED,f9617a3277277642d4f0,WASP-18 b,eclipse,Arcangeli et al. 2018,2018ApJ...855L..30A,,Spitzer Space Telescope satellite,Infrared Array Camera (IRAC),,not_provided_by_archive_index,Table 1,96/04/40/40/WASP_18_b_3.11447_4180_2.tbl,4,3.6,8,NASA Exoplanet Archive spectra index
OBSERVED,224f231f1892462e9ff6,WASP-18 b,eclipse,Garhart et al. 2020,2020AJ....159..137G,,Spitzer Space Telescope satellite,Infrared Array Camera (IRAC),,not_provided_by_archive_index,Table 1 & 6,85/80/63/10/WASP_18_b_3.11447_5410_13.tbl,2,3.6,4.5,NASA Exoplanet Archive spectra index
OBSERVED,d339483fd4f83d7b86fa,WASP-18 b,eclipse,Changeat et al. 2022,2022ApJS..260....3C,,Hubble Space Telescope satellite,Wide Field Camera 3,,not_provided_by_archive_index,Figure 2,88/24/92/52/WASP_18_b_3.11447_5219_132.tbl,25,1.1263,1.6295,NASA Exoplanet Archive spectra index
OBSERVED,7c61212ab69dcf037f10,WASP-18 b,eclipse,Changeat et al. 2022,2022ApJS..260....3C,,Spitzer Space Telescope satellite,Infrared Array Camera (IRAC),,not_provided_by_archive_index,Figure 2,98/07/29/44/WASP_18_b_3.11447_5219_133.tbl,4,3.6,8,NASA Exoplanet Archive spectra index
OBSERVED,11ccbf359fca135ce42c,WASP-18 b,eclipse,Deming et al. 2023,2023AJ....165..104D,,Spitzer Space Telescope satellite,Infrared Array Camera (IRAC),,not_provided_by_archive_index,"AOR = 53517824, date is start time.",10/56/58/09/WASP_18_b_3.11447_5869_279.tbl,1,4.5,4.5,NASA Exoplanet Archive spectra index
OBSERVED,94bd4250832b3511f04a,WASP-18 b,eclipse,Deming et al. 2023,2023AJ....165..104D,,Spitzer Space Telescope satellite,Infrared Array Camera (IRAC),,not_provided_by_archive_index,"AOR = 53517568, date is start time.",12/15/51/11/WASP_18_b_3.11447_5869_278.tbl,1,4.5,4.5,NASA Exoplanet Archive spectra index
OBSERVED,f394d343bea7d22a5ea9,WASP-18 b,eclipse,Deming et al. 2023,2023AJ....165..104D,,Spitzer Space Telescope satellite,Infrared Array Camera (IRAC),,not_provided_by_archive_index,"AOR = 40269312, date is start time.",19/52/01/66/WASP_18_b_3.11447_5869_269.tbl,1,4.5,4.5,NASA Exoplanet Archive spectra index
OBSERVED,38de2c0c5c761f204d19,WASP-18 b,eclipse,Deming et al. 2023,2023AJ....165..104D,,Spitzer Space Telescope satellite,Infrared Array Camera (IRAC),,not_provided_by_archive_index,"AOR = 38805760, date is start time.",22/33/30/11/WASP_18_b_3.11447_5869_265.tbl,1,3.6,3.6,NASA Exoplanet Archive spectra index
OBSERVED,72857e225cb1fd5117f1,WASP-18 b,eclipse,Deming et al. 2023,2023AJ....165..104D,,Spitzer Space Telescope satellite,Infrared Array Camera (IRAC),,not_provided_by_archive_index,"AOR = 53517056, date is start time.",37/53/94/84/WASP_18_b_3.11447_5869_276.tbl,1,4.5,4.5,NASA Exoplanet Archive spectra index
OBSERVED,ffef3f38c4950f15d553,WASP-18 b,eclipse,Deming et al. 2023,2023AJ....165..104D,,Spitzer Space Telescope satellite,Infrared Array Camera (IRAC),,not_provided_by_archive_index,"AOR = 53516032, date is start time.",38/00/52/98/WASP_18_b_3.11447_5869_273.tbl,1,4.5,4.5,NASA Exoplanet Archive spectra index
OBSERVED,2b4655b2d02303cd6efe,WASP-18 b,eclipse,Deming et al. 2023,2023AJ....165..104D,,Spitzer Space Telescope satellite,Infrared Array Camera (IRAC),,not_provided_by_archive_index,"AOR = 53517312, date is start time.",38/41/51/06/WASP_18_b_3.11447_5869_277.tbl,1,4.5,4.5,NASA Exoplanet Archive spectra index
OBSERVED,abc439683fbcd749feac,WASP-18 b,eclipse,Deming et al. 2023,2023AJ....165..104D,,Spitzer Space Telescope satellite,Infrared Array Camera (IRAC),,not_provided_by_archive_index,"AOR = 53516800, date is start time.",51/21/90/73/WASP_18_b_3.11447_5869_275.tbl,1,4.5,4.5,NASA Exoplanet Archive spectra index
OBSERVED,79b5d378bea373b72512,WASP-18 b,eclipse,Deming et al. 2023,2023AJ....165..104D,,Spitzer Space Telescope satellite,Infrared Array Camera (IRAC),,not_provided_by_archive_index,"AOR = 40269056, date is start time.",51/36/45/50/WASP_18_b_3.11447_5869_268.tbl,1,4.5,4.5,NASA Exoplanet Archive spectra index
OBSERVED,0220c084bf0e2806852d,WASP-18 b,eclipse,Deming et al. 2023,2023AJ....165..104D,,Spitzer Space Telescope satellite,Infrared Array Camera (IRAC),,not_provided_by_archive_index,"AOR = 38805504, date is start time.",59/13/86/79/WASP_18_b_3.11447_5869_264.tbl,1,3.6,3.6,NASA Exoplanet Archive spectra index
OBSERVED,a7067944a0427ab94d33,WASP-18 b,eclipse,Deming et al. 2023,2023AJ....165..104D,,Spitzer Space Telescope satellite,Infrared Array Camera (IRAC),,not_provided_by_archive_index,"AOR = 53515008, date is start time.",64/62/20/11/WASP_18_b_3.11447_5869_270.tbl,1,4.5,4.5,NASA Exoplanet Archive spectra index
OBSERVED,eca0a89ce9f971bc91fd,WASP-18 b,eclipse,Deming et al. 2023,2023AJ....165..104D,,Spitzer Space Telescope satellite,Infrared Array Camera (IRAC),,not_provided_by_archive_index,"AOR = 53515776, date is start time.",68/69/49/85/WASP_18_b_3.11447_5869_272.tbl,1,4.5,4.5,NASA Exoplanet Archive spectra index
OBSERVED,9147ddd2b912eb660757,WASP-18 b,eclipse,Deming et al. 2023,2023AJ....165..104D,,Spitzer Space Telescope satellite,Infrared Array Camera (IRAC),,not_provided_by_archive_index,"AOR = 53515520, date is start time.",78/62/90/61/WASP_18_b_3.11447_5869_271.tbl,1,4.5,4.5,NASA Exoplanet Archive spectra index
OBSERVED,3b65015048099d10eb7d,WASP-18 b,eclipse,Deming et al. 2023,2023AJ....165..104D,,Spitzer Space Telescope satellite,Infrared Array Camera (IRAC),,not_provided_by_archive_index,"AOR = 28775424, date is start time.",78/63/15/19/WASP_18_b_3.11447_5869_267.tbl,1,4.5,4.5,NASA Exoplanet Archive spectra index
OBSERVED,2156331e8383a671c0b1,WASP-18 b,eclipse,Deming et al. 2023,2023AJ....165..104D,,Spitzer Space Telescope satellite,Infrared Array Camera (IRAC),,not_provided_by_archive_index,"AOR = 53516288, date is start time.",86/61/41/36/WASP_18_b_3.11447_5869_274.tbl,1,4.5,4.5,NASA Exoplanet Archive spectra index
OBSERVED,1e42aca43da45b9be657,WASP-18 b,eclipse,Deming et al. 2023,2023AJ....165..104D,,Spitzer Space Telescope satellite,Infrared Array Camera (IRAC),,not_provided_by_archive_index,"AOR = 38805760, date is start time.",98/71/79/22/WASP_18_b_3.11447_5869_266.tbl,1,3.6,3.6,NASA Exoplanet Archive spectra index
OBSERVED,a3a85b7710251c297877,WASP-18 b,eclipse,Deming et al. 2023,2023AJ....165..104D,,Spitzer Space Telescope satellite,Infrared Array Camera (IRAC),,not_provided_by_archive_index,"AOR = 28775168, date is start time.",99/03/21/61/WASP_18_b_3.11447_5869_263.tbl,1,3.6,3.6,NASA Exoplanet Archive spectra index
OBSERVED,6250067ceb0977403019,WASP-18 b,eclipse,Coulombe et al. 2023,2023Natur.620..292C,,NASA 6.5m James Webb Space Telescope (JWST) Satellite Mission,Near Infrared Imager and Slitless Spectrograph (NIRISS),,not_provided_by_archive_index,NAMELESS pipeline,23/32/50/44/WASP_18_b_3.11447_5159_1.tbl,408,0.8543,2.827,NASA Exoplanet Archive spectra index
OBSERVED,ef7b6c961e4a5ab45bb6,WASP-18 b,eclipse,Coulombe et al. 2023,2023Natur.620..292C,,NASA 6.5m James Webb Space Telescope (JWST) Satellite Mission,Near Infrared Imager and Slitless Spectrograph (NIRISS),,not_provided_by_archive_index,transitspectroscopy pipeline,78/74/21/77/WASP_18_b_3.11447_5159_4.tbl,408,0.8744,2.8412,NASA Exoplanet Archive spectra index
OBSERVED,464a1e96a30e368caece,WASP-18 b,eclipse,Coulombe et al. 2023,2023Natur.620..292C,,NASA 6.5m James Webb Space Telescope (JWST) Satellite Mission,Near Infrared Imager and Slitless Spectrograph (NIRISS),,not_provided_by_archive_index,nirHiss pipeline,89/32/55/34/WASP_18_b_3.11447_5159_2.tbl,408,0.8543,2.827,NASA Exoplanet Archive spectra index
OBSERVED,230123c67e870eb48bd5,WASP-18 b,eclipse,Coulombe et al. 2023,2023Natur.620..292C,,NASA 6.5m James Webb Space Telescope (JWST) Satellite Mission,Near Infrared Imager and Slitless Spectrograph (NIRISS),,not_provided_by_archive_index,supreme-SPOON pipeline,93/81/48/18/WASP_18_b_3.11447_5159_3.tbl,408,0.8543,2.827,NASA Exoplanet Archive spectra index
OBSERVED,43e9a455cc0359eaf8ca,WASP-18 b,eclipse,Deline et al. 2025,2025A&A...699A.150D,,Spitzer Space Telescope satellite,Infrared Array Camera (IRAC),,not_provided_by_archive_index,Ch. 1-4 combined; Table 3,80/57/18/05/WASP_18_b_3.11447_6021_1.tbl,4,3.6,8,NASA Exoplanet Archive spectra index
OBSERVED,39e99773496f54386fd1,WASP-18 b,transmission,Changeat et al. 2022,2022ApJS..260....3C,,Hubble Space Telescope satellite,Wide Field Camera 3,,not_provided_by_archive_index,Figure 2,69/19/89/96/WASP_18_b_3.11447_5219_86.tbl,25,1.1262,1.6295,NASA Exoplanet Archive spectra index
OBSERVED,41436fb8401c1bbd7ca1,WASP-18 b,transmission,Edwards et al. 2023,2023ApJS..269...31E,,Hubble Space Telescope satellite,Wide Field Camera 3,,not_provided_by_archive_index,G141,07/44/64/41/WASP_18_b_3.11447_5286_65.tbl,25,1.1262,1.6295,NASA Exoplanet Archive spectra index
OBSERVED,1e2f4c33a74e5bd9f4f9,WASP-189 b,transmission,Sreejith et al. 2023,2023ApJ...954L..23S,,Colorado Ultraviolet Transit Experiment (CUTE),CUTE NUV Spectrograph,,not_provided_by_archive_index,NUV t. spec. at 10 A and 100 A Bins,07/30/06/84/WASP_189_b_3.13084_5211_1.tbl,11,0.251,0.324,NASA Exoplanet Archive spectra index
OBSERVED,6c3d1e45bcb952181494,WASP-19 b,eclipse,Gibson et al. 2010,2010MNRAS.404L.114G,,European Southern Observatory (ESO) 8.2m Very Large Telescope (VLT) Yepun at Paranal Observatory,High Acuity Wide-field K-band Imager (HAWK-I),,not_provided_by_archive_index,eclipse depth taken from Abstract,65/31/22/32/WASP_19_b_3.11448_4089_1.tbl,1,2.095,2.095,NASA Exoplanet Archive spectra index
OBSERVED,b70a03494b091a657815,WASP-19 b,eclipse,Zhou et al. 2013,2013ApJ...774..118Z,,Las Cumbres Observatory Global Telescope Network (LCOGTN) 2m Faulkes Telescope South at Siding Spring Observatory (SSO),Merope 2Kx2K,,not_provided_by_archive_index,eclipse depth taken from Abstract,96/47/48/67/WASP_19_b_3.11448_3426_1.tbl,1,0.866,0.866,NASA Exoplanet Archive spectra index
OBSERVED,1035089f5f3c14583bda,WASP-19 b,eclipse,Anderson et al. 2013,2013MNRAS.430.3422A,,Spitzer Space Telescope satellite,Infrared Array Camera (IRAC),,not_provided_by_archive_index,Table 3,93/87/77/47/WASP_19_b_3.11448_4111_1.tbl,6,1.6,8,NASA Exoplanet Archive spectra index
OBSERVED,bcb3e99e27aef4c27f46,WASP-19 b,eclipse,Zhou et al. 2014,2014MNRAS.445.2746Z,,Australian National University (ANU) 3.9m Anglo-Australian Telescope (AAT) at Siding Spring Observatory (SSO),IRIS2,,not_provided_by_archive_index,Table 3,75/89/19/05/WASP_19_b_3.11448_4116_1.tbl,1,2.144,2.144,NASA Exoplanet Archive spectra index
OBSERVED,8bdbfc323736960766a7,WASP-19 b,eclipse,Wong et al. 2016,2016ApJ...823..122W,,Spitzer Space Telescope satellite,Infrared Array Camera (IRAC),,not_provided_by_archive_index,From abstract,56/24/76/51/WASP_19_b_3.11448_3855_2.tbl,2,3.6,4.5,NASA Exoplanet Archive spectra index
OBSERVED,33c4e2e31eb03769b629,WASP-19 b,eclipse,Wong et al. 2020,2020AJ....159..104W,,Transiting Exoplanet Survey Satellite,TESS CCD Array,,not_provided_by_archive_index,from Table 2,01/83/43/80/WASP_19_b_3.11448_6070_1.tbl,1,0.7865,0.7865,NASA Exoplanet Archive spectra index
OBSERVED,a72631dd77784bb49f6c,WASP-19 b,eclipse,Garhart et al. 2020,2020AJ....159..137G,,Spitzer Space Telescope satellite,Infrared Array Camera (IRAC),,not_provided_by_archive_index,Table 1 & 6,31/30/16/07/WASP_19_b_3.11448_5410_14.tbl,2,3.6,4.5,NASA Exoplanet Archive spectra index
OBSERVED,8173e26a526188a98204,WASP-19 b,eclipse,Garhart et al. 2020,2020AJ....159..137G,,Spitzer Space Telescope satellite,Infrared Array Camera (IRAC),,not_provided_by_archive_index,Table 1 & 6,99/84/68/60/WASP_19_b_3.11448_5410_15.tbl,2,3.6,4.5,NASA Exoplanet Archive spectra index
OBSERVED,63e9644f0088c77c72a8,WASP-19 b,eclipse,Changeat et al. 2022,2022ApJS..260....3C,,Hubble Space Telescope satellite,Wide Field Camera 3,,not_provided_by_archive_index,Figure 2,31/17/62/13/WASP_19_b_3.11448_5219_134.tbl,25,1.1263,1.6295,NASA Exoplanet Archive spectra index
OBSERVED,84aef8b1a096529e36e4,WASP-19 b,eclipse,Changeat et al. 2022,2022ApJS..260....3C,,Spitzer Space Telescope satellite,Infrared Array Camera (IRAC),,not_provided_by_archive_index,Figure 2,66/24/88/92/WASP_19_b_3.11448_5219_135.tbl,4,3.6,8,NASA Exoplanet Archive spectra index
OBSERVED,3a80ad8fd0999b3ccefd,WASP-19 b,eclipse,Deming et al. 2023,2023AJ....165..104D,,Spitzer Space Telescope satellite,Infrared Array Camera (IRAC),,not_provided_by_archive_index,"AOR = 43970560, date is start time.",02/01/50/11/WASP_19_b_3.11448_5869_285.tbl,1,4.5,4.5,NASA Exoplanet Archive spectra index
OBSERVED,39669f3f71e4cbd44fac,WASP-19 b,eclipse,Deming et al. 2023,2023AJ....165..104D,,Spitzer Space Telescope satellite,Infrared Array Camera (IRAC),,not_provided_by_archive_index,"AOR = 30114560, date is start time.",06/33/70/01/WASP_19_b_3.11448_5869_280.tbl,1,3.6,3.6,NASA Exoplanet Archive spectra index
OBSERVED,135e5c45d0af049434f5,WASP-19 b,eclipse,Deming et al. 2023,2023AJ....165..104D,,Spitzer Space Telescope satellite,Infrared Array Camera (IRAC),,not_provided_by_archive_index,"AOR = 43970048, date is start time.",25/58/61/21/WASP_19_b_3.11448_5869_282.tbl,1,3.6,3.6,NASA Exoplanet Archive spectra index
OBSERVED,66179e2ec5f43e145ee3,WASP-19 b,eclipse,Deming et al. 2023,2023AJ....165..104D,,Spitzer Space Telescope satellite,Infrared Array Camera (IRAC),,not_provided_by_archive_index,"AOR = 43970560, date is start time.",25/96/17/34/WASP_19_b_3.11448_5869_284.tbl,1,4.5,4.5,NASA Exoplanet Archive spectra index
OBSERVED,06006476112feadb0d46,WASP-19 b,eclipse,Deming et al. 2023,2023AJ....165..104D,,Spitzer Space Telescope satellite,Infrared Array Camera (IRAC),,not_provided_by_archive_index,"AOR = 43970048, date is start time.",98/01/35/24/WASP_19_b_3.11448_5869_281.tbl,1,3.6,3.6,NASA Exoplanet Archive spectra index
OBSERVED,fbd3ac44ca2bec56c8a2,WASP-19 b,eclipse,Deming et al. 2023,2023AJ....165..104D,,Spitzer Space Telescope satellite,Infrared Array Camera (IRAC),,not_provided_by_archive_index,"AOR = 28981248, date is start time.",99/67/94/69/WASP_19_b_3.11448_5869_283.tbl,1,4.5,4.5,NASA Exoplanet Archive spectra index
OBSERVED,63ff9a2aa877c28ceb31,WASP-19 b,eclipse,Tumborang et al. 2024,2024AJ....168..296T,,Hubble Space Telescope satellite,Wide Field Camera 3,,not_provided_by_archive_index,Table 3,47/82/20/61/WASP_19_b_3.11448_5574_1.tbl,6,1.1752,1.5948,NASA Exoplanet Archive spectra index
OBSERVED,f3319af02e3e607e90e0,WASP-19 b,eclipse,Tumborang et al. 2024,2024AJ....168..296T,,Spitzer Space Telescope satellite,Infrared Array Camera (IRAC),,not_provided_by_archive_index,Measurements drawn from Anderson et al. (2013) and Wong et al. (2016) (Table 3),97/09/53/21/WASP_19_b_3.11448_5574_2.tbl,4,3.6,8,NASA Exoplanet Archive spectra index
OBSERVED,f1e34d8b552ebe30d9a2,WASP-19 b,transmission,Lendl et al. 2013,2013A&A...552A...2L,,European Southern Observatory (ESO) 0.6m TRAnsiting Planets and PlanetesImals Small Telescope (TRAPPIST) at La Silla Observatory,TRAPPISTCam,,not_provided_by_archive_index,,09/39/38/16/WASP_19_b_3.11448_3662_2.tbl,1,0.838,0.838,NASA Exoplanet Archive spectra index
OBSERVED,4b1af184927926691b6c,WASP-19 b,transmission,Lendl et al. 2013,2013A&A...552A...2L,,The Swiss Euler 1.2m Telescope,EulerCam,,not_provided_by_archive_index,,27/03/43/82/WASP_19_b_3.11448_3662_1.tbl,3,0.664,0.9124,NASA Exoplanet Archive spectra index
OBSERVED,cbc6218b44a8daa06403,WASP-19 b,transmission,Bean et al. 2013,2013ApJ...771..108B,,Carnegie Institution for Science (CIS) 6.5m Landon Clay Telescope at Las Campanas Observatory (LCO),MMIRS,,not_provided_by_archive_index,,44/11/06/65/WASP_19_b_3.11448_3586_1.tbl,9,1.29,2.3,NASA Exoplanet Archive spectra index
OBSERVED,552f6225411838f0ec24,WASP-19 b,transmission,Zhou et al. 2013,2013ApJ...774..118Z,,Las Cumbres Observatory Global Telescope Network (LCOGTN) 2m Faulkes Telescope South at Siding Spring Observatory (SSO),Merope 2Kx2K,,not_provided_by_archive_index,,45/42/66/53/WASP_19_b_3.11448_3426_2.tbl,1,0.866,0.866,NASA Exoplanet Archive spectra index
OBSERVED,ed180094c29bf0146f5c,WASP-19 b,transmission,Mandell et al. 2013,2013ApJ...779..128M,,Hubble Space Telescope satellite,Wide Field Camera 3,,not_provided_by_archive_index,,77/92/88/92/WASP_19_b_3.11448_3583_1.tbl,19,1.118,1.624,NASA Exoplanet Archive spectra index
OBSERVED,e712410ff4c1735d3d32,WASP-19 b,transmission,Tregloan-Reed et al. 2013,2013MNRAS.428.3671T,,New Technology Telescope,EFOSC2,,not_provided_by_archive_index,,24/64/97/81/WASP_19_b_3.11448_3648_1.tbl,3,0.6814,0.6814,NASA Exoplanet Archive spectra index
OBSERVED,36528a04259dbd856e11,WASP-19 b,transmission,Huitson et al. 2013,2013MNRAS.434.3252H,,Hubble Space Telescope satellite,Space Telescope Imaging Spectrograph,,not_provided_by_archive_index,,33/33/09/76/WASP_19_b_3.11448_3585_1.tbl,4,0.58,0.9295,NASA Exoplanet Archive spectra index
OBSERVED,d2286fee9a4fb64803c7,WASP-19 b,transmission,Huitson et al. 2013,2013MNRAS.434.3252H,,Hubble Space Telescope satellite,Wide Field Camera 3,,not_provided_by_archive_index,,87/83/47/14/WASP_19_b_3.11448_3585_2.tbl,6,1.137,1.637,NASA Exoplanet Archive spectra index
OBSERVED,171a454888a7a6dd670c,WASP-19 b,transmission,Mancini et al. 2013,2013MNRAS.436....2M,,0.3-m Perth Exoplanet Survey Telescope,,,not_provided_by_archive_index,,69/06/03/79/WASP_19_b_3.11448_3334_3.tbl,1,0.6469,0.6469,NASA Exoplanet Archive spectra index
OBSERVED,9fbc37c2b09ed79625d3,WASP-19 b,transmission,Mancini et al. 2013,2013MNRAS.436....2M,,Danish 1.54m telescope at European Southern Observatory,DFOSC imager,,not_provided_by_archive_index,,69/12/44/66/WASP_19_b_3.11448_3334_2.tbl,1,0.6469,0.6469,NASA Exoplanet Archive spectra index
OBSERVED,7862befdbdd0ccc10f04,WASP-19 b,transmission,Mancini et al. 2013,2013MNRAS.436....2M,,Max Planck Gesellschaft 2.2 meter Telescope at European Southern Observatory,GROND,,not_provided_by_archive_index,,73/37/34/13/WASP_19_b_3.11448_3334_1.tbl,4,0.4858,0.9222,NASA Exoplanet Archive spectra index
OBSERVED,5dca3bd3e7fc6d84afc0,WASP-19 b,transmission,Sedaghati et al. 2015,2015A&A...576L..11S,,European Southern Observatory (ESO) 8.2m Very Large Telescope (VLT) Antu (UT1) at Paranal Observatory,FORS2,,not_provided_by_archive_index,,18/71/37/70/WASP_19_b_3.11448_3652_1.tbl,27,0.56,0.82,NASA Exoplanet Archive spectra index
OBSERVED,45f9527a4187e47b4e9a,WASP-19 b,transmission,Wong et al. 2016,2016ApJ...823..122W,,Spitzer Space Telescope satellite,Infrared Array Camera (IRAC),,not_provided_by_archive_index,From Table 3,65/05/70/46/WASP_19_b_3.11448_3855_1.tbl,2,3.6,4.5,NASA Exoplanet Archive spectra index
OBSERVED,88f8bf86c3395fc7fffc,WASP-19 b,transmission,Sedaghati et al. 2017,2017Natur.549..238S,,European Southern Observatory (ESO) 8.2m Very Large Telescope (VLT) Antu (UT1) at Paranal Observatory,FORS2,,not_provided_by_archive_index,Figure 2; Blue dataset,20/91/66/44/WASP_19_b_3.11448_6025_1.tbl,35,0.44,0.61,NASA Exoplanet Archive spectra index
OBSERVED,1b2ba142f80c33a78a19,WASP-19 b,transmission,Sedaghati et al. 2017,2017Natur.549..238S,,European Southern Observatory (ESO) 8.2m Very Large Telescope (VLT) Antu (UT1) at Paranal Observatory,FORS2,,not_provided_by_archive_index,Figure 2; Green dataset,60/34/97/55/WASP_19_b_3.11448_6025_2.tbl,62,0.541,0.846,NASA Exoplanet Archive spectra index
OBSERVED,e1d69636d5a752ea317a,WASP-19 b,transmission,Sedaghati et al. 2017,2017Natur.549..238S,,European Southern Observatory (ESO) 8.2m Very Large Telescope (VLT) Antu (UT1) at Paranal Observatory,FORS2,,not_provided_by_archive_index,Figure 2; Red dataset,96/60/29/82/WASP_19_b_3.11448_6025_3.tbl,58,0.745,1.03,NASA Exoplanet Archive spectra index
OBSERVED,e03289b7c7e322d09243,WASP-19 b,transmission,Changeat et al. 2022,2022ApJS..260....3C,,Hubble Space Telescope satellite,Wide Field Camera 3,,not_provided_by_archive_index,Figure 2,42/27/14/56/WASP_19_b_3.11448_5219_87.tbl,25,1.1262,1.6295,NASA Exoplanet Archive spectra index
OBSERVED,b750ec6b8822e937743a,WASP-19 b,transmission,Edwards et al. 2023,2023ApJS..269...31E,,Hubble Space Telescope satellite,Wide Field Camera 3,,not_provided_by_archive_index,G141,68/58/57/03/WASP_19_b_3.11448_5286_66.tbl,25,1.1262,1.6295,NASA Exoplanet Archive spectra index
OBSERVED,559084e545e86a9a077a,WASP-19 b,transmission,Tumborang et al. 2024,2024AJ....168..296T,,Hubble Space Telescope satellite,Wide Field Camera 3,,not_provided_by_archive_index,Primary-transit (Table 3),76/39/42/03/WASP_19_b_3.11448_5574_3.tbl,6,1.1744,1.594,NASA Exoplanet Archive spectra index
OBSERVED,d39bf23f0ebe69097bf2,WASP-2 b,eclipse,Deming et al. 2023,2023AJ....165..104D,,Spitzer Space Telescope satellite,Infrared Array Camera (IRAC),,not_provided_by_archive_index,"AOR = 23445504, date is start time.",23/95/69/60/WASP_02_b_3.11457_5869_210.tbl,1,3.6,3.6,NASA Exoplanet Archive spectra index
OBSERVED,942323714c77c0cdc879,WASP-2 b,eclipse,Deming et al. 2023,2023AJ....165..104D,,Spitzer Space Telescope satellite,Infrared Array Camera (IRAC),,not_provided_by_archive_index,"AOR = 20952576, date is start time.",68/44/40/52/WASP_02_b_3.11457_5869_211.tbl,1,4.5,4.5,NASA Exoplanet Archive spectra index
OBSERVED,17580e3659e0c921fafb,WASP-2 b,transmission,Jiang et al. 2023,2023A&A...675A..62J,,Gran Telescopio CANARIAS 10.4m telescope,OSIRIS,,not_provided_by_archive_index,,89/64/25/47/WASP_2_b_3.11457_5312_1.tbl,40,0.53,0.92,NASA Exoplanet Archive spectra index
OBSERVED,dd562a37955c78076e35,WASP-21 b,eclipse,Deming et al. 2023,2023AJ....165..104D,,Spitzer Space Telescope satellite,Infrared Array Camera (IRAC),,not_provided_by_archive_index,"AOR = 42452480, date is start time.",23/90/00/98/WASP_21_b_3.11450_5869_287.tbl,1,4.5,4.5,NASA Exoplanet Archive spectra index
OBSERVED,a331d4c53dde3a2671c3,WASP-21 b,eclipse,Deming et al. 2023,2023AJ....165..104D,,Spitzer Space Telescope satellite,Infrared Array Camera (IRAC),,not_provided_by_archive_index,"AOR = 42451968, date is start time.",47/82/91/29/WASP_21_b_3.11450_5869_286.tbl,1,3.6,3.6,NASA Exoplanet Archive spectra index
OBSERVED,317afda0ba71bcb6111d,WASP-21 b,transmission,Chen et al. 2020,2020A&A...642A..54C,,Gran Telescopio CANARIAS 10.4m telescope,OSIRIS,,not_provided_by_archive_index,,17/28/62/00/WASP_21_b_3.11450_4694_1.tbl,37,0.529,0.903,NASA Exoplanet Archive spectra index
OBSERVED,92a81284c2f0aa9f8449,WASP-21 b,transmission,Alderson et al. 2020,2020MNRAS.497.5182A,,Isaac Newton Group (ING) 4.2m William Herschel Telescope (WHT) at Observatorio del Roque de los Muchachos,ACAM,,not_provided_by_archive_index,,72/94/10/60/WASP_21_b_3.11450_4707_1.tbl,25,0.4635,0.9,NASA Exoplanet Archive spectra index
OBSERVED,56904b0766924e86e051,WASP-21 b,transmission,Baxter et al. 2021,2021A&A...648A.127B,,Spitzer Space Telescope satellite,Infrared Array Camera (IRAC),,not_provided_by_archive_index,from Table 4,50/51/65/60/WASP_21_b_3.11450_6099_1.tbl,2,3.6,4.5,NASA Exoplanet Archive spectra index
OBSERVED,a255d4468d3dbcc54c41,WASP-24 b,eclipse,Smith et al. 2012,2012A&A...545A..93S,,Spitzer Space Telescope satellite,Infrared Array Camera (IRAC),,not_provided_by_archive_index,eclipse depth taken from Abstract,05/95/23/63/WASP_24_b_3.11452_4098_1.tbl,2,3.6,4.5,NASA Exoplanet Archive spectra index
OBSERVED,1521cd35e3c3053f4bed,WASP-24 b,eclipse,Deming et al. 2023,2023AJ....165..104D,,Spitzer Space Telescope satellite,Infrared Array Camera (IRAC),,not_provided_by_archive_index,"AOR = 39442944, date is start time.",75/26/28/64/WASP_24_b_3.11452_5869_289.tbl,1,4.5,4.5,NASA Exoplanet Archive spectra index
OBSERVED,b6750e910485504f88b9,WASP-24 b,eclipse,Deming et al. 2023,2023AJ....165..104D,,Spitzer Space Telescope satellite,Infrared Array Camera (IRAC),,not_provided_by_archive_index,"AOR = 39444224, date is start time.",92/56/29/88/WASP_24_b_3.11452_5869_288.tbl,1,3.6,3.6,NASA Exoplanet Archive spectra index
OBSERVED,55fcbb180be76b826b40,WASP-25 b,transmission,McGruder et al. 2023,2023AJ....166..120M,,Multiple Observatories,Multiple Instruments,,not_provided_by_archive_index,,21/88/11/46/WASP_25_b_3.11453_5311_1.tbl,31,0.4305,0.895,NASA Exoplanet Archive spectra index
OBSERVED,4c7d43b204efe8d71d68,WASP-26 b,eclipse,Mahtani et al. 2013,2013MNRAS.432..693M,,Spitzer Space Telescope satellite,Infrared Array Camera (IRAC),,not_provided_by_archive_index,eclipse depth taken from Abstract,71/71/93/68/WASP_26_b_3.11454_4112_1.tbl,2,3.6,4.5,NASA Exoplanet Archive spectra index
OBSERVED,9aca60bf98aaa1dc0549,WASP-26 b,eclipse,Deming et al. 2023,2023AJ....165..104D,,Spitzer Space Telescope satellite,Infrared Array Camera (IRAC),,not_provided_by_archive_index,"AOR = 39444736, date is start time.",43/46/13/67/WASP_26_b_3.11454_5869_290.tbl,1,3.6,3.6,NASA Exoplanet Archive spectra index
OBSERVED,0339023158021ad71bed,WASP-26 b,eclipse,Deming et al. 2023,2023AJ....165..104D,,Spitzer Space Telescope satellite,Infrared Array Camera (IRAC),,not_provided_by_archive_index,"AOR = 39443712, date is start time.",59/62/08/20/WASP_26_b_3.11454_5869_291.tbl,1,4.5,4.5,NASA Exoplanet Archive spectra index
OBSERVED,aee15f8b82c1705933ab,WASP-28 b,eclipse,Deming et al. 2023,2023AJ....165..104D,,Spitzer Space Telescope satellite,Infrared Array Camera (IRAC),,not_provided_by_archive_index,"AOR = 42453504, date is start time.",15/27/31/23/WASP_28_b_3.11455_5869_293.tbl,1,4.5,4.5,NASA Exoplanet Archive spectra index
OBSERVED,2e0b4cefda19816b81de,WASP-28 b,eclipse,Deming et al. 2023,2023AJ....165..104D,,Spitzer Space Telescope satellite,Infrared Array Camera (IRAC),,not_provided_by_archive_index,"AOR = 42452992, date is start time.",62/18/86/01/WASP_28_b_3.11455_5869_292.tbl,1,3.6,3.6,NASA Exoplanet Archive spectra index
OBSERVED,6b6b868952637bb3ce0d,WASP-29 b,eclipse,Wong et al. 2022,2022AJ....164...30W,,Spitzer Space Telescope satellite,Infrared Array Camera (IRAC),,not_provided_by_archive_index,"Table 6, Global Fit",95/96/16/69/WASP_29_b_3.11456_5547_5.tbl,2,3.6,4.5,NASA Exoplanet Archive spectra index
OBSERVED,4c815e1d686be1d63ffe,WASP-29 b,eclipse,Deming et al. 2023,2023AJ....165..104D,,Spitzer Space Telescope satellite,Infrared Array Camera (IRAC),,not_provided_by_archive_index,"AOR = 40283392, date is start time.",53/76/50/72/WASP_29_b_3.11456_5869_294.tbl,1,3.6,3.6,NASA Exoplanet Archive spectra index
OBSERVED,854441b1fb5d3452aa18,WASP-29 b,eclipse,Deming et al. 2023,2023AJ....165..104D,,Spitzer Space Telescope satellite,Infrared Array Camera (IRAC),,not_provided_by_archive_index,"AOR = 41631488, date is start time.",92/00/47/05/WASP_29_b_3.11456_5869_295.tbl,1,4.5,4.5,NASA Exoplanet Archive spectra index
OBSERVED,3979640840ea0430b4b0,WASP-29 b,transmission,Gibson et al. 2013,2013MNRAS.428.3680G,,Association of Universities for Research in Astronomy (AURA) 8.1m Gemini South Telescope at Cerro Pachon,GMOS,,not_provided_by_archive_index,,32/32/19/36/WASP_29_b_3.11456_3641_1.tbl,15,0.5211,0.7175,NASA Exoplanet Archive spectra index
OBSERVED,299d866fe65846da162e,WASP-29 b,transmission,Baxter et al. 2021,2021A&A...648A.127B,,Spitzer Space Telescope satellite,Infrared Array Camera (IRAC),,not_provided_by_archive_index,from Table 4,55/73/16/28/WASP_29_b_3.11456_6099_1.tbl,2,3.6,4.5,NASA Exoplanet Archive spectra index
OBSERVED,df4bd0ecf51d12c2973c,WASP-29 b,transmission,Wong et al. 2022,2022AJ....164...30W,,Hubble Space Telescope satellite,Space Telescope Imaging Spectrograph,,not_provided_by_archive_index,"Table 5, G750L",14/51/51/74/WASP_29_b_3.11456_5547_3.tbl,8,0.55,0.795,NASA Exoplanet Archive spectra index
OBSERVED,ab29ebb61e66a5927389,WASP-29 b,transmission,Wong et al. 2022,2022AJ....164...30W,,Hubble Space Telescope satellite,Space Telescope Imaging Spectrograph,,not_provided_by_archive_index,"Table 5, G430L",25/25/34/84/WASP_29_b_3.11456_5547_2.tbl,6,0.414,0.55,NASA Exoplanet Archive spectra index
OBSERVED,8fff914e60b1a248ffc5,WASP-29 b,transmission,Wong et al. 2022,2022AJ....164...30W,,Hubble Space Telescope satellite,Wide Field Camera 3,,not_provided_by_archive_index,"Table 5, G141",84/42/40/87/WASP_29_b_3.11456_5547_4.tbl,17,1.145,1.625,NASA Exoplanet Archive spectra index
OBSERVED,6439b93e1c3fd31e0d99,WASP-29 b,transmission,Wong et al. 2022,2022AJ....164...30W,,Spitzer Space Telescope satellite,Infrared Array Camera (IRAC),,not_provided_by_archive_index,Table 4,96/78/73/58/WASP_29_b_3.11456_5547_1.tbl,2,3.6,4.5,NASA Exoplanet Archive spectra index
OBSERVED,c4c7f1bb2de902844b4b,WASP-3 b,eclipse,Christiansen et al. 2011,2011ApJ...726...94C,,Deep Impact spacecraft,High Resolution Imager (HRI),,not_provided_by_archive_index,Table 6,32/47/91/31/WASP_3_b_3.11467_3153_1.tbl,1,0.65,0.65,NASA Exoplanet Archive spectra index
OBSERVED,2f56aff0c1da8bd2dab7,WASP-3 b,eclipse,Zhao et al. 2012,2012ApJ...748L...8Z,,California Institute of Technology 5.1m (200inch) Hale Telescope at Palomar Observatory,Wide-field InfraRed Camera (WIRC),,not_provided_by_archive_index,,53/37/43/83/WASP_3_b_3.11467_4101_1.tbl,1,2.15,2.15,NASA Exoplanet Archive spectra index
OBSERVED,42ac283b23bcffddbb6d,WASP-3 b,eclipse,Rostron et al. 2014,2014MNRAS.441.3666R,,Spitzer Space Telescope satellite,Infrared Array Camera (IRAC),,not_provided_by_archive_index,eclipse depth taken from Abstract,38/28/31/32/WASP_3_b_3.11467_3923_1.tbl,3,3.6,8,NASA Exoplanet Archive spectra index
OBSERVED,33943b4d8fdbca7c23d3,WASP-3 b,eclipse,Croll et al. 2015,2015ApJ...802...28C,,3.58m Canada-France-Hawaii Telescope (CFHT) at Mauna Kea Observatory,WIRCam,,not_provided_by_archive_index,"Table 5, WASP-3 Ks band combined, Actual Eclipse D",44/28/12/51/WASP_3_b_3.11467_4119_1.tbl,1,2.15,2.15,NASA Exoplanet Archive spectra index
OBSERVED,3bd813caf6babc03266d,WASP-3 b,eclipse,Deming et al. 2023,2023AJ....165..104D,,Spitzer Space Telescope satellite,Infrared Array Camera (IRAC),,not_provided_by_archive_index,"AOR = 31768320, date is start time.",06/34/93/79/WASP_03_b_3.11467_5869_212.tbl,1,3.6,3.6,NASA Exoplanet Archive spectra index
OBSERVED,6eea7ee51580b6bc8cc3,WASP-3 b,eclipse,Deming et al. 2023,2023AJ....165..104D,,Spitzer Space Telescope satellite,Infrared Array Camera (IRAC),,not_provided_by_archive_index,"AOR = 28331264, date is start time.",70/51/72/12/WASP_03_b_3.11467_5869_213.tbl,1,4.5,4.5,NASA Exoplanet Archive spectra index
OBSERVED,7676c89e86f4e119a32b,WASP-3 b,eclipse,Deming et al. 2023,2023AJ....165..104D,,Spitzer Space Telescope satellite,Infrared Array Camera (IRAC),,not_provided_by_archive_index,"AOR = 62166272, date is start time.",90/68/32/43/WASP_03_b_3.11467_5869_214.tbl,1,4.5,4.5,NASA Exoplanet Archive spectra index
OBSERVED,d2709db0ff7134da614d,WASP-3 b,transmission,Corrales et al. 2021,2021AJ....162..287C,,The Neil Gehrels Swift Observatory,UVOT,,not_provided_by_archive_index,from table 4; uvm2 filter,68/32/36/06/WASP_3_b_3.11467_6068_1.tbl,1,0.2246,0.2246,NASA Exoplanet Archive spectra index
OBSERVED,50cd868d9f65b6a5bffc,WASP-31 b,transmission,Sing et al. 2015,2015MNRAS.446.2428S,,Spitzer Space Telescope satellite,Infrared Array Camera (IRAC),,not_provided_by_archive_index,,62/23/36/28/WASP_31_b_3.11458_3639_1.tbl,2,3.6,4.5,NASA Exoplanet Archive spectra index
OBSERVED,154b9ec6bdda294aaf33,WASP-31 b,transmission,Sing et al. 2015,2015MNRAS.446.2428S,,Hubble Space Telescope satellite,Wide Field Camera 3,,not_provided_by_archive_index,,77/94/18/58/WASP_31_b_3.11458_3639_3.tbl,25,1.144,1.624,NASA Exoplanet Archive spectra index
OBSERVED,dfdfde6eb6f7a85014f4,WASP-31 b,transmission,Sing et al. 2015,2015MNRAS.446.2428S,,Hubble Space Telescope satellite,Space Telescope Imaging Spectrograph,,not_provided_by_archive_index,,79/51/26/52/WASP_31_b_3.11458_3639_2.tbl,36,0.33,0.9642,NASA Exoplanet Archive spectra index
OBSERVED,c67e23c553b11972b2f8,WASP-31 b,transmission,McGruder et al. 2020,2020AJ....160..230M,,Magellan I Walter Baade Telescope,IMACS spectrograph,,not_provided_by_archive_index,,85/11/70/27/WASP_31_b_3.11458_4705_1.tbl,30,0.4093,0.8983,NASA Exoplanet Archive spectra index
OBSERVED,2fe68a72e8f165c0f285,WASP-31 b,transmission,Baxter et al. 2021,2021A&A...648A.127B,,Spitzer Space Telescope satellite,Infrared Array Camera (IRAC),,not_provided_by_archive_index,from Table 4,45/32/12/96/WASP_31_b_3.11458_6099_1.tbl,2,3.6,4.5,NASA Exoplanet Archive spectra index
OBSERVED,6fceaf8aad788527d32b,WASP-32 b,eclipse,Deming et al. 2023,2023AJ....165..104D,,Spitzer Space Telescope satellite,Infrared Array Camera (IRAC),,not_provided_by_archive_index,"AOR = 39447296, date is start time.",83/63/20/44/WASP_32_b_3.11459_5869_297.tbl,1,4.5,4.5,NASA Exoplanet Archive spectra index
OBSERVED,2974d343344935982623,WASP-32 b,eclipse,Deming et al. 2023,2023AJ....165..104D,,Spitzer Space Telescope satellite,Infrared Array Camera (IRAC),,not_provided_by_archive_index,"AOR = 39447808, date is start time.",85/95/65/19/WASP_32_b_3.11459_5869_296.tbl,1,3.6,3.6,NASA Exoplanet Archive spectra index
OBSERVED,d5ff6512de9149e40925,WASP-32 b,transmission,Jiang et al. 2023,2023A&A...675A..62J,,Gran Telescopio CANARIAS 10.4m telescope,OSIRIS,,not_provided_by_archive_index,,48/63/34/36/WASP_32_b_3.11459_5312_1.tbl,40,0.53,0.92,NASA Exoplanet Archive spectra index
OBSERVED,7592dc759a50db1bd0cb,WASP-33 b,eclipse,Deming et al. 2012,2012ApJ...754..106D,,National Optical Astronomy Observatory (NOAO) 2.1 meter Telescope at Kitt Peak National Observatory (KPNO),FLAMINGOS imager,,not_provided_by_archive_index,Table 3,07/22/48/31/WASP_33_b_3.11460_4104_1.tbl,1,2.15,2.15,NASA Exoplanet Archive spectra index
OBSERVED,29867f9003187b225c31,WASP-33 b,eclipse,Deming et al. 2012,2012ApJ...754..106D,,Spitzer Space Telescope satellite,Infrared Array Camera (IRAC),,not_provided_by_archive_index,Table 3,32/21/88/31/WASP_33_b_3.11460_4104_2.tbl,2,3.6,4.5,NASA Exoplanet Archive spectra index
OBSERVED,1c5778b64133367af480,WASP-33 b,eclipse,de Mooij et al. 2013,2013A&A...550A..54D,,Isaac Newton Group (ING) 4.2m William Herschel Telescope (WHT) at Observatorio del Roque de los Muchachos,LIRIS,,not_provided_by_archive_index,eclipse depth taken from Abstract,14/24/89/96/WASP_33_b_3.11460_4106_1.tbl,1,2.15,2.15,NASA Exoplanet Archive spectra index
OBSERVED,2faabb64472415611cbf,WASP-33 b,eclipse,von Essen et al. 2015,2015A&A...584A..75V,,LBT Consortium Large Binocular Telescope (LBT) at Mount Graham International Observatory,Large Binocular Camera,,not_provided_by_archive_index,eclipse depth taken from Abstract,29/83/97/72/WASP_33_b_3.11460_4118_1.tbl,1,1.05,1.05,NASA Exoplanet Archive spectra index
OBSERVED,eefafcd3596ead27108b,WASP-33 b,eclipse,Haynes et al. 2015,2015ApJ...806..146H,,Hubble Space Telescope satellite,Wide Field Camera 3,,not_provided_by_archive_index,from Table 7; channel data; G141 grism,33/28/73/14/WASP_33_b_3.11460_4120_1.tbl,106,1.135,1.629,NASA Exoplanet Archive spectra index
OBSERVED,6da20f1b7c4e01119cc8,WASP-33 b,eclipse,Haynes et al. 2015,2015ApJ...806..146H,,Hubble Space Telescope satellite,Wide Field Camera 3,,not_provided_by_archive_index,from Table 8; binned data; G141 grism,51/91/17/00/WASP_33_b_3.11460_4120_2.tbl,11,1.155,1.606,NASA Exoplanet Archive spectra index
OBSERVED,e17e63fd92608f0cbc98,WASP-33 b,eclipse,Zhang et al. 2018,2018AJ....155...83Z,,Spitzer Space Telescope satellite,Infrared Array Camera (IRAC),,not_provided_by_archive_index,"from Table 2, 5",62/50/09/44/WASP_33_b_3.11460_4779_1.tbl,2,3.6,4.5,NASA Exoplanet Archive spectra index
OBSERVED,2dd0c183b214f295a8cb,WASP-33 b,eclipse,Changeat et al. 2022,2022ApJS..260....3C,,Hubble Space Telescope satellite,Wide Field Camera 3,,not_provided_by_archive_index,Figure 2,07/31/68/23/WASP_33_b_3.11460_5219_136.tbl,11,1.155,1.606,NASA Exoplanet Archive spectra index
OBSERVED,bb9a5107df5110393b3c,WASP-33 b,eclipse,Changeat et al. 2022,2022ApJS..260....3C,,Spitzer Space Telescope satellite,Infrared Array Camera (IRAC),,not_provided_by_archive_index,Figure 2,14/85/73/85/WASP_33_b_3.11460_5219_137.tbl,2,3.6,4.5,NASA Exoplanet Archive spectra index
OBSERVED,d25e20b2cc6424a0abc8,WASP-33 b,eclipse,Deming et al. 2023,2023AJ....165..104D,,Spitzer Space Telescope satellite,Infrared Array Camera (IRAC),,not_provided_by_archive_index,"AOR = 45383680, date is start time.",01/87/14/98/WASP_33_b_3.11460_5869_299.tbl,1,3.6,3.6,NASA Exoplanet Archive spectra index
OBSERVED,48f796ca036daf7ce906,WASP-33 b,eclipse,Deming et al. 2023,2023AJ....165..104D,,Spitzer Space Telescope satellite,Infrared Array Camera (IRAC),,not_provided_by_archive_index,"AOR = 39444480, date is start time.",17/16/43/90/WASP_33_b_3.11460_5869_301.tbl,1,4.5,4.5,NASA Exoplanet Archive spectra index
OBSERVED,cfcb99fa7129b3eb18f7,WASP-33 b,eclipse,Deming et al. 2023,2023AJ....165..104D,,Spitzer Space Telescope satellite,Infrared Array Camera (IRAC),,not_provided_by_archive_index,AOR = 35383424.,40/08/37/55/WASP_33_b_3.11460_5869_300.tbl,1,4.5,4.5,NASA Exoplanet Archive spectra index
OBSERVED,da7032e444949523ed3d,WASP-33 b,eclipse,Deming et al. 2023,2023AJ....165..104D,,Spitzer Space Telescope satellite,Infrared Array Camera (IRAC),,not_provided_by_archive_index,AOR = 39446760.,67/24/38/29/WASP_33_b_3.11460_5869_298.tbl,1,3.6,3.6,NASA Exoplanet Archive spectra index
OBSERVED,29b2f589d94573395aec,WASP-33 b,transmission,Zhang et al. 2018,2018AJ....155...83Z,,Spitzer Space Telescope satellite,Infrared Array Camera (IRAC),,not_provided_by_archive_index,from Table 2,13/03/91/08/WASP_33_b_3.11460_4779_2.tbl,2,3.6,4.5,NASA Exoplanet Archive spectra index
OBSERVED,2a44cd7bed79105ff60c,WASP-33 b,transmission,von Essen et al. 2019,2019A&A...622A..71V,,Gran Telescopio CANARIAS 10.4m telescope,OSIRIS,,not_provided_by_archive_index,,49/75/29/65/WASP_33_b_3.11460_4616_1.tbl,32,0.4303,0.869,NASA Exoplanet Archive spectra index
OBSERVED,fbf0895a4bfcf1e5090d,WASP-34 b,eclipse,Deming et al. 2023,2023AJ....165..104D,,Spitzer Space Telescope satellite,Infrared Array Camera (IRAC),,not_provided_by_archive_index,"AOR = 67662336, date is start time.",08/10/88/75/WASP_34_b_3.11461_5869_304.tbl,1,4.5,4.5,NASA Exoplanet Archive spectra index
OBSERVED,05c5fac8825861bfb704,WASP-34 b,eclipse,Deming et al. 2023,2023AJ....165..104D,,Spitzer Space Telescope satellite,Infrared Array Camera (IRAC),,not_provided_by_archive_index,"AOR = 39442432, date is start time.",16/40/87/74/WASP_34_b_3.11461_5869_302.tbl,1,3.6,3.6,NASA Exoplanet Archive spectra index
OBSERVED,176f2a92fb07b34bf10d,WASP-34 b,eclipse,Deming et al. 2023,2023AJ....165..104D,,Spitzer Space Telescope satellite,Infrared Array Camera (IRAC),,not_provided_by_archive_index,"AOR = 39447552, date is start time.",45/79/82/74/WASP_34_b_3.11461_5869_303.tbl,1,4.5,4.5,NASA Exoplanet Archive spectra index
OBSERVED,1d025bc69e160111c4bf,WASP-34 b,eclipse,Deming et al. 2023,2023AJ....165..104D,,Spitzer Space Telescope satellite,Infrared Array Camera (IRAC),,not_provided_by_archive_index,"AOR = 71326208, date is start time.",75/30/11/59/WASP_34_b_3.11461_5869_305.tbl,1,4.5,4.5,NASA Exoplanet Archive spectra index
OBSERVED,b42d101821330dc795eb,WASP-35 b,eclipse,Deming et al. 2023,2023AJ....165..104D,,Spitzer Space Telescope satellite,Infrared Array Camera (IRAC),,not_provided_by_archive_index,"AOR = 39446016, date is start time.",49/51/75/91/WASP_35_b_3.11462_5869_306.tbl,1,3.6,3.6,NASA Exoplanet Archive spectra index
OBSERVED,ed7337064e506c6f8a76,WASP-35 b,eclipse,Deming et al. 2023,2023AJ....165..104D,,Spitzer Space Telescope satellite,Infrared Array Camera (IRAC),,not_provided_by_archive_index,"AOR = 39444992, date is start time.",63/20/89/13/WASP_35_b_3.11462_5869_307.tbl,1,4.5,4.5,NASA Exoplanet Archive spectra index
OBSERVED,c31b0eebc05f8572a41c,WASP-36 b,eclipse,Zhou et al. 2015,2015MNRAS.454.3002Z,,Australian National University (ANU) 3.9m Anglo-Australian Telescope (AAT) at Siding Spring Observatory (SSO),IRIS2,,not_provided_by_archive_index,Table 2,77/84/36/72/WASP_36_b_3.11463_4122_1.tbl,1,2.159,2.159,NASA Exoplanet Archive spectra index
OBSERVED,39aaa77c51764a609d7c,WASP-36 b,eclipse,Garhart et al. 2020,2020AJ....159..137G,,Spitzer Space Telescope satellite,Infrared Array Camera (IRAC),,not_provided_by_archive_index,Table 1 & 6,03/76/30/41/WASP_36_b_3.11463_5410_16.tbl,2,3.6,4.5,NASA Exoplanet Archive spectra index
OBSERVED,699158acc423b1b37304,WASP-36 b,eclipse,Deming et al. 2023,2023AJ....165..104D,,Spitzer Space Telescope satellite,Infrared Array Camera (IRAC),,not_provided_by_archive_index,"AOR = 51829504, date is start time.",22/30/35/42/WASP_36_b_3.11463_5869_308.tbl,1,3.6,3.6,NASA Exoplanet Archive spectra index
OBSERVED,a6724cfa7191c207e92d,WASP-36 b,eclipse,Deming et al. 2023,2023AJ....165..104D,,Spitzer Space Telescope satellite,Infrared Array Camera (IRAC),,not_provided_by_archive_index,"AOR = 51827456, date is start time.",72/94/74/10/WASP_36_b_3.11463_5869_309.tbl,1,4.5,4.5,NASA Exoplanet Archive spectra index
OBSERVED,e4ac426222a0cadf3d14,WASP-36 b,transmission,Baxter et al. 2021,2021A&A...648A.127B,,Spitzer Space Telescope satellite,Infrared Array Camera (IRAC),,not_provided_by_archive_index,from Table 4,23/21/04/44/WASP_36_b_3.11463_6099_1.tbl,2,3.6,4.5,NASA Exoplanet Archive spectra index
OBSERVED,d52d87f54020bc0d31bc,WASP-36 b,transmission,Jiang et al. 2023,2023A&A...675A..62J,,Gran Telescopio CANARIAS 10.4m telescope,OSIRIS,,not_provided_by_archive_index,,72/40/57/01/WASP_36_b_3.11463_5312_1.tbl,40,0.53,0.92,NASA Exoplanet Archive spectra index
OBSERVED,627b221a5378d87c87b3,WASP-37 b,eclipse,Deming et al. 2023,2023AJ....165..104D,,Spitzer Space Telescope satellite,Infrared Array Camera (IRAC),,not_provided_by_archive_index,"AOR = 42454016, date is start time.",26/22/86/67/WASP_37_b_3.11464_5869_310.tbl,1,3.6,3.6,NASA Exoplanet Archive spectra index
OBSERVED,4712cc9d016cbb5dda78,WASP-37 b,eclipse,Deming et al. 2023,2023AJ....165..104D,,Spitzer Space Telescope satellite,Infrared Array Camera (IRAC),,not_provided_by_archive_index,"AOR = 42454528, date is start time.",42/67/26/38/WASP_37_b_3.11464_5869_311.tbl,1,4.5,4.5,NASA Exoplanet Archive spectra index
OBSERVED,4dbe251fc501d6aba9a2,WASP-38 b,eclipse,Deming et al. 2023,2023AJ....165..104D,,Spitzer Space Telescope satellite,Infrared Array Camera (IRAC),,not_provided_by_archive_index,"AOR = 45676032, date is start time.",49/69/82/42/WASP_38_b_3.11465_5869_312.tbl,1,4.5,4.5,NASA Exoplanet Archive spectra index
OBSERVED,20ce052b8fea46eeec6b,WASP-39 b,eclipse,Kammer et al. 2015,2015ApJ...810..118K,,Spitzer Space Telescope satellite,Infrared Array Camera (IRAC),,not_provided_by_archive_index,Table 3,45/23/09/89/WASP_39_b_3.11466_4121_1.tbl,2,3.6,4.5,NASA Exoplanet Archive spectra index
OBSERVED,1f79e6087076dc5a5cec,WASP-39 b,eclipse,Deming et al. 2023,2023AJ....165..104D,,Spitzer Space Telescope satellite,Infrared Array Camera (IRAC),,not_provided_by_archive_index,"AOR = 42804992, date is start time.",65/97/77/27/WASP_39_b_3.11466_5869_313.tbl,1,3.6,3.6,NASA Exoplanet Archive spectra index
OBSERVED,b54260711e76d991e90d,WASP-39 b,eclipse,Deming et al. 2023,2023AJ....165..104D,,Spitzer Space Telescope satellite,Infrared Array Camera (IRAC),,not_provided_by_archive_index,"AOR = 42804736, date is start time.",75/22/68/42/WASP_39_b_3.11466_5869_314.tbl,1,4.5,4.5,NASA Exoplanet Archive spectra index
OBSERVED,38207784af431d59441e,WASP-39 b,transmission,Ricci et al. 2015,2015PASP..127..143R,,Observatorio Astronomico Nacional's 2.1m Telescope,Marconi CCD,,not_provided_by_archive_index,,27/98/69/00/WASP_39_b_3.11466_3491_1.tbl,1,0.354,0.354,NASA Exoplanet Archive spectra index
OBSERVED,e1ede563461afa2c3d5f,WASP-39 b,transmission,Ricci et al. 2015,2015PASP..127..143R,,Observatorio Astronomico Nacional's 0.84m Telescope,Mexman,,not_provided_by_archive_index,,88/05/90/99/WASP_39_b_3.11466_3491_2.tbl,2,0.634,0.804,NASA Exoplanet Archive spectra index
OBSERVED,3771e2d7ce46066f9764,WASP-39 b,transmission,Fischer et al. 2016,2016ApJ...827...19F,,Spitzer Space Telescope satellite,Infrared Array Camera (IRAC),,not_provided_by_archive_index,,40/07/33/40/WASP_39_b_3.11466_3868_1.tbl,2,3.6,4.5,NASA Exoplanet Archive spectra index
OBSERVED,c2122215db45dd461043,WASP-39 b,transmission,Fischer et al. 2016,2016ApJ...827...19F,,Hubble Space Telescope satellite,Space Telescope Imaging Spectrograph,,not_provided_by_archive_index,,80/70/32/30/WASP_39_b_3.11466_3868_2.tbl,33,0.33,0.96,NASA Exoplanet Archive spectra index
OBSERVED,93a6ccab00ad84a4acc9,WASP-39 b,transmission,Nikolov et al. 2016,2016ApJ...832..191N,,European Southern Observatory (ESO) 8.2m Very Large Telescope (VLT) Antu (UT1) at Paranal Observatory,FORS2,,not_provided_by_archive_index,,68/86/51/20/WASP_39_b_3.11466_3939_1.tbl,28,0.418,0.79,NASA Exoplanet Archive spectra index
OBSERVED,fc22540870cc5fb0d06b,WASP-39 b,transmission,Sing et al. 2016,2016Natur.529...59S,,Spitzer Space Telescope satellite,Infrared Array Camera (IRAC),,not_provided_by_archive_index,,65/39/94/57/WASP_39_b_3.11466_3717_1.tbl,2,3.56,4.5,NASA Exoplanet Archive spectra index
OBSERVED,4a3c351dd7d23edc23c1,WASP-39 b,transmission,Sing et al. 2016,2016Natur.529...59S,,Hubble Space Telescope satellite,Space Telescope Imaging Spectrograph,,not_provided_by_archive_index,,97/09/63/32/WASP_39_b_3.11466_3717_2.tbl,33,0.33,0.965,NASA Exoplanet Archive spectra index
OBSERVED,79b20f0ad4271ff0f4e4,WASP-39 b,transmission,Wakeford et al. 2018,2018AJ....155...29W,,Hubble Space Telescope satellite,Wide Field Camera 3,,not_provided_by_archive_index,,36/05/64/60/WASP_39_b_3.11466_4132_1.tbl,36,0.8225,1.6435,NASA Exoplanet Archive spectra index
OBSERVED,bcbd318cd7e7c3e42320,WASP-39 b,transmission,Baxter et al. 2021,2021A&A...648A.127B,,Spitzer Space Telescope satellite,Infrared Array Camera (IRAC),,not_provided_by_archive_index,from Table 4,38/18/20/20/WASP_39_b_3.11466_6099_1.tbl,2,3.6,4.5,NASA Exoplanet Archive spectra index
OBSERVED,60fe31ee2fa088840bbd,WASP-39 b,transmission,JWST Transiting Exoplanet Community ERS Team 2022,2022arXiv220811692T,,NASA 6.5m James Webb Space Telescope (JWST) Satellite Mission,Near Infrared Spectrograph (NIRSpec),,not_provided_by_archive_index,Eureka! pipeline,34/24/95/24/WASP_39_b_3.11466_4988_1.tbl,94,3.0085,5.288,NASA Exoplanet Archive spectra index
OBSERVED,fb721fb06e6473392f6e,WASP-39 b,transmission,JWST Transiting Exoplanet Community ERS Team 2022,2022arXiv220811692T,,NASA 6.5m James Webb Space Telescope (JWST) Satellite Mission,Near Infrared Spectrograph (NIRSpec),,not_provided_by_archive_index,tshirt pipeline,44/68/81/89/WASP_39_b_3.11466_4988_3.tbl,67,3.017,5.465,NASA Exoplanet Archive spectra index
OBSERVED,6d869d64ed06baafc58a,WASP-39 b,transmission,JWST Transiting Exoplanet Community ERS Team 2022,2022arXiv220811692T,,NASA 6.5m James Webb Space Telescope (JWST) Satellite Mission,Near Infrared Spectrograph (NIRSpec),,not_provided_by_archive_index,Tiberius pipeline,66/84/49/13/WASP_39_b_3.11466_4988_4.tbl,243,3.0007,5.3405,NASA Exoplanet Archive spectra index
OBSERVED,59198547579f47285792,WASP-39 b,transmission,JWST Transiting Exoplanet Community ERS Team 2022,2022arXiv220811692T,,NASA 6.5m James Webb Space Telescope (JWST) Satellite Mission,Near Infrared Spectrograph (NIRSpec),,not_provided_by_archive_index,FIREFLy pipeline,74/45/82/95/WASP_39_b_3.11466_4988_2.tbl,95,3.0139,5.5476,NASA Exoplanet Archive spectra index
OBSERVED,da1f7708a87b595be3bd,WASP-39 b,transmission,Jiang et al. 2023,2023A&A...675A..62J,,Gran Telescopio CANARIAS 10.4m telescope,OSIRIS,,not_provided_by_archive_index,,38/78/69/17/WASP_39_b_3.11466_5312_1.tbl,31,0.43,0.78,NASA Exoplanet Archive spectra index
OBSERVED,7c4eee74291f7a4f4324,WASP-39 b,transmission,Panek et al. 2023,2023A&A...677A..51P,,Hubble Space Telescope satellite,Wide Field Camera 3,,not_provided_by_archive_index,,07/98/49/41/WASP_39_b_3.11466_5295_1.tbl,20,1.0994,1.6616,NASA Exoplanet Archive spectra index
OBSERVED,6e4bed865c663b06f3e5,WASP-39 b,transmission,Ahrer et al. 2023,2023Natur.614..653A,,NASA 6.5m James Webb Space Telescope (JWST) Satellite Mission,Near Infrared Camera (NIRCam),,not_provided_by_archive_index,,88/18/58/62/WASP_39_b_3.11466_5040_1.tbl,107,2.4275,4.0175,NASA Exoplanet Archive spectra index
OBSERVED,4b5bb94590731911fd62,WASP-39 b,transmission,Rustamkulov et al. 2023,2023Natur.614..659R,,NASA 6.5m James Webb Space Telescope (JWST) Satellite Mission,Near Infrared Spectrograph (NIRSpec) - PRISM,,not_provided_by_archive_index,,48/21/79/45/WASP_39_b_3.11466_5087_1.tbl,207,0.5315,5.3441,NASA Exoplanet Archive spectra index
OBSERVED,108c91a768b945d05465,WASP-39 b,transmission,Alderson et al. 2023,2023Natur.614..664A,,NASA 6.5m James Webb Space Telescope (JWST) Satellite Mission,Near Infrared Spectrograph (NIRSpec) - G395H,,not_provided_by_archive_index,,90/40/28/43/WASP_39_b_3.11466_5077_1.tbl,344,2.7629,5.1691,NASA Exoplanet Archive spectra index
OBSERVED,a507444deca5cb78ba4a,WASP-39 b,transmission,Feinstein et al. 2023,2023Natur.614..670F,,NASA 6.5m James Webb Space Telescope (JWST) Satellite Mission,Near Infrared Imager and Slitless Spectrograph (NIRISS),,not_provided_by_archive_index,,74/34/80/11/WASP_39_b_3.11466_5078_1.tbl,331,0.631,2.7965,NASA Exoplanet Archive spectra index
OBSERVED,47acabde99897e2b6f7f,WASP-39 b,transmission,Carter et al. 2024,2024NatAs...8.1008C,,NASA 6.5m James Webb Space Telescope (JWST) Satellite Mission,Near Infrared Spectrograph (NIRSpec),,not_provided_by_archive_index,"G395H NRS2, R=100, limb darkening parameters fixed",24/13/86/82/WASP_39_b_3.11466_5502_5.tbl,29,3.8486,5.1279,NASA Exoplanet Archive spectra index
OBSERVED,a100c2b4209a13b802a4,WASP-39 b,transmission,Carter et al. 2024,2024NatAs...8.1008C,,NASA 6.5m James Webb Space Telescope (JWST) Satellite Mission,Near Infrared Spectrograph (NIRSpec),,not_provided_by_archive_index,"PRISM, Native resolution, limb darkening parameters fixed, with dilution correction",40/24/96/78/WASP_39_b_3.11466_5502_6.tbl,147,0.5213,5.3441,NASA Exoplanet Archive spectra index
OBSERVED,050bc36ff14a2a21da0d,WASP-39 b,transmission,Carter et al. 2024,2024NatAs...8.1008C,,NASA 6.5m James Webb Space Telescope (JWST) Satellite Mission,Near Infrared Camera (NIRCam),,not_provided_by_archive_index,"F322W2, R=100, limb darkening parameters fixed",44/51/89/99/WASP_39_b_3.11466_5502_1.tbl,49,2.4328,3.9883,NASA Exoplanet Archive spectra index
OBSERVED,71aae30c425154e44f67,WASP-39 b,transmission,Carter et al. 2024,2024NatAs...8.1008C,,NASA 6.5m James Webb Space Telescope (JWST) Satellite Mission,Near Infrared Imager and Slitless Spectrograph (NIRISS),,not_provided_by_archive_index,"SOSS Order 2, R=100, limb darkening parameters fixed",79/08/90/61/WASP_39_b_3.11466_5502_3.tbl,27,0.633,0.8484,NASA Exoplanet Archive spectra index
OBSERVED,fe282615bc47f2939513,WASP-39 b,transmission,Carter et al. 2024,2024NatAs...8.1008C,,NASA 6.5m James Webb Space Telescope (JWST) Satellite Mission,Near Infrared Spectrograph (NIRSpec),,not_provided_by_archive_index,"G395H NRS1, R=100, limb darkening parameters fixed",80/33/90/66/WASP_39_b_3.11466_5502_4.tbl,30,2.7388,3.6865,NASA Exoplanet Archive spectra index
OBSERVED,c72e166fb4b4995c1470,WASP-39 b,transmission,Carter et al. 2024,2024NatAs...8.1008C,,NASA 6.5m James Webb Space Telescope (JWST) Satellite Mission,Near Infrared Imager and Slitless Spectrograph (NIRISS),,not_provided_by_archive_index,"SOSS Order 1, R=100, limb darkening parameters fixed",84/82/56/56/WASP_39_b_3.11466_5502_2.tbl,108,0.8771,2.8048,NASA Exoplanet Archive spectra index
OBSERVED,924fdb4e53330e88070a,WASP-39 b,transmission,Powell et al. 2024,2024Natur.626..979P,,NASA 6.5m James Webb Space Telescope (JWST) Satellite Mission,Mid-Infrared Instrument (MIRI) - LRS,,not_provided_by_archive_index,Tiberius Pipeline,23/13/78/90/WASP_39_b_3.11466_5352_2.tbl,26,5.125,11.375,NASA Exoplanet Archive spectra index
OBSERVED,fac7f0acb87534ab190f,WASP-39 b,transmission,Powell et al. 2024,2024Natur.626..979P,,NASA 6.5m James Webb Space Telescope (JWST) Satellite Mission,Mid-Infrared Instrument (MIRI) - LRS,,not_provided_by_archive_index,SPARTA Pipeline,39/42/53/41/WASP_39_b_3.11466_5352_1.tbl,28,5.125,11.875,NASA Exoplanet Archive spectra index
OBSERVED,9dfbd0c6b4a492025c0a,WASP-39 b,transmission,Powell et al. 2024,2024Natur.626..979P,,NASA 6.5m James Webb Space Telescope (JWST) Satellite Mission,Mid-Infrared Instrument (MIRI) - LRS,,not_provided_by_archive_index,Eureka Pipeline,92/32/34/11/WASP_39_b_3.11466_5352_3.tbl,28,5.125,11.875,NASA Exoplanet Archive spectra index
OBSERVED,7e54be0e86a805223a21,WASP-4 b,eclipse,C&aacute;ceres et al. 2011,2011A&A...530A...5C,,European Southern Observatory (ESO) 8.2m Very Large Telescope (VLT) Melipal (UT3) at Paranal Observatory,ISAAC,,not_provided_by_archive_index,,40/91/59/43/WASP_4_b_3.11474_4092_1.tbl,1,2.2,2.2,NASA Exoplanet Archive spectra index
OBSERVED,06036f41621cd8bd012d,WASP-4 b,eclipse,Beerer et al. 2011,2011ApJ...727...23B,,Spitzer Space Telescope satellite,Infrared Array Camera (IRAC),,not_provided_by_archive_index,Table 1,79/72/76/16/WASP_4_b_3.11474_4095_1.tbl,2,3.6,4.5,NASA Exoplanet Archive spectra index
OBSERVED,08b19609bd2340642000,WASP-4 b,eclipse,Zhou et al. 2015,2015MNRAS.454.3002Z,,Australian National University (ANU) 3.9m Anglo-Australian Telescope (AAT) at Siding Spring Observatory (SSO),IRIS2,,not_provided_by_archive_index,Table 2,47/92/99/57/WASP_4_b_3.11474_4122_1.tbl,1,2.159,2.159,NASA Exoplanet Archive spectra index
OBSERVED,9fa4297d9a3260077215,WASP-4 b,eclipse,Changeat et al. 2022,2022ApJS..260....3C,,Hubble Space Telescope satellite,Wide Field Camera 3,,not_provided_by_archive_index,Figure 2,60/49/89/28/WASP_4_b_3.11474_5219_140.tbl,18,1.1262,1.6237,NASA Exoplanet Archive spectra index
OBSERVED,9e307496f332086c1a61,WASP-4 b,eclipse,Changeat et al. 2022,2022ApJS..260....3C,,Spitzer Space Telescope satellite,Infrared Array Camera (IRAC),,not_provided_by_archive_index,Figure 2,82/74/09/58/WASP_4_b_3.11474_5219_141.tbl,2,3.6,4.5,NASA Exoplanet Archive spectra index
OBSERVED,b904e02b691c3b3acc44,WASP-4 b,eclipse,Deming et al. 2023,2023AJ....165..104D,,Spitzer Space Telescope satellite,Infrared Array Camera (IRAC),,not_provided_by_archive_index,"AOR = 31768576, date is start time.",53/52/96/40/WASP_04_b_3.11474_5869_215.tbl,1,3.6,3.6,NASA Exoplanet Archive spectra index
OBSERVED,dbd12a924124f9f2d9c5,WASP-4 b,eclipse,Deming et al. 2023,2023AJ....165..104D,,Spitzer Space Telescope satellite,Infrared Array Camera (IRAC),,not_provided_by_archive_index,"AOR = 31764480, date is start time.",88/67/87/77/WASP_04_b_3.11474_5869_216.tbl,1,4.5,4.5,NASA Exoplanet Archive spectra index
OBSERVED,0608adeb47b6a06e9ed2,WASP-4 b,transmission,Hoyer et al. 2013,2013MNRAS.434...46H,,The Small and Medium Research Telescope System (SMARTS) Yale 1.0m Telescope at Cerro Tololo Inter-American Observatory (CTIO),Y4KCam,,not_provided_by_archive_index,,28/28/22/40/WASP_4_b_3.11474_4001_2.tbl,9,0.6469,0.8665,NASA Exoplanet Archive spectra index
OBSERVED,03a0c1aa4c1d02dceebf,WASP-4 b,transmission,Hoyer et al. 2013,2013MNRAS.434...46H,,4.1m Southern Astrophysical Research (SOAR) Telescope at Cerro Pachon,SOI,,not_provided_by_archive_index,,56/02/67/21/WASP_4_b_3.11474_4001_1.tbl,3,0.8665,0.8665,NASA Exoplanet Archive spectra index
OBSERVED,39a91d5a6208a0a8e495,WASP-4 b,transmission,Huitson et al. 2017,2017AJ....154...95H,,Association of Universities for Research in Astronomy (AURA) 8.1m Gemini South Telescope at Cerro Pachon,GMOS,,not_provided_by_archive_index,,97/93/03/06/WASP_4_b_3.11474_4002_1.tbl,4,0.525,0.7125,NASA Exoplanet Archive spectra index
OBSERVED,74ac0bc24fbcc54fa699,WASP-4 b,transmission,Baxter et al. 2021,2021A&A...648A.127B,,Spitzer Space Telescope satellite,Infrared Array Camera (IRAC),,not_provided_by_archive_index,from Table 4,89/91/98/77/WASP_4_b_3.11474_6099_1.tbl,2,3.6,4.5,NASA Exoplanet Archive spectra index
OBSERVED,c7aedb66b8becef9df4b,WASP-43 b,eclipse,Gillon et al. 2012,2012A&A...542A...4G,,European Southern Observatory (ESO) 8.2m Very Large Telescope (VLT) Yepun at Paranal Observatory,HAWK-I,,not_provided_by_archive_index,Table 5,51/66/22/48/WASP_43_b_3.11469_4097_1.tbl,2,1.186,2.095,NASA Exoplanet Archive spectra index
OBSERVED,df7a4ee7a90a2a1e6742,WASP-43 b,eclipse,Gillon et al. 2012,2012A&A...542A...4G,,European Southern Observatory (ESO) 0.6m TRAnsiting Planets and PlanetesImals Small Telescope (TRAPPIST) at La Silla Observatory,TRAPPISTCam,,not_provided_by_archive_index,Table 5,79/57/03/73/WASP_43_b_3.11469_4097_2.tbl,1,0.9159,0.9159,NASA Exoplanet Archive spectra index
OBSERVED,d4c4ec80d696df52ffab,WASP-43 b,eclipse,Wang et al. 2013,2013ApJ...770...70W,,3.58m Canada-France-Hawaii Telescope (CFHT) at Mauna Kea Observatory,WIRCam,,not_provided_by_archive_index,eclipse depth taken from Abstract,58/36/42/22/WASP_43_b_3.11469_4108_1.tbl,2,1.631,2.146,NASA Exoplanet Archive spectra index
OBSERVED,1b36cdf3bfc95b69b168,WASP-43 b,eclipse,Chen et al. 2014,2014A&A...563A..40C,,European Southern Observatory (ESO)/Max Planck Gesellschaft (MPG) 2.2m Telescope at La Silla Observatory,GROND,,not_provided_by_archive_index,eclipse depth taken from Abstract,78/57/33/47/WASP_43_b_3.11469_3425_1.tbl,2,0.763,2.19,NASA Exoplanet Archive spectra index
OBSERVED,486f4b92c64d3ab33ddb,WASP-43 b,eclipse,Kreidberg et al. 2014,2014ApJ...793L..27K,,Hubble Space Telescope satellite,Wide Field Camera 3,,not_provided_by_archive_index,Table 1,76/59/30/63/WASP_43_b_3.11469_3638_1.tbl,15,1.1425,1.6325,NASA Exoplanet Archive spectra index
OBSERVED,a9beca9d514e53053836,WASP-43 b,eclipse,Zhou et al. 2014,2014MNRAS.445.2746Z,,Australian National University (ANU) 3.9m Anglo-Australian Telescope (AAT) at Siding Spring Observatory (SSO),IRIS2,,not_provided_by_archive_index,Table 3,78/67/83/33/WASP_43_b_3.11469_4116_1.tbl,1,2.144,2.144,NASA Exoplanet Archive spectra index
OBSERVED,738936ea6e7865152a5e,WASP-43 b,eclipse,Stevenson et al. 2017,2017AJ....153...68S,,Spitzer Space Telescope satellite,Infrared Array Camera (IRAC),,not_provided_by_archive_index,from Table 3,16/80/09/91/WASP_43_b_3.11469_6042_1.tbl,2,3.6,4.5,NASA Exoplanet Archive spectra index
OBSERVED,e196e1bb266b45fec51d,WASP-43 b,eclipse,Garhart et al. 2020,2020AJ....159..137G,,Spitzer Space Telescope satellite,Infrared Array Camera (IRAC),,not_provided_by_archive_index,Table 1 & 6,62/35/31/59/WASP_43_b_3.11469_5410_17.tbl,2,3.6,4.5,NASA Exoplanet Archive spectra index
OBSERVED,643cd3281203f291d55c,WASP-43 b,eclipse,May &amp; Stevenson 2020,2020AJ....160..140M,,Spitzer Space Telescope satellite,Infrared Array Camera (IRAC),,not_provided_by_archive_index,from Table 1,83/28/14/84/WASP_43_b_3.11469_6038_1.tbl,1,4.5,4.5,NASA Exoplanet Archive spectra index
OBSERVED,1295566a2bcbdb92c1a0,WASP-43 b,eclipse,Fraine et al. 2021,2021AJ....161..269F,,Hubble Space Telescope satellite,Wide Field Camera 3,,not_provided_by_archive_index,from Section 3; UVIS F350LP filter,37/63/04/69/WASP_43_b_3.11469_6022_1.tbl,1,0.584,0.584,NASA Exoplanet Archive spectra index
OBSERVED,662ff30306c604413ae0,WASP-43 b,eclipse,Changeat et al. 2022,2022ApJS..260....3C,,Spitzer Space Telescope satellite,Infrared Array Camera (IRAC),,not_provided_by_archive_index,Figure 2,44/93/08/36/WASP_43_b_3.11469_5219_139.tbl,2,3.6,4.5,NASA Exoplanet Archive spectra index
OBSERVED,6672f154b39dbedd96eb,WASP-43 b,eclipse,Changeat et al. 2022,2022ApJS..260....3C,,Hubble Space Telescope satellite,Wide Field Camera 3,,not_provided_by_archive_index,Figure 2,52/97/45/23/WASP_43_b_3.11469_5219_138.tbl,25,1.1263,1.6295,NASA Exoplanet Archive spectra index
OBSERVED,d9635173485768d8ab3b,WASP-43 b,eclipse,Deming et al. 2023,2023AJ....165..104D,,Spitzer Space Telescope satellite,Infrared Array Camera (IRAC),,not_provided_by_archive_index,"AOR = 57744384, date is start time.",03/51/38/77/WASP_43_b_3.11469_5869_318.tbl,1,3.6,3.6,NASA Exoplanet Archive spectra index
OBSERVED,58eaf104cea6b83c6c4b,WASP-43 b,eclipse,Deming et al. 2023,2023AJ....165..104D,,Spitzer Space Telescope satellite,Infrared Array Camera (IRAC),,not_provided_by_archive_index,"AOR = 51777792, date is start time.",09/81/46/71/WASP_43_b_3.11469_5869_322.tbl,1,4.5,4.5,NASA Exoplanet Archive spectra index
OBSERVED,579c237f0494c06043b1,WASP-43 b,eclipse,Deming et al. 2023,2023AJ....165..104D,,Spitzer Space Telescope satellite,Infrared Array Camera (IRAC),,not_provided_by_archive_index,"AOR = 51777024, date is start time.",14/60/24/40/WASP_43_b_3.11469_5869_321.tbl,1,4.5,4.5,NASA Exoplanet Archive spectra index
OBSERVED,606aa250214cd8f25cb8,WASP-43 b,eclipse,Deming et al. 2023,2023AJ....165..104D,,Spitzer Space Telescope satellite,Infrared Array Camera (IRAC),,not_provided_by_archive_index,"AOR = 42615040, date is start time.",22/12/79/24/WASP_43_b_3.11469_5869_320.tbl,1,4.5,4.5,NASA Exoplanet Archive spectra index
OBSERVED,872b68cca1d9f26b0eec,WASP-43 b,eclipse,Deming et al. 2023,2023AJ....165..104D,,Spitzer Space Telescope satellite,Infrared Array Camera (IRAC),,not_provided_by_archive_index,"AOR = 42614272, date is start time.",39/24/68/11/WASP_43_b_3.11469_5869_315.tbl,1,3.6,3.6,NASA Exoplanet Archive spectra index
OBSERVED,356020ee61edf19fd4d1,WASP-43 b,eclipse,Deming et al. 2023,2023AJ....165..104D,,Spitzer Space Telescope satellite,Infrared Array Camera (IRAC),,not_provided_by_archive_index,"AOR = 52365312, date is start time.",58/07/42/72/WASP_43_b_3.11469_5869_317.tbl,1,3.6,3.6,NASA Exoplanet Archive spectra index
OBSERVED,5575bb38ca98bfb2ab32,WASP-43 b,eclipse,Deming et al. 2023,2023AJ....165..104D,,Spitzer Space Telescope satellite,Infrared Array Camera (IRAC),,not_provided_by_archive_index,"AOR = 57744640, date is start time.",98/39/36/82/WASP_43_b_3.11469_5869_319.tbl,1,3.6,3.6,NASA Exoplanet Archive spectra index
OBSERVED,4bdd87bc1be8203add92,WASP-43 b,eclipse,Deming et al. 2023,2023AJ....165..104D,,Spitzer Space Telescope satellite,Infrared Array Camera (IRAC),,not_provided_by_archive_index,"AOR = 52364544, date is start time.",98/87/83/26/WASP_43_b_3.11469_5869_316.tbl,1,3.6,3.6,NASA Exoplanet Archive spectra index
OBSERVED,23399958f017d1a6e85e,WASP-43 b,eclipse,Murphy et al. 2023,2023AJ....165..107M,,Spitzer Space Telescope satellite,Infrared Array Camera (IRAC),,not_provided_by_archive_index,"Table 3, combined fit",57/65/37/01/wASP_43_b_3.11469_5674_1.tbl,1,4.5,4.5,NASA Exoplanet Archive spectra index
OBSERVED,e1419b93048ac648ab50,WASP-43 b,eclipse,Bell et al. 2024,2024NatAs...8..879B,,NASA 6.5m James Webb Space Telescope (JWST) Satellite Mission,Mid-Infrared Instrument (MIRI),,not_provided_by_archive_index,Sparta Pipeline,13/76/23/74/WASP_43_b_3.11469_5377_5.tbl,14,5.25,11.75,NASA Exoplanet Archive spectra index
OBSERVED,58b81c90b377f6c7617f,WASP-43 b,eclipse,Bell et al. 2024,2024NatAs...8..879B,,NASA 6.5m James Webb Space Telescope (JWST) Satellite Mission,Mid-Infrared Instrument (MIRI),,not_provided_by_archive_index,Eureka Pipeline v1,61/30/15/84/WASP_43_b_3.11469_5377_1.tbl,14,5.25,11.75,NASA Exoplanet Archive spectra index
OBSERVED,181c3dd534b9e5eeee6a,WASP-43 b,eclipse,Bell et al. 2024,2024NatAs...8..879B,,NASA 6.5m James Webb Space Telescope (JWST) Satellite Mission,Mid-Infrared Instrument (MIRI),,not_provided_by_archive_index,Eureka Pipeline v2,79/67/49/18/WASP_43_b_3.11469_5377_3.tbl,14,5.25,11.75,NASA Exoplanet Archive spectra index
OBSERVED,1afa1b845402ba0488b6,WASP-43 b,eclipse,Bell et al. 2024,2024NatAs...8..879B,,NASA 6.5m James Webb Space Telescope (JWST) Satellite Mission,Mid-Infrared Instrument (MIRI),,not_provided_by_archive_index,Teatro Pipeline,92/06/05/03/WASP_43_b_3.11469_5377_7.tbl,14,5.25,11.75,NASA Exoplanet Archive spectra index
OBSERVED,2b57240bdff58ee972c7,WASP-43 b,eclipse,Bell et al. 2024,2024NatAs...8..879B,,NASA 6.5m James Webb Space Telescope (JWST) Satellite Mission,Mid-Infrared Instrument (MIRI),,not_provided_by_archive_index,Fiducial Combined,97/66/17/03/WASP_43_b_3.11469_5377_9.tbl,14,5.25,11.75,NASA Exoplanet Archive spectra index
OBSERVED,f0a4338b84c793f0f67a,WASP-43 b,transmission,Chen et al. 2014,2014A&A...563A..40C,,Max Planck Gesellschaft 2.2 meter Telescope at European Southern Observatory,GROND,,not_provided_by_archive_index,,01/98/70/86/WASP_43_b_3.11469_3425_2.tbl,7,0.575,2.19,NASA Exoplanet Archive spectra index
OBSERVED,d758db13f8682febe7be,WASP-43 b,transmission,Murgas et al. 2014,2014A&A...563A..41M,,Gran Telescopio CANARIAS 10.4m telescope,OSIRIS,,not_provided_by_archive_index,,50/50/36/69/WASP_43_b_3.11469_3423_1.tbl,36,0.5425,0.9175,NASA Exoplanet Archive spectra index
OBSERVED,01cf44d2b88e09acd515,WASP-43 b,transmission,Kreidberg et al. 2014,2014ApJ...793L..27K,,Hubble Space Telescope satellite,Wide Field Camera 3,,not_provided_by_archive_index,,62/86/80/83/WASP_43_b_3.11469_3638_2.tbl,22,1.1465,1.6305,NASA Exoplanet Archive spectra index
OBSERVED,c0f04615b8ad6642d510,WASP-43 b,transmission,Ricci et al. 2015,2015PASP..127..143R,,Observatorio Astronomico Nacional's 0.84m Telescope,Mexman,,not_provided_by_archive_index,,38/92/71/32/WASP_43_b_3.11469_3491_1.tbl,3,0.575,0.804,NASA Exoplanet Archive spectra index
OBSERVED,3d7bee8fa6be64c5d6e2,WASP-43 b,transmission,Ricci et al. 2015,2015PASP..127..143R,,Observatorio Astronomico Nacional's Harold Johnson Telescope,RATIR,,not_provided_by_archive_index,,58/39/42/16/WASP_43_b_3.11469_3491_2.tbl,1,0.76,0.76,NASA Exoplanet Archive spectra index
OBSERVED,bfc5211b583a683112d2,WASP-43 b,transmission,Hoyer et al. 2016,2016AJ....151..137H,,LCOGT 1m telescope at Cerro Tololo Inter-American Observatory,Sinistro,,not_provided_by_archive_index,,42/08/97/21/WASP_43_b_3.11469_3830_2.tbl,2,0.477,0.7545,NASA Exoplanet Archive spectra index
OBSERVED,e8c74fe008c300c605d4,WASP-43 b,transmission,Hoyer et al. 2016,2016AJ....151..137H,,Observatorio del Teide's 0.8 meter Telescope,CAMELOT,,not_provided_by_archive_index,,91/63/78/00/WASP_43_b_3.11469_3830_1.tbl,1,0.6273,0.6273,NASA Exoplanet Archive spectra index
OBSERVED,ca3464e9e2d1f8cc35f8,WASP-43 b,transmission,Stevenson et al. 2017,2017AJ....153...68S,,Spitzer Space Telescope satellite,Infrared Array Camera (IRAC),,not_provided_by_archive_index,from Table 3,64/95/17/19/WASP_43_b_3.11469_6042_2.tbl,2,3.6,4.5,NASA Exoplanet Archive spectra index
OBSERVED,9eb62f4761639c323b04,WASP-43 b,transmission,Weaver et al. 2020,2020AJ....159...13W,,Magellan I Walter Baade Telescope,IMACS spectrograph,,not_provided_by_archive_index,from Table 7; figure 8; combined spectrum; relative transit depths offset by 25071 ppm,87/91/75/76/WASP_43_b_3.11469_6094_1.tbl,17,0.5433,0.8879,NASA Exoplanet Archive spectra index
OBSERVED,ba5f80c22318cef580bb,WASP-43 b,transmission,Changeat et al. 2022,2022ApJS..260....3C,,Hubble Space Telescope satellite,Wide Field Camera 3,,not_provided_by_archive_index,Figure 2,79/39/77/15/WASP_43_b_3.11469_5219_88.tbl,25,1.1262,1.6295,NASA Exoplanet Archive spectra index
OBSERVED,178c4bb4a889b4cae8f3,WASP-43 b,transmission,Bell et al. 2024,2024NatAs...8..879B,,NASA 6.5m James Webb Space Telescope (JWST) Satellite Mission,Mid-Infrared Instrument (MIRI),,not_provided_by_archive_index,Eureka Pipeline v1,12/11/95/09/WASP_43_b_3.11469_5377_2.tbl,14,5.25,11.75,NASA Exoplanet Archive spectra index
OBSERVED,fea3bb9a21cf0c81688a,WASP-43 b,transmission,Bell et al. 2024,2024NatAs...8..879B,,NASA 6.5m James Webb Space Telescope (JWST) Satellite Mission,Mid-Infrared Instrument (MIRI),,not_provided_by_archive_index,Sparta Pipeline,16/20/81/99/WASP_43_b_3.11469_5377_6.tbl,14,5.25,11.75,NASA Exoplanet Archive spectra index
OBSERVED,bf26bf1b74965b797654,WASP-43 b,transmission,Bell et al. 2024,2024NatAs...8..879B,,NASA 6.5m James Webb Space Telescope (JWST) Satellite Mission,Mid-Infrared Instrument (MIRI),,not_provided_by_archive_index,Eureka Pipeline v2,20/26/29/79/WASP_43_b_3.11469_5377_4.tbl,14,5.25,11.75,NASA Exoplanet Archive spectra index
OBSERVED,f77c8bd5713c0d3666bd,WASP-43 b,transmission,Bell et al. 2024,2024NatAs...8..879B,,NASA 6.5m James Webb Space Telescope (JWST) Satellite Mission,Mid-Infrared Instrument (MIRI),,not_provided_by_archive_index,Teatro Pipeline,99/13/57/06/WASP_43_b_3.11469_5377_8.tbl,14,5.25,11.75,NASA Exoplanet Archive spectra index
OBSERVED,a73dc6e4467146a6b755,WASP-45 b,transmission,Ciceri et al. 2016,2016MNRAS.456..990C,,Danish 1.54m telescope at European Southern Observatory,DFOSC,,not_provided_by_archive_index,,02/46/07/85/WASP_45_b_3.11471_3701_1.tbl,1,0.6489,0.6489,NASA Exoplanet Archive spectra index
OBSERVED,4db7000eb3a424c2f92c,WASP-45 b,transmission,Ciceri et al. 2016,2016MNRAS.456..990C,,Max Planck Gesellschaft 2.2 meter Telescope at European Southern Observatory,GROND,,not_provided_by_archive_index,,65/93/89/64/WASP_45_b_3.11471_3701_2.tbl,4,0.477,0.9134,NASA Exoplanet Archive spectra index
OBSERVED,599f17345ad6a9ae4e29,WASP-45 b,transmission,Ciceri et al. 2016,2016MNRAS.456..990C,,The Swiss Euler 1.2m Telescope,EulerCam,,not_provided_by_archive_index,,90/11/82/85/WASP_45_b_3.11471_3701_3.tbl,1,0.6641,0.6641,NASA Exoplanet Archive spectra index
OBSERVED,837a4c920f1067da935c,WASP-46 b,eclipse,Zhou et al. 2015,2015MNRAS.454.3002Z,,Australian National University (ANU) 3.9m Anglo-Australian Telescope (AAT) at Siding Spring Observatory (SSO),IRIS2,,not_provided_by_archive_index,Table 2,19/98/72/97/WASP_46_b_3.11472_4122_1.tbl,1,2.159,2.159,NASA Exoplanet Archive spectra index
OBSERVED,4553808ba03dddd66d55,WASP-46 b,eclipse,Garhart et al. 2020,2020AJ....159..137G,,Spitzer Space Telescope satellite,Infrared Array Camera (IRAC),,not_provided_by_archive_index,Table 1 & 6,16/94/52/68/WASP_46_b_3.11472_5410_18.tbl,2,3.6,4.5,NASA Exoplanet Archive spectra index
OBSERVED,a895a12df52c5d467ae6,WASP-46 b,eclipse,Deming et al. 2023,2023AJ....165..104D,,Spitzer Space Telescope satellite,Infrared Array Camera (IRAC),,not_provided_by_archive_index,"AOR = 51821568, date is start time.",10/14/54/56/WASP_46_b_3.11472_5869_324.tbl,1,4.5,4.5,NASA Exoplanet Archive spectra index
OBSERVED,972a4cb3cde71fdbe8ab,WASP-46 b,eclipse,Deming et al. 2023,2023AJ....165..104D,,Spitzer Space Telescope satellite,Infrared Array Camera (IRAC),,not_provided_by_archive_index,"AOR = 51823872, date is start time.",56/95/38/50/WASP_46_b_3.11472_5869_323.tbl,1,3.6,3.6,NASA Exoplanet Archive spectra index
OBSERVED,864932ce706b5fd49bff,WASP-46 b,transmission,Ciceri et al. 2016,2016MNRAS.456..990C,,New Techology Telescope,EFOSC2,,not_provided_by_archive_index,,43/84/56/17/WASP_46_b_3.11472_3701_3.tbl,1,0.5169,0.5169,NASA Exoplanet Archive spectra index
OBSERVED,a856d163e922609b89d1,WASP-46 b,transmission,Ciceri et al. 2016,2016MNRAS.456..990C,,Max Planck Gesellschaft 2.2 meter Telescope at European Southern Observatory,GROND,,not_provided_by_archive_index,,64/27/39/52/WASP_46_b_3.11472_3701_4.tbl,4,0.477,0.9134,NASA Exoplanet Archive spectra index
OBSERVED,d2733d56e530bc0b863f,WASP-46 b,transmission,Ciceri et al. 2016,2016MNRAS.456..990C,,The Swiss Euler 1.2m Telescope,EulerCam,,not_provided_by_archive_index,,90/44/55/07/WASP_46_b_3.11472_3701_2.tbl,1,0.6641,0.6641,NASA Exoplanet Archive spectra index
OBSERVED,b9ffd26f291f97eac60b,WASP-46 b,transmission,Ciceri et al. 2016,2016MNRAS.456..990C,,Danish 1.54m telescope at European Southern Observatory,DFOSC,,not_provided_by_archive_index,,94/59/65/66/WASP_46_b_3.11472_3701_1.tbl,1,0.6489,0.6489,NASA Exoplanet Archive spectra index
OBSERVED,8dfaa71324a8b6a1319b,WASP-48 b,eclipse,Deming et al. 2023,2023AJ....165..104D,,Spitzer Space Telescope satellite,Infrared Array Camera (IRAC),,not_provided_by_archive_index,"AOR = 42805504, date is start time.",00/86/42/39/WASP_48_b_3.11473_5869_325.tbl,1,3.6,3.6,NASA Exoplanet Archive spectra index
OBSERVED,70d185a312de695e2eea,WASP-48 b,eclipse,Deming et al. 2023,2023AJ....165..104D,,Spitzer Space Telescope satellite,Infrared Array Camera (IRAC),,not_provided_by_archive_index,"AOR = 42805248, date is start time.",58/54/99/83/WASP_48_b_3.11473_5869_326.tbl,1,4.5,4.5,NASA Exoplanet Archive spectra index
OBSERVED,5596feec50f576d6323f,WASP-48 b,transmission,Ciceri et al. 2015,2015A&A...577A..54C,,Calar Alto Observatory's 1.2 meter Telescope,DLR-MKIII camera,,not_provided_by_archive_index,,01/13/32/41/WASP_48_b_3.11473_3531_3.tbl,4,0.6469,0.7886,NASA Exoplanet Archive spectra index
OBSERVED,e06cce5fb1810871651c,WASP-48 b,transmission,Ciceri et al. 2015,2015A&A...577A..54C,,Calar Alto Observatory's 2.2 meter Telescope,BUSCA,,not_provided_by_archive_index,,60/66/73/70/WASP_48_b_3.11473_3531_2.tbl,4,0.3585,0.7886,NASA Exoplanet Archive spectra index
OBSERVED,6e9cb82aeddccb39d233,WASP-48 b,transmission,Ciceri et al. 2015,2015A&A...577A..54C,,Cassini 1.52m Telescope,BFOSC,,not_provided_by_archive_index,,80/75/99/70/WASP_48_b_3.11473_3531_1.tbl,2,0.629,0.629,NASA Exoplanet Archive spectra index
OBSERVED,879bd2fe51a7070654c7,WASP-49 b,eclipse,Deming et al. 2023,2023AJ....165..104D,,Spitzer Space Telescope satellite,Infrared Array Camera (IRAC),,not_provided_by_archive_index,"AOR = 51828480, date is start time.",03/37/10/87/WASP_49_b_3.11541_5869_327.tbl,1,3.6,3.6,NASA Exoplanet Archive spectra index
OBSERVED,bdc080fa396f995388a2,WASP-49 b,eclipse,Deming et al. 2023,2023AJ....165..104D,,Spitzer Space Telescope satellite,Infrared Array Camera (IRAC),,not_provided_by_archive_index,"AOR = 51826688, date is start time.",72/09/93/96/WASP_49_b_3.11541_5869_328.tbl,1,4.5,4.5,NASA Exoplanet Archive spectra index
OBSERVED,fa51910551f3de3e6306,WASP-49 b,transmission,Jiang et al. 2023,2023A&A...675A..62J,,Gran Telescopio CANARIAS 10.4m telescope,OSIRIS,,not_provided_by_archive_index,,74/66/83/30/WASP_49_b_3.11541_5312_1.tbl,40,0.53,0.92,NASA Exoplanet Archive spectra index
OBSERVED,52f41a0c48794907136a,WASP-5 b,eclipse,Baskin et al. 2013,2013ApJ...773..124B,,Spitzer Space Telescope satellite,Infrared Array Camera (IRAC),,not_provided_by_archive_index,eclipse depth taken from Abstract,13/53/58/74/WASP_5_b_3.11476_4110_1.tbl,2,3.6,4.5,NASA Exoplanet Archive spectra index
OBSERVED,416325fd8137b49318cb,WASP-5 b,eclipse,Chen et al. 2014,2014A&A...563A..40C,,European Southern Observatory (ESO)/Max Planck Gesellschaft (MPG) 2.2m Telescope at La Silla Observatory,GROND,,not_provided_by_archive_index,eclipse depth taken from Abstract,24/59/47/17/WASP_5_b_3.11476_3425_1.tbl,2,1.22,2.19,NASA Exoplanet Archive spectra index
OBSERVED,382243426d2b31e80054,WASP-5 b,eclipse,Zhou et al. 2015,2015MNRAS.454.3002Z,,Australian National University (ANU) 3.9m Anglo-Australian Telescope (AAT) at Siding Spring Observatory (SSO),IRIS2,,not_provided_by_archive_index,Table 2,83/97/41/15/WASP_5_b_3.11476_4122_1.tbl,1,2.159,2.159,NASA Exoplanet Archive spectra index
OBSERVED,989d2e9cc1b1209bc28d,WASP-5 b,eclipse,Deming et al. 2023,2023AJ....165..104D,,Spitzer Space Telescope satellite,Infrared Array Camera (IRAC),,not_provided_by_archive_index,"AOR = 31765504, date is start time.",21/09/73/10/WASP_05_b_3.11476_5869_218.tbl,1,4.5,4.5,NASA Exoplanet Archive spectra index
OBSERVED,54bbb9d4657b1d8728a8,WASP-5 b,eclipse,Deming et al. 2023,2023AJ....165..104D,,Spitzer Space Telescope satellite,Infrared Array Camera (IRAC),,not_provided_by_archive_index,"AOR = 31769856, date is start time.",46/82/37/40/WASP_05_b_3.11476_5869_217.tbl,1,3.6,3.6,NASA Exoplanet Archive spectra index
OBSERVED,297f19c9d04aa4d55889,WASP-50 b,eclipse,Deming et al. 2023,2023AJ....165..104D,,Spitzer Space Telescope satellite,Infrared Array Camera (IRAC),,not_provided_by_archive_index,"AOR = 51830016, date is start time.",25/58/85/83/WASP_50_b_3.11475_5869_330.tbl,1,4.5,4.5,NASA Exoplanet Archive spectra index
OBSERVED,30feb0ee5961b980aac7,WASP-50 b,eclipse,Deming et al. 2023,2023AJ....165..104D,,Spitzer Space Telescope satellite,Infrared Array Camera (IRAC),,not_provided_by_archive_index,"AOR = 51832576, date is start time.",92/53/97/94/WASP_50_b_3.11475_5869_329.tbl,1,3.6,3.6,NASA Exoplanet Archive spectra index
OBSERVED,04c5bb935112e7867301,WASP-52 b,eclipse,Deming et al. 2023,2023AJ....165..104D,,Spitzer Space Telescope satellite,Infrared Array Camera (IRAC),,not_provided_by_archive_index,"AOR = 63247616, date is start time.",04/66/70/85/WASP_52_b_3.11565_5869_335.tbl,1,3.6,3.6,NASA Exoplanet Archive spectra index
OBSERVED,e6428e9ff7e198a141ca,WASP-52 b,eclipse,Deming et al. 2023,2023AJ....165..104D,,Spitzer Space Telescope satellite,Infrared Array Camera (IRAC),,not_provided_by_archive_index,"AOR = 63247360, date is start time.",17/41/42/01/WASP_52_b_3.11565_5869_334.tbl,1,3.6,3.6,NASA Exoplanet Archive spectra index
OBSERVED,b0266e3e7323c230016d,WASP-52 b,eclipse,Deming et al. 2023,2023AJ....165..104D,,Spitzer Space Telescope satellite,Infrared Array Camera (IRAC),,not_provided_by_archive_index,"AOR = 61516032, date is start time.",19/06/33/98/WASP_52_b_3.11565_5869_336.tbl,1,4.5,4.5,NASA Exoplanet Archive spectra index
OBSERVED,ceff77dc036134360bf0,WASP-52 b,eclipse,Deming et al. 2023,2023AJ....165..104D,,Spitzer Space Telescope satellite,Infrared Array Camera (IRAC),,not_provided_by_archive_index,"AOR = 61517568, date is start time.",25/10/40/49/WASP_52_b_3.11565_5869_333.tbl,1,3.6,3.6,NASA Exoplanet Archive spectra index
OBSERVED,a86799c90c9822de7d7b,WASP-52 b,eclipse,Deming et al. 2023,2023AJ....165..104D,,Spitzer Space Telescope satellite,Infrared Array Camera (IRAC),,not_provided_by_archive_index,"AOR = 51829248, date is start time.",26/53/24/27/WASP_52_b_3.11565_5869_331.tbl,1,3.6,3.6,NASA Exoplanet Archive spectra index
OBSERVED,ac63970830572db1294d,WASP-52 b,eclipse,Deming et al. 2023,2023AJ....165..104D,,Spitzer Space Telescope satellite,Infrared Array Camera (IRAC),,not_provided_by_archive_index,"AOR = 61516800, date is start time.",42/20/17/99/WASP_52_b_3.11565_5869_332.tbl,1,3.6,3.6,NASA Exoplanet Archive spectra index
OBSERVED,fba410b86d8983a84e7c,WASP-52 b,transmission,Chen et al. 2017,2017A&A...600L..11C,,Gran Telescopio CANARIAS 10.4m telescope,OSIRIS,,not_provided_by_archive_index,,05/73/27/63/WASP_52_b_3.11565_3988_1.tbl,26,0.5306,0.8945,NASA Exoplanet Archive spectra index
OBSERVED,db26b6b02fa356ca17bc,WASP-52 b,transmission,Louden et al. 2017,2017MNRAS.470..742L,,Isaac Newton Group (ING) 4.2m William Herschel Telescope (WHT) at Observatorio del Roque de los Muchachos,ACAM,,not_provided_by_archive_index,,36/40/14/37/WASP_52_b_3.11565_3992_1.tbl,19,0.4125,0.8625,NASA Exoplanet Archive spectra index
OBSERVED,ed0f8219ec7e6aed57c6,WASP-52 b,transmission,Bruno et al. 2018,2018AJ....156..124B,,Hubble Space Telescope satellite,Wide Field Camera 3,,not_provided_by_archive_index,from Table 5; GP Model,13/49/13/51/WASP_52_b_3.11565_6043_3.tbl,19,1.129,1.631,NASA Exoplanet Archive spectra index
OBSERVED,0498412ed236945a454d,WASP-52 b,transmission,Bruno et al. 2018,2018AJ....156..124B,,Hubble Space Telescope satellite,Wide Field Camera 3,,not_provided_by_archive_index,from Table 5; Spot-free transit Model,68/00/47/82/WASP_52_b_3.11565_6043_1.tbl,19,1.129,1.631,NASA Exoplanet Archive spectra index
OBSERVED,83695da4e53c2d12d6cc,WASP-52 b,transmission,Bruno et al. 2018,2018AJ....156..124B,,Hubble Space Telescope satellite,Wide Field Camera 3,,not_provided_by_archive_index,from Table 5; Spot-transit Model,94/72/62/01/WASP_52_b_3.11565_6043_2.tbl,19,1.129,1.631,NASA Exoplanet Archive spectra index
OBSERVED,539bc564b5bf5a730434,WASP-52 b,transmission,Alam et al. 2018,2018AJ....156..298A,,Spitzer Space Telescope satellite,Infrared Array Camera (IRAC),,not_provided_by_archive_index,from Table 5,55/97/04/51/WASP_52_b_3.11565_6046_3.tbl,2,3.6,4.5,NASA Exoplanet Archive spectra index
OBSERVED,b785e84ca903002d7344,WASP-52 b,transmission,Alam et al. 2018,2018AJ....156..298A,,Hubble Space Telescope satellite,Space Telescope Imaging Spectrograph,,not_provided_by_archive_index,from Table 5; G430L and G750L; R~500; corrected,61/84/81/64/WASP_52_b_3.11565_6046_1.tbl,36,0.33,0.9643,NASA Exoplanet Archive spectra index
OBSERVED,04bb44592c3f799fd92a,WASP-52 b,transmission,Alam et al. 2018,2018AJ....156..298A,,Hubble Space Telescope satellite,Space Telescope Imaging Spectrograph,,not_provided_by_archive_index,from Table 5; G430L and G750L; R~500; uncorrected,81/48/30/33/WASP_52_b_3.11565_6046_2.tbl,36,0.33,0.9643,NASA Exoplanet Archive spectra index
OBSERVED,e3e918c48ddab9187f3d,WASP-52 b,transmission,Fournier-Tondreau et al. 2025,2025MNRAS.539..422F,,NASA 6.5m James Webb Space Telescope (JWST) Satellite,Near Infrared Imager and Slitless Spectrograph (NIRISS),,not_provided_by_archive_index,"SOSS, supreme-SPOON",41/13/47/32/WASP_52_b_3.11565_5621_1.tbl,155,0.6043,2.8153,NASA Exoplanet Archive spectra index
OBSERVED,ce227c9bd9df2f0612d3,WASP-57 b,transmission,Southworth et al. 2015,2015MNRAS.454.3094S,,Danish 1.54m telescope at European Southern Observatory,DFOSC,,not_provided_by_archive_index,,10/51/04/15/WASP_57_b_3.11556_3659_3.tbl,1,0.6489,0.6489,NASA Exoplanet Archive spectra index
OBSERVED,239f0dbd59a773c35a7e,WASP-57 b,transmission,Southworth et al. 2015,2015MNRAS.454.3094S,,The Swiss Euler 1.2m Telescope,EulerCam,,not_provided_by_archive_index,,28/27/28/76/WASP_57_b_3.11556_3659_4.tbl,1,0.66,0.66,NASA Exoplanet Archive spectra index
OBSERVED,1509ebb51fa15277c0db,WASP-57 b,transmission,Southworth et al. 2015,2015MNRAS.454.3094S,,Calar Alto Observatory's 2.2 meter Telescope,BUSCA,,not_provided_by_archive_index,,66/45/47/17/WASP_57_b_3.11556_3659_2.tbl,4,0.35,0.91,NASA Exoplanet Archive spectra index
OBSERVED,20d8f1c86aaf1f3e0eaf,WASP-57 b,transmission,Southworth et al. 2015,2015MNRAS.454.3094S,,Max Planck Gesellschaft 2.2 meter Telescope at European Southern Observatory,GROND,,not_provided_by_archive_index,,82/16/29/82/WASP_57_b_3.11556_3659_1.tbl,4,0.477,0.9134,NASA Exoplanet Archive spectra index
OBSERVED,ac78b0348523620d7b09,WASP-6 b,eclipse,Kammer et al. 2015,2015ApJ...810..118K,,Spitzer Space Telescope satellite,Infrared Array Camera (IRAC),,not_provided_by_archive_index,Table 3,69/25/10/36/WASP_6_b_3.11477_4121_1.tbl,2,3.6,4.5,NASA Exoplanet Archive spectra index
OBSERVED,904a440e8464d19112aa,WASP-6 b,eclipse,Deming et al. 2023,2023AJ....165..104D,,Spitzer Space Telescope satellite,Infrared Array Camera (IRAC),,not_provided_by_archive_index,"AOR = 36789248, date is start time.",28/05/09/70/WASP_06_b_3.11477_5869_219.tbl,1,3.6,3.6,NASA Exoplanet Archive spectra index
OBSERVED,3d2e99df390fe38ea6ab,WASP-6 b,eclipse,Deming et al. 2023,2023AJ....165..104D,,Spitzer Space Telescope satellite,Infrared Array Camera (IRAC),,not_provided_by_archive_index,"AOR = 36788992, date is start time.",57/04/11/56/WASP_06_b_3.11477_5869_220.tbl,1,4.5,4.5,NASA Exoplanet Archive spectra index
OBSERVED,16dcbebd9595b84abb96,WASP-6 b,transmission,Jord&aacute;n et al. 2013,2013ApJ...778..184J,,Magellan I Walter Baade Telescope,IMACS spectrograph,,not_provided_by_archive_index,Table 5,97/25/19/42/WASP_6_b_3.11477_3418_1.tbl,20,0.4823,0.8518,NASA Exoplanet Archive spectra index
OBSERVED,1fdac85889658598bfb7,WASP-6 b,transmission,Carter et al. 2020,2020MNRAS.494.5449C,,Transiting Exoplanet Survey Satellite,TESS CCD Array,,not_provided_by_archive_index,from Table B1; figure 10 & 13; AIT model fit,03/06/13/33/WASP_6_b_3.11477_6097_9.tbl,1,0.8,0.8,NASA Exoplanet Archive spectra index
OBSERVED,f9d76bae77819167c2ed,WASP-6 b,transmission,Carter et al. 2020,2020MNRAS.494.5449C,,Transiting Exoplanet Survey Satellite,TESS CCD Array,,not_provided_by_archive_index,from Table B1: figure 7 & 10,17/72/04/92/WASP_6_b_3.11477_6097_7.tbl,1,0.8,0.8,NASA Exoplanet Archive spectra index
OBSERVED,9b19b1f90acfd89f4417,WASP-6 b,transmission,Carter et al. 2020,2020MNRAS.494.5449C,,European Southern Observatory (ESO) 8.2m Very Large Telescope (VLT) Antu (UT1) at Paranal Observatory,FORS2,,not_provided_by_archive_index,from Table B1; figure 10 & 13; G600B grism; AIT model fit,19/77/74/29/WASP_6_b_3.11477_6097_3.tbl,12,0.4573,0.6093,NASA Exoplanet Archive spectra index
OBSERVED,bd7a0fdd4c9f56c725cd,WASP-6 b,transmission,Carter et al. 2020,2020MNRAS.494.5449C,,Hubble Space Telescope satellite,Space Telescope Imaging Spectrograph,,not_provided_by_archive_index,from Table B2; figure 7 & 10; G750L grism,24/55/41/87/WASP_6_b_3.11477_6097_13.tbl,10,0.5684,0.975,NASA Exoplanet Archive spectra index
OBSERVED,0678f3f0d5d3bb78699c,WASP-6 b,transmission,Carter et al. 2020,2020MNRAS.494.5449C,,Transiting Exoplanet Survey Satellite,TESS CCD Array,,not_provided_by_archive_index,from Table B1; figure 10; TESS model fit,29/76/34/78/WASP_6_b_3.11477_6097_8.tbl,1,0.8,0.8,NASA Exoplanet Archive spectra index
OBSERVED,f6cb18f0850f249619f5,WASP-6 b,transmission,Carter et al. 2020,2020MNRAS.494.5449C,,Hubble Space Telescope satellite,Wide Field Camera 3,,not_provided_by_archive_index,from Table B2; figure 10 & 13; G141 grism; AIT model fit,33/17/27/03/WASP_6_b_3.11477_6097_18.tbl,28,1.1401,1.6396,NASA Exoplanet Archive spectra index
OBSERVED,0d520ed54a69010809dc,WASP-6 b,transmission,Carter et al. 2020,2020MNRAS.494.5449C,,Hubble Space Telescope satellite,Wide Field Camera 3,,not_provided_by_archive_index,from Table B2; figure 10; G141 grism; TESS model fit,38/06/62/10/WASP_6_b_3.11477_6097_17.tbl,28,1.1401,1.6396,NASA Exoplanet Archive spectra index
OBSERVED,2d430454fd44493a1910,WASP-6 b,transmission,Carter et al. 2020,2020MNRAS.494.5449C,,Hubble Space Telescope satellite,Space Telescope Imaging Spectrograph,,not_provided_by_archive_index,from Table B2; figure 10 & 13; G430L grism; AIT model fit,38/48/54/01/WASP_6_b_3.11477_6097_12.tbl,7,0.3625,0.5575,NASA Exoplanet Archive spectra index
OBSERVED,6c599dfab9662969d623,WASP-6 b,transmission,Carter et al. 2020,2020MNRAS.494.5449C,,European Southern Observatory (ESO) 8.2m Very Large Telescope (VLT) Antu (UT1) at Paranal Observatory,FORS2,,not_provided_by_archive_index,from Table B1; figure 7 & 10; G600B grism,43/99/99/90/WASP_6_b_3.11477_6097_1.tbl,12,0.4573,0.6093,NASA Exoplanet Archive spectra index
OBSERVED,9dd8561ba0da792b451e,WASP-6 b,transmission,Carter et al. 2020,2020MNRAS.494.5449C,,Hubble Space Telescope satellite,Wide Field Camera 3,,not_provided_by_archive_index,from Table B2; figure 7 & 10; G141 grism,48/42/12/74/WASP_6_b_3.11477_6097_16.tbl,28,1.1401,1.6396,NASA Exoplanet Archive spectra index
OBSERVED,75d0193257a554f163f7,WASP-6 b,transmission,Carter et al. 2020,2020MNRAS.494.5449C,,Hubble Space Telescope satellite,Space Telescope Imaging Spectrograph,,not_provided_by_archive_index,from Table B2; figure 10; G430L grism; TESS model fit,50/30/64/17/WASP_6_b_3.11477_6097_11.tbl,7,0.3625,0.5575,NASA Exoplanet Archive spectra index
OBSERVED,9a3d3eb52ee8f5c51215,WASP-6 b,transmission,Carter et al. 2020,2020MNRAS.494.5449C,,Hubble Space Telescope satellite,Space Telescope Imaging Spectrograph,,not_provided_by_archive_index,from Table B2; figure 7 & 10; G430L grism,62/09/24/69/WASP_6_b_3.11477_6097_10.tbl,7,0.3625,0.5575,NASA Exoplanet Archive spectra index
OBSERVED,4adba9267cf2d6d3b4ca,WASP-6 b,transmission,Carter et al. 2020,2020MNRAS.494.5449C,,European Southern Observatory (ESO) 8.2m Very Large Telescope (VLT) Antu (UT1) at Paranal Observatory,FORS2,,not_provided_by_archive_index,from Table B1; figure 10; G600RI grism; TESS model fit,79/15/59/33/WASP_6_b_3.11477_6097_5.tbl,34,0.5373,0.8293,NASA Exoplanet Archive spectra index
OBSERVED,ff90fc005aedcb11c8b6,WASP-6 b,transmission,Carter et al. 2020,2020MNRAS.494.5449C,,Hubble Space Telescope satellite,Space Telescope Imaging Spectrograph,,not_provided_by_archive_index,from Table B2; figure 10 & 13; G750L grism; AIT model fit,80/64/66/22/WASP_6_b_3.11477_6097_15.tbl,10,0.5684,0.975,NASA Exoplanet Archive spectra index
OBSERVED,69860900474242e11dad,WASP-6 b,transmission,Carter et al. 2020,2020MNRAS.494.5449C,,European Southern Observatory (ESO) 8.2m Very Large Telescope (VLT) Antu (UT1) at Paranal Observatory,FORS2,,not_provided_by_archive_index,from Table B1; figure 10 & 13; G600RI grism; AIT model fit,88/88/09/28/WASP_6_b_3.11477_6097_6.tbl,34,0.5373,0.8293,NASA Exoplanet Archive spectra index
OBSERVED,c63f6bfee5d22bac280a,WASP-6 b,transmission,Carter et al. 2020,2020MNRAS.494.5449C,,European Southern Observatory (ESO) 8.2m Very Large Telescope (VLT) Antu (UT1) at Paranal Observatory,FORS2,,not_provided_by_archive_index,from Table B1; figure 10; G600B grism; TESS model fit,93/44/08/17/WASP_6_b_3.11477_6097_2.tbl,12,0.4573,0.6093,NASA Exoplanet Archive spectra index
OBSERVED,d9f0ca8473cb1c89f3d7,WASP-6 b,transmission,Carter et al. 2020,2020MNRAS.494.5449C,,European Southern Observatory (ESO) 8.2m Very Large Telescope (VLT) Antu (UT1) at Paranal Observatory,FORS2,,not_provided_by_archive_index,from Table B1; figure 7 & 10; G600RI grism,96/01/53/24/WASP_6_b_3.11477_6097_4.tbl,34,0.5373,0.8293,NASA Exoplanet Archive spectra index
OBSERVED,78fb0df72062b7132d64,WASP-6 b,transmission,Carter et al. 2020,2020MNRAS.494.5449C,,Hubble Space Telescope satellite,Space Telescope Imaging Spectrograph,,not_provided_by_archive_index,from Table B2; figure 10; G750L grism; TESS model fit,96/71/85/42/WASP_6_b_3.11477_6097_14.tbl,10,0.5684,0.975,NASA Exoplanet Archive spectra index
OBSERVED,b4cf86b1b2b2f59bf330,WASP-6 b,transmission,Panek et al. 2023,2023A&A...677A..51P,,Hubble Space Telescope satellite,Wide Field Camera 3,,not_provided_by_archive_index,,56/96/78/61/WASP_6_b_3.11477_5295_1.tbl,20,1.0994,1.6616,NASA Exoplanet Archive spectra index
OBSERVED,d95c37911568ea04fcb0,WASP-6 b,transmission,Edwards et al. 2023,2023ApJS..269...31E,,Hubble Space Telescope satellite,Wide Field Camera 3,,not_provided_by_archive_index,G141,24/18/54/93/WASP_6_b_3.11477_5286_67.tbl,25,1.1262,1.6295,NASA Exoplanet Archive spectra index
OBSERVED,d2138cb03c9fdd90f1dd,WASP-62 b,eclipse,Garhart et al. 2020,2020AJ....159..137G,,Spitzer Space Telescope satellite,Infrared Array Camera (IRAC),,not_provided_by_archive_index,Table 1 & 6,59/70/18/13/WASP_62_b_3.11544_5410_20.tbl,2,3.6,4.5,NASA Exoplanet Archive spectra index
OBSERVED,a88672c05c46cc3fd5d2,WASP-62 b,eclipse,Deming et al. 2023,2023AJ....165..104D,,Spitzer Space Telescope satellite,Infrared Array Camera (IRAC),,not_provided_by_archive_index,"AOR = 48680448, date is start time.",49/18/22/89/WASP_62_b_3.11544_5869_339.tbl,1,4.5,4.5,NASA Exoplanet Archive spectra index
OBSERVED,eedd113fab3e22ae7ebf,WASP-62 b,eclipse,Deming et al. 2023,2023AJ....165..104D,,Spitzer Space Telescope satellite,Infrared Array Camera (IRAC),,not_provided_by_archive_index,"AOR = 51821056, date is start time.",86/67/52/94/WASP_62_b_3.11544_5869_340.tbl,1,4.5,4.5,NASA Exoplanet Archive spectra index
OBSERVED,2977ebbcebece95e3301,WASP-62 b,eclipse,Deming et al. 2023,2023AJ....165..104D,,Spitzer Space Telescope satellite,Infrared Array Camera (IRAC),,not_provided_by_archive_index,"AOR = 48680960, date is start time.",90/86/89/40/WASP_62_b_3.11544_5869_337.tbl,1,3.6,3.6,NASA Exoplanet Archive spectra index
OBSERVED,8a24f940ee33c3423b3e,WASP-62 b,eclipse,Deming et al. 2023,2023AJ....165..104D,,Spitzer Space Telescope satellite,Infrared Array Camera (IRAC),,not_provided_by_archive_index,"AOR = 51823360, date is start time.",92/97/11/38/WASP_62_b_3.11544_5869_338.tbl,1,3.6,3.6,NASA Exoplanet Archive spectra index
OBSERVED,3416446b9c3ad80e5afb,WASP-62 b,transmission,Garhart et al. 2020,2020AJ....159..137G,,Spitzer Space Telescope satellite,Infrared Array Camera (IRAC),,not_provided_by_archive_index,Table 3,01/82/42/35/WASP_62_b_3.11544_5410_41.tbl,2,3.6,4.5,NASA Exoplanet Archive spectra index
OBSERVED,56fba4c6fa7388cf8e79,WASP-62 b,transmission,Skaf et al. 2020,2020AJ....160..109S,,Hubble Space Telescope satellite,Wide Field Camera 3,,not_provided_by_archive_index,Table 4,92/90/60/39/WASP_62_b_3.11544_5124_3.tbl,25,1.1262,1.6295,NASA Exoplanet Archive spectra index
OBSERVED,049d3187b4121c2fef15,WASP-62 b,transmission,Baxter et al. 2021,2021A&A...648A.127B,,Spitzer Space Telescope satellite,Infrared Array Camera (IRAC),,not_provided_by_archive_index,from Table 4,09/33/04/29/WASP_62_b_3.11544_6099_1.tbl,2,3.6,4.5,NASA Exoplanet Archive spectra index
OBSERVED,df416c00feaf46e18730,WASP-62 b,transmission,Corrales et al. 2021,2021AJ....162..287C,,The Neil Gehrels Swift Observatory,UVOT,,not_provided_by_archive_index,from table 4; uvm2 filter,46/04/52/39/WASP_62_b_3.11544_6068_1.tbl,1,0.2246,0.2246,NASA Exoplanet Archive spectra index
OBSERVED,c729e66328cc3d4c829f,WASP-62 b,transmission,Alam et al. 2021,2021ApJ...906L..10A,,Hubble Space Telescope satellite,Space Telescope Imaging Spectrograph,,not_provided_by_archive_index,"Table 1, G430L & G750L filters",15/69/71/42/WASP_62_b_3.11544_5701_1.tbl,29,0.33,0.9643,NASA Exoplanet Archive spectra index
OBSERVED,5b8297a6ae35aee12b06,WASP-62 b,transmission,Alam et al. 2021,2021ApJ...906L..10A,,Spitzer Space Telescope Satelite,Infrared Array Camera (IRAC),,not_provided_by_archive_index,Table 1,65/73/78/52/WASP_62_b_3.11544_5701_2.tbl,2,3.6,4.5,NASA Exoplanet Archive spectra index
OBSERVED,4aa5251e4f3030e0ccc7,WASP-63 b,eclipse,Garhart et al. 2020,2020AJ....159..137G,,Spitzer Space Telescope satellite,Infrared Array Camera (IRAC),,not_provided_by_archive_index,Table 1 & 6,18/25/92/42/WASP_63_b_3.11545_5410_21.tbl,2,3.6,4.5,NASA Exoplanet Archive spectra index
OBSERVED,2f080f818b834640ca42,WASP-63 b,eclipse,Deming et al. 2023,2023AJ....165..104D,,Spitzer Space Telescope satellite,Infrared Array Camera (IRAC),,not_provided_by_archive_index,"AOR = 51834112, date is start time.",11/33/74/42/WASP_63_b_3.11545_5869_342.tbl,1,4.5,4.5,NASA Exoplanet Archive spectra index
OBSERVED,1cdf5195caced4fb45ce,WASP-63 b,eclipse,Deming et al. 2023,2023AJ....165..104D,,Spitzer Space Telescope satellite,Infrared Array Camera (IRAC),,not_provided_by_archive_index,"AOR = 51835904, date is start time.",65/48/16/58/WASP_63_b_3.11545_5869_341.tbl,1,3.6,3.6,NASA Exoplanet Archive spectra index
OBSERVED,9e2cc2b9f94ce881560d,WASP-63 b,transmission,Kilpatrick et al. 2018,2018AJ....156..103K,,Hubble Space Telescope satellite,WFC3,,not_provided_by_archive_index,"G141 grism, Table 2, BMK solution",28/36/16/03/WASP_63_b_3.11545_4290_1.tbl,15,1.1425,1.6325,NASA Exoplanet Archive spectra index
OBSERVED,f27dfa76a15d1fe31a5a,WASP-63 b,transmission,Kilpatrick et al. 2018,2018AJ....156..103K,,Hubble Space Telescope satellite,WFC3,,not_provided_by_archive_index,"G141 grism, Table 2, KBS solution",38/96/99/12/WASP_63_b_3.11545_4290_2.tbl,15,1.1425,1.6325,NASA Exoplanet Archive spectra index
OBSERVED,62d911beaf755f6d29c2,WASP-63 b,transmission,Kilpatrick et al. 2018,2018AJ....156..103K,,Hubble Space Telescope satellite,WFC3,,not_provided_by_archive_index,"G141 grism, Table 2, HRW solution",90/69/46/35/WASP_63_b_3.11545_4290_3.tbl,16,1.1352,1.6224,NASA Exoplanet Archive spectra index
OBSERVED,c4d6350469a658e88c2e,WASP-63 b,transmission,Baxter et al. 2021,2021A&A...648A.127B,,Spitzer Space Telescope satellite,Infrared Array Camera (IRAC),,not_provided_by_archive_index,from Table 4,12/47/33/48/WASP_63_b_3.11545_6099_1.tbl,2,3.6,4.5,NASA Exoplanet Archive spectra index
OBSERVED,fd3ec009fde58269c7c1,WASP-64 b,eclipse,Garhart et al. 2020,2020AJ....159..137G,,Spitzer Space Telescope satellite,Infrared Array Camera (IRAC),,not_provided_by_archive_index,Table 1 & 6,51/87/95/23/WASP_64_b_3.11583_5410_22.tbl,2,3.6,4.5,NASA Exoplanet Archive spectra index
OBSERVED,a058eabe4962976a91b3,WASP-64 b,eclipse,Deming et al. 2023,2023AJ....165..104D,,Spitzer Space Telescope satellite,Infrared Array Camera (IRAC),,not_provided_by_archive_index,"AOR = 51816704, date is start time.",21/75/89/60/WASP_64_b_3.11583_5869_343.tbl,1,3.6,3.6,NASA Exoplanet Archive spectra index
OBSERVED,f8b01b99b904dd7ae239,WASP-64 b,eclipse,Deming et al. 2023,2023AJ....165..104D,,Spitzer Space Telescope satellite,Infrared Array Camera (IRAC),,not_provided_by_archive_index,"AOR = 51842560, date is start time.",88/34/84/45/WASP_64_b_3.11583_5869_344.tbl,1,4.5,4.5,NASA Exoplanet Archive spectra index
OBSERVED,a67ed042755de475a35f,WASP-65 b,eclipse,Garhart et al. 2020,2020AJ....159..137G,,Spitzer Space Telescope satellite,Infrared Array Camera (IRAC),,not_provided_by_archive_index,Table 1 & 6,97/24/53/26/WASP_65_b_3.11622_5410_23.tbl,2,3.6,4.5,NASA Exoplanet Archive spectra index
OBSERVED,0bd35d7fc7b04c74bba7,WASP-65 b,eclipse,Deming et al. 2023,2023AJ....165..104D,,Spitzer Space Telescope satellite,Infrared Array Camera (IRAC),,not_provided_by_archive_index,"AOR = 51826432, date is start time.",24/28/47/19/WASP_65_b_3.11622_5869_346.tbl,1,4.5,4.5,NASA Exoplanet Archive spectra index
OBSERVED,8f890a3c43703f7ff989,WASP-65 b,eclipse,Deming et al. 2023,2023AJ....165..104D,,Spitzer Space Telescope satellite,Infrared Array Camera (IRAC),,not_provided_by_archive_index,"AOR = 51828224, date is start time.",75/97/47/12/WASP_65_b_3.11622_5869_345.tbl,1,3.6,3.6,NASA Exoplanet Archive spectra index
OBSERVED,c58877f02975641c0802,WASP-67 b,eclipse,Kammer et al. 2015,2015ApJ...810..118K,,Spitzer Space Telescope satellite,Infrared Array Camera (IRAC),,not_provided_by_archive_index,Table 3,45/50/57/30/WASP_67_b_3.11547_4121_1.tbl,2,3.6,4.5,NASA Exoplanet Archive spectra index
OBSERVED,314b17919770e3d5a64a,WASP-67 b,eclipse,Deming et al. 2023,2023AJ....165..104D,,Spitzer Space Telescope satellite,Infrared Array Camera (IRAC),,not_provided_by_archive_index,"AOR = 50675712, date is start time.",09/78/01/01/WASP_67_b_3.11547_5869_348.tbl,1,4.5,4.5,NASA Exoplanet Archive spectra index
OBSERVED,10bbec092054bbc6f37f,WASP-67 b,eclipse,Deming et al. 2023,2023AJ....165..104D,,Spitzer Space Telescope satellite,Infrared Array Camera (IRAC),,not_provided_by_archive_index,"AOR = 50675968, date is start time.",47/80/40/81/WASP_67_b_3.11547_5869_349.tbl,1,4.5,4.5,NASA Exoplanet Archive spectra index
OBSERVED,2e3957d1c938de2f310e,WASP-67 b,eclipse,Deming et al. 2023,2023AJ....165..104D,,Spitzer Space Telescope satellite,Infrared Array Camera (IRAC),,not_provided_by_archive_index,"AOR = 50666496, date is start time.",67/75/91/63/WASP_67_b_3.11547_5869_347.tbl,1,3.6,3.6,NASA Exoplanet Archive spectra index
OBSERVED,414a6acaf110520ad5db,WASP-67 b,transmission,Mancini et al. 2014,2014A&A...568A.127M,,The Swiss Euler 1.2m Telescope,EulerCam,,not_provided_by_archive_index,,13/19/61/84/WASP_67_b_3.11547_3450_4.tbl,1,0.6641,0.6641,NASA Exoplanet Archive spectra index
OBSERVED,e0de273be10fb92901f2,WASP-67 b,transmission,Mancini et al. 2014,2014A&A...568A.127M,,European Southern Observatory (ESO) 0.6m TRAnsiting Planets and PlanetesImals Small Telescope (TRAPPIST) at La Silla Observatory,TRAPPISTCam,,not_provided_by_archive_index,,17/11/56/84/WASP_67_b_3.11547_3450_1.tbl,1,0.838,0.838,NASA Exoplanet Archive spectra index
OBSERVED,c4dc782cffbab14ce2b3,WASP-67 b,transmission,Mancini et al. 2014,2014A&A...568A.127M,,Danish 1.54m telescope at European Southern Observatory,DFOSC,,not_provided_by_archive_index,,54/28/38/72/WASP_67_b_3.11547_3450_3.tbl,1,0.6489,0.6489,NASA Exoplanet Archive spectra index
OBSERVED,798aa240a178a6e7c613,WASP-67 b,transmission,Mancini et al. 2014,2014A&A...568A.127M,,Max Planck Gesellschaft 2.2 meter Telescope at European Southern Observatory,GROND,,not_provided_by_archive_index,,79/82/89/66/WASP_67_b_3.11547_3450_2.tbl,4,0.459,0.8989,NASA Exoplanet Archive spectra index
OBSERVED,9fde0068a1a0d4e1656f,WASP-67 b,transmission,Baxter et al. 2021,2021A&A...648A.127B,,Spitzer Space Telescope satellite,Infrared Array Camera (IRAC),,not_provided_by_archive_index,from Table 4,67/09/44/04/WASP_67_b_3.11547_6099_1.tbl,2,3.6,4.5,NASA Exoplanet Archive spectra index
OBSERVED,55f6e01d48b1dfcf865a,WASP-69 b,eclipse,Deming et al. 2023,2023AJ....165..104D,,Spitzer Space Telescope satellite,Infrared Array Camera (IRAC),,not_provided_by_archive_index,"AOR = 50777088, date is start time.",29/17/77/47/WASP_69_b_3.11714_5869_350.tbl,1,3.6,3.6,NASA Exoplanet Archive spectra index
OBSERVED,76f47570ec36d7f9ed1a,WASP-69 b,eclipse,Deming et al. 2023,2023AJ....165..104D,,Spitzer Space Telescope satellite,Infrared Array Camera (IRAC),,not_provided_by_archive_index,"AOR = 50776064, date is start time.",34/01/56/64/WASP_69_b_3.11714_5869_352.tbl,1,4.5,4.5,NASA Exoplanet Archive spectra index
OBSERVED,f409bb9681cc0971409e,WASP-69 b,eclipse,Deming et al. 2023,2023AJ....165..104D,,Spitzer Space Telescope satellite,Infrared Array Camera (IRAC),,not_provided_by_archive_index,"AOR = 50777344, date is start time.",40/45/31/76/WASP_69_b_3.11714_5869_351.tbl,1,3.6,3.6,NASA Exoplanet Archive spectra index
OBSERVED,d0b3ae1d37f7befae3e6,WASP-69 b,eclipse,Deming et al. 2023,2023AJ....165..104D,,Spitzer Space Telescope satellite,Infrared Array Camera (IRAC),,not_provided_by_archive_index,"AOR = 51884032, date is start time.",40/84/00/11/WASP_69_b_3.11714_5869_353.tbl,1,4.5,4.5,NASA Exoplanet Archive spectra index
OBSERVED,25f0fd04053b26777aad,WASP-69 b,eclipse,Schlawin et al. 2024,2024AJ....168..104S,,NASA 6.5m James Webb Space Telescope (JWST) Satellite Mission,Near Infrared Camera (NIRCam),,not_provided_by_archive_index,"Figure 3, unbinned, F322W2 and F444W",19/72/84/74/WASP_69_b_3.11714_5471_1.tbl,252,2.4548,4.9644,NASA Exoplanet Archive spectra index
OBSERVED,d2894c487ef822185734,WASP-69 b,eclipse,Schlawin et al. 2024,2024AJ....168..104S,,NASA 6.5m James Webb Space Telescope (JWST) Satellite Mission,Mid-Infrared Instrument (MIRI) - LRS,,not_provided_by_archive_index,"Figure 3, binned, LRS",20/61/12/66/WASP_69_b_3.11714_5471_4.tbl,28,5.125,11.875,NASA Exoplanet Archive spectra index
OBSERVED,388f15bcb84739d01c0f,WASP-69 b,eclipse,Schlawin et al. 2024,2024AJ....168..104S,,NASA 6.5m James Webb Space Telescope (JWST) Satellite Mission,Near Infrared Camera (NIRCam),,not_provided_by_archive_index,"Figure 5, binned",96/44/45/87/WASP_69_b_3.11714_5471_3.tbl,51,2.095,4.9377,NASA Exoplanet Archive spectra index
OBSERVED,11d9236d3333affd799d,WASP-69 b,transmission,Murgas et al. 2020,2020A&A...641A.158M,,Gran Telescopio CANARIAS 10.4m telescope,OSIRIS,,not_provided_by_archive_index,,70/80/04/02/WASP_69_b_3.11714_4696_1.tbl,30,0.525,0.895,NASA Exoplanet Archive spectra index
OBSERVED,acd1364abfaadd417909,WASP-69 b,transmission,Baxter et al. 2021,2021A&A...648A.127B,,Spitzer Space Telescope satellite,Infrared Array Camera (IRAC),,not_provided_by_archive_index,from Table 4,68/42/80/19/WASP_69_b_3.11714_6099_1.tbl,2,3.6,4.5,NASA Exoplanet Archive spectra index
OBSERVED,451b8f1d8d0d2acc2f64,WASP-7 b,eclipse,Wallack et al. 2021,2021AJ....162...36W,,Spitzer Space Telescope satellite,Infrared Array Camera (IRAC),,not_provided_by_archive_index,from Table 3,00/72/74/32/WASP_7_b_3.11478_6079_1.tbl,2,3.6,4.5,NASA Exoplanet Archive spectra index
OBSERVED,303a2d477cbb8f59b257,WASP-7 b,eclipse,Deming et al. 2023,2023AJ....165..104D,,Spitzer Space Telescope satellite,Infrared Array Camera (IRAC),,not_provided_by_archive_index,"AOR = 31765248, date is start time.",18/19/03/54/WASP_07_b_3.11478_5869_222.tbl,1,4.5,4.5,NASA Exoplanet Archive spectra index
OBSERVED,a76e9c750771f3acd835,WASP-7 b,eclipse,Deming et al. 2023,2023AJ....165..104D,,Spitzer Space Telescope satellite,Infrared Array Camera (IRAC),,not_provided_by_archive_index,"AOR = 31770880, date is start time.",68/60/68/72/WASP_07_b_3.11478_5869_221.tbl,1,3.6,3.6,NASA Exoplanet Archive spectra index
OBSERVED,c859bbdbdd5857f4e6a0,WASP-72 b,eclipse,Wallack et al. 2021,2021AJ....162...36W,,Spitzer Space Telescope satellite,Infrared Array Camera (IRAC),,not_provided_by_archive_index,from Table 3,10/02/78/63/WASP_72_b_3.11584_6079_1.tbl,2,3.6,4.5,NASA Exoplanet Archive spectra index
OBSERVED,ea20791a87053425a98a,WASP-72 b,eclipse,Deming et al. 2023,2023AJ....165..104D,,Spitzer Space Telescope satellite,Infrared Array Camera (IRAC),,not_provided_by_archive_index,"AOR = 51842304, date is start time.",46/24/25/26/WASP_72_b_3.11584_5869_355.tbl,1,4.5,4.5,NASA Exoplanet Archive spectra index
OBSERVED,8c164a346e7000c81a5a,WASP-72 b,eclipse,Deming et al. 2023,2023AJ....165..104D,,Spitzer Space Telescope satellite,Infrared Array Camera (IRAC),,not_provided_by_archive_index,"AOR = 51816192, date is start time.",80/28/88/63/WASP_72_b_3.11584_5869_354.tbl,1,3.6,3.6,NASA Exoplanet Archive spectra index
OBSERVED,9b0d90deafacaafe5f89,WASP-74 b,eclipse,Garhart et al. 2020,2020AJ....159..137G,,Spitzer Space Telescope satellite,Infrared Array Camera (IRAC),,not_provided_by_archive_index,Table 1 & 6,63/25/25/53/WASP_74_b_3.11772_5410_24.tbl,2,3.6,4.5,NASA Exoplanet Archive spectra index
OBSERVED,0bb389aa8c8ed6ef0daa,WASP-74 b,eclipse,Fu et al. 2021,2021AJ....162..271F,,Hubble Space Telescope satellite,Wide Field Camera 3,,not_provided_by_archive_index,Table 10,66/96/76/36/WASP_74_b_3.11772_5228_2.tbl,30,1.1193,4.5,NASA Exoplanet Archive spectra index
OBSERVED,dc3fa0f82ce966895033,WASP-74 b,eclipse,Mansfield et al. 2021,2021NatAs...5.1224M,,Hubble Space Telescope satellite,Wide Field Camera 3,,not_provided_by_archive_index,Supplementary Table 5,54/85/77/46/WASP_74_b_3.11772_5227_1.tbl,14,1.139,1.64,NASA Exoplanet Archive spectra index
OBSERVED,43f005a9013e05164312,WASP-74 b,eclipse,Changeat et al. 2022,2022ApJS..260....3C,,Spitzer Space Telescope satellite,Infrared Array Camera (IRAC),,not_provided_by_archive_index,Figure 2,07/79/87/30/WASP_74_b_3.11772_5219_143.tbl,2,3.6,4.5,NASA Exoplanet Archive spectra index
OBSERVED,427512aaff6093828982,WASP-74 b,eclipse,Changeat et al. 2022,2022ApJS..260....3C,,Hubble Space Telescope satellite,Wide Field Camera 3,,not_provided_by_archive_index,Figure 2,30/64/82/73/WASP_74_b_3.11772_5219_142.tbl,25,1.1263,1.6295,NASA Exoplanet Archive spectra index
OBSERVED,f4b04d9a9df66f89f925,WASP-74 b,eclipse,Deming et al. 2023,2023AJ....165..104D,,Spitzer Space Telescope satellite,Infrared Array Camera (IRAC),,not_provided_by_archive_index,"AOR = 67660032, date is start time.",33/98/32/81/WASP_74_b_3.11772_5869_358.tbl,1,4.5,4.5,NASA Exoplanet Archive spectra index
OBSERVED,8d7001dac8c1878a935e,WASP-74 b,eclipse,Deming et al. 2023,2023AJ....165..104D,,Spitzer Space Telescope satellite,Infrared Array Camera (IRAC),,not_provided_by_archive_index,"AOR = 62171904, date is start time.",40/00/31/35/WASP_74_b_3.11772_5869_357.tbl,1,4.5,4.5,NASA Exoplanet Archive spectra index
OBSERVED,295d46885f899248ba7c,WASP-74 b,eclipse,Deming et al. 2023,2023AJ....165..104D,,Spitzer Space Telescope satellite,Infrared Array Camera (IRAC),,not_provided_by_archive_index,"AOR = 62170880, date is start time.",61/23/16/32/WASP_74_b_3.11772_5869_356.tbl,1,3.6,3.6,NASA Exoplanet Archive spectra index
OBSERVED,854324efd73afce66bcb,WASP-74 b,eclipse,Deming et al. 2023,2023AJ....165..104D,,Spitzer Space Telescope satellite,Infrared Array Camera (IRAC),,not_provided_by_archive_index,"AOR = 67660544, date is start time.",94/81/05/51/WASP_74_b_3.11772_5869_359.tbl,1,4.5,4.5,NASA Exoplanet Archive spectra index
OBSERVED,198cdda74e13fb71a9de,WASP-74 b,transmission,Mancini et al. 2019,2019MNRAS.485.5168M,,Danish 1.54m telescope at European Southern Observatory,DFOSC,,not_provided_by_archive_index,,36/24/45/11/WASP_74_b_3.11772_4289_1.tbl,1,0.798,0.798,NASA Exoplanet Archive spectra index
OBSERVED,0cc4e8a9b3ea5e26fd72,WASP-74 b,transmission,Mancini et al. 2019,2019MNRAS.485.5168M,,Hubble Space Telescope satellite,Wide Field Camera 3,,not_provided_by_archive_index,,45/00/90/33/WASP_74_b_3.11772_4289_4.tbl,18,1.126,1.625,NASA Exoplanet Archive spectra index
OBSERVED,b9043c3f3b073cc6de46,WASP-74 b,transmission,Mancini et al. 2019,2019MNRAS.485.5168M,,Calar Alto Observatory's 1.2 meter Telescope,DLR-MKIII camera,,not_provided_by_archive_index,,49/47/85/26/WASP_74_b_3.11772_4289_3.tbl,1,0.787,0.787,NASA Exoplanet Archive spectra index
OBSERVED,90cb7250058e42de76d5,WASP-74 b,transmission,Mancini et al. 2019,2019MNRAS.485.5168M,,Max Planck Gesellschaft 2.2 meter Telescope at European Southern Observatory,GROND,,not_provided_by_archive_index,,93/75/01/45/WASP_74_b_3.11772_4289_2.tbl,7,0.459,2.17,NASA Exoplanet Archive spectra index
OBSERVED,05013723083b7f05c632,WASP-74 b,transmission,Garhart et al. 2020,2020AJ....159..137G,,Spitzer Space Telescope satellite,Infrared Array Camera (IRAC),,not_provided_by_archive_index,Table 3,08/85/22/46/WASP_74_b_3.11772_5410_42.tbl,2,3.6,4.5,NASA Exoplanet Archive spectra index
OBSERVED,1a6964bfb2e94a4a4922,WASP-74 b,transmission,Baxter et al. 2021,2021A&A...648A.127B,,Spitzer Space Telescope satellite,Infrared Array Camera (IRAC),,not_provided_by_archive_index,from Table 4,54/26/20/21/WASP_74_b_3.11772_6099_1.tbl,2,3.6,4.5,NASA Exoplanet Archive spectra index
OBSERVED,da8cbd03b3ccae7041e2,WASP-74 b,transmission,Fu et al. 2021,2021AJ....162..271F,,Hubble Space Telescope satellite,Wide Field Camera 3,,not_provided_by_archive_index,Table 8,71/25/37/95/WASP_74_b_3.11772_5228_1.tbl,65,0.33,4.5,NASA Exoplanet Archive spectra index
OBSERVED,7662759e215d19b3a7bd,WASP-74 b,transmission,Changeat et al. 2022,2022ApJS..260....3C,,Hubble Space Telescope satellite,Wide Field Camera 3,,not_provided_by_archive_index,Figure 2,90/85/74/56/WASP_74_b_3.11772_5219_89.tbl,25,1.1262,1.6295,NASA Exoplanet Archive spectra index
OBSERVED,e8271dc794dc9eaa1c10,WASP-75 b,eclipse,Deming et al. 2023,2023AJ....165..104D,,Spitzer Space Telescope satellite,Infrared Array Camera (IRAC),,not_provided_by_archive_index,"AOR = 51826176, date is start time.",25/59/41/37/WASP_75_b_3.11623_5869_360.tbl,1,3.6,3.6,NASA Exoplanet Archive spectra index
OBSERVED,9cf6212e5cc78051d840,WASP-75 b,eclipse,Deming et al. 2023,2023AJ....165..104D,,Spitzer Space Telescope satellite,Infrared Array Camera (IRAC),,not_provided_by_archive_index,"AOR = 51824384, date is start time.",69/25/09/12/WASP_75_b_3.11623_5869_361.tbl,1,4.5,4.5,NASA Exoplanet Archive spectra index
OBSERVED,26814db26f2df2f24337,WASP-76 b,eclipse,Garhart et al. 2020,2020AJ....159..137G,,Spitzer Space Telescope satellite,Infrared Array Camera (IRAC),,not_provided_by_archive_index,Table 1 & 6,99/79/67/65/WASP_76_b_3.11846_5410_26.tbl,2,3.6,4.5,NASA Exoplanet Archive spectra index
OBSERVED,ba76a906b5b2a293419a,WASP-76 b,eclipse,Edwards et al. 2020,2020AJ....160....8E,,Hubble Space Telescope satellite,Wide Field Camera 3,,not_provided_by_archive_index,,01/66/80/64/WASP_76_b_3.11846_4623_1.tbl,25,1.1262,1.6294,NASA Exoplanet Archive spectra index
OBSERVED,9384ed399350fe537ea9,WASP-76 b,eclipse,Fu et al. 2021,2021AJ....162..108F,,Spitzer Space Telescope satellite,Infrared Array Camera (IRAC),,not_provided_by_archive_index,Table 9,18/37/35/02/WASP_76_b_3.11846_5411_47.tbl,4,3.55,4.493,NASA Exoplanet Archive spectra index
OBSERVED,23487323f549d9bf5a48,WASP-76 b,eclipse,Fu et al. 2021,2021AJ....162..108F,,Hubble Space Telescope satellite,Wide Field Camera 3,,not_provided_by_archive_index,Table 9,31/61/22/37/WASP_76_b_3.11846_5411_46.tbl,26,1.1518,1.6168,NASA Exoplanet Archive spectra index
OBSERVED,9ca0ee7fbccc9488a0e6,WASP-76 b,eclipse,May et al. 2021,2021AJ....162..158M,,Spitzer Space Telescope satellite,Infrared Array Camera (IRAC),,not_provided_by_archive_index,"Table 4 and text, Section 5",56/74/71/47/WASP_76_b_3.11846_5229_1.tbl,2,3.6,4.5,NASA Exoplanet Archive spectra index
OBSERVED,7790a76d51abc15a963a,WASP-76 b,eclipse,Mansfield et al. 2021,2021NatAs...5.1224M,,Hubble Space Telescope satellite,Wide Field Camera 3,,not_provided_by_archive_index,Supplementary Table 5,32/49/76/77/WASP_76_b_3.11846_5227_1.tbl,14,1.139,1.64,NASA Exoplanet Archive spectra index
OBSERVED,a8ed0fbcac587d053d01,WASP-76 b,eclipse,Changeat et al. 2022,2022ApJS..260....3C,,Spitzer Space Telescope satellite,Infrared Array Camera (IRAC),,not_provided_by_archive_index,Figure 2,09/99/71/28/WASP_76_b_3.11846_5219_145.tbl,2,3.6,4.5,NASA Exoplanet Archive spectra index
OBSERVED,31faadfc867dcdde8890,WASP-76 b,eclipse,Changeat et al. 2022,2022ApJS..260....3C,,Hubble Space Telescope satellite,Wide Field Camera 3,,not_provided_by_archive_index,Figure 2,11/02/04/30/WASP_76_b_3.11846_5219_144.tbl,25,1.1263,1.6295,NASA Exoplanet Archive spectra index
OBSERVED,1347460c35d12d659f4b,WASP-76 b,eclipse,Deming et al. 2023,2023AJ....165..104D,,Spitzer Space Telescope satellite,Infrared Array Camera (IRAC),,not_provided_by_archive_index,"AOR = 62824448, date is start time.",17/67/00/91/WASP_76_b_3.11846_5869_368.tbl,1,4.5,4.5,NASA Exoplanet Archive spectra index
OBSERVED,3c538ec1cbf2c3a20113,WASP-76 b,eclipse,Deming et al. 2023,2023AJ....165..104D,,Spitzer Space Telescope satellite,Infrared Array Camera (IRAC),,not_provided_by_archive_index,"AOR = 62824192, date is start time.",23/67/78/09/WASP_76_b_3.11846_5869_364.tbl,1,3.6,3.6,NASA Exoplanet Archive spectra index
OBSERVED,055ff5bcb3d1e329b6ca,WASP-76 b,eclipse,Deming et al. 2023,2023AJ....165..104D,,Spitzer Space Telescope satellite,Infrared Array Camera (IRAC),,not_provided_by_archive_index,"AOR = 62823680, date is start time.",25/16/76/91/WASP_76_b_3.11846_5869_363.tbl,1,3.6,3.6,NASA Exoplanet Archive spectra index
OBSERVED,9fa927359ba0ccde7d61,WASP-76 b,eclipse,Deming et al. 2023,2023AJ....165..104D,,Spitzer Space Telescope satellite,Infrared Array Camera (IRAC),,not_provided_by_archive_index,"AOR = 62824960, date is start time.",36/05/26/82/WASP_76_b_3.11846_5869_369.tbl,1,4.5,4.5,NASA Exoplanet Archive spectra index
OBSERVED,8c3a2481770033bd64a9,WASP-76 b,eclipse,Deming et al. 2023,2023AJ....165..104D,,Spitzer Space Telescope satellite,Infrared Array Camera (IRAC),,not_provided_by_archive_index,"AOR = 65593088, date is start time.",37/92/71/37/WASP_76_b_3.11846_5869_366.tbl,1,3.6,3.6,NASA Exoplanet Archive spectra index
OBSERVED,f56ea1eaa8acfbf61183,WASP-76 b,eclipse,Deming et al. 2023,2023AJ....165..104D,,Spitzer Space Telescope satellite,Infrared Array Camera (IRAC),,not_provided_by_archive_index,"AOR = 65592576, date is start time.",59/55/20/72/WASP_76_b_3.11846_5869_365.tbl,1,3.6,3.6,NASA Exoplanet Archive spectra index
OBSERVED,0e6126c939210f921171,WASP-76 b,eclipse,Deming et al. 2023,2023AJ....165..104D,,Spitzer Space Telescope satellite,Infrared Array Camera (IRAC),,not_provided_by_archive_index,"AOR = 58238720, date is start time.",83/12/66/45/WASP_76_b_3.11846_5869_367.tbl,1,4.5,4.5,NASA Exoplanet Archive spectra index
OBSERVED,a750126c05b64a905eb1,WASP-76 b,eclipse,Deming et al. 2023,2023AJ....165..104D,,Spitzer Space Telescope satellite,Infrared Array Camera (IRAC),,not_provided_by_archive_index,"AOR = 58239232, date is start time.",85/88/29/65/WASP_76_b_3.11846_5869_362.tbl,1,3.6,3.6,NASA Exoplanet Archive spectra index
OBSERVED,b1b92521cab51bd786c3,WASP-76 b,transmission,von Essen et al. 2020,2020A&A...637A..76V,,Hubble Space Telescope satellite,Space Telescope Imaging Spectrograph,,not_provided_by_archive_index,"Table 4, G430L",44/47/51/88/WASP_76_b_3.11846_5412_48.tbl,8,0.3483,0.5583,NASA Exoplanet Archive spectra index
OBSERVED,9c26af4c512176896687,WASP-76 b,transmission,von Essen et al. 2020,2020A&A...637A..76V,,Hubble Space Telescope satellite,Space Telescope Imaging Spectrograph,,not_provided_by_archive_index,"Table 4, G750L",61/33/04/46/WASP_76_b_3.11846_5412_49.tbl,16,0.5455,0.9173,NASA Exoplanet Archive spectra index
OBSERVED,31031b4babbef151a654,WASP-76 b,transmission,Edwards et al. 2020,2020AJ....160....8E,,Hubble Space Telescope satellite,Wide Field Camera 3,,not_provided_by_archive_index,,34/29/72/34/WASP_76_b_3.11846_4623_2.tbl,25,1.1262,1.6294,NASA Exoplanet Archive spectra index
OBSERVED,ac39c180e2a2c5964766,WASP-76 b,transmission,Fu et al. 2021,2021AJ....162..108F,,Hubble Space Telescope satellite,Wide Field Camera 3,,not_provided_by_archive_index,Table 8,07/23/37/19/WASP_76_b_3.11846_5411_44.tbl,26,1.1425,1.6075,NASA Exoplanet Archive spectra index
OBSERVED,4262e3eb8c90253f2d30,WASP-76 b,transmission,Fu et al. 2021,2021AJ....162..108F,,Hubble Space Telescope satellite,Space Telescope Imaging Spectrograph,,not_provided_by_archive_index,Table 8,36/10/21/67/WASP_76_b_3.11846_5411_43.tbl,38,0.33,0.9643,NASA Exoplanet Archive spectra index
OBSERVED,abb33f486f7fedd5cbbc,WASP-76 b,transmission,Fu et al. 2021,2021AJ....162..108F,,Spitzer Space Telescope satellite,Infrared Array Camera (IRAC),,not_provided_by_archive_index,Table 8,69/76/51/74/WASP_76_b_3.11846_5411_45.tbl,3,3.55,4.493,NASA Exoplanet Archive spectra index
OBSERVED,59efb3cfa318fbc2443d,WASP-76 b,transmission,Changeat et al. 2022,2022ApJS..260....3C,,Hubble Space Telescope satellite,Wide Field Camera 3,,not_provided_by_archive_index,Figure 2,84/78/40/05/WASP_76_b_3.11846_5219_90.tbl,25,1.1262,1.6295,NASA Exoplanet Archive spectra index
OBSERVED,fdcf5a433c68f64dfc87,WASP-77 A b,eclipse,Garhart et al. 2020,2020AJ....159..137G,,Spitzer Space Telescope satellite,Infrared Array Camera (IRAC),,not_provided_by_archive_index,Table 1 & 6,20/55/19/39/WASP_77_b_3.11569_5410_27.tbl,2,3.6,4.5,NASA Exoplanet Archive spectra index
OBSERVED,23228bc12b98a4b35790,WASP-77 A b,eclipse,Changeat et al. 2022,2022ApJS..260....3C,,Spitzer Space Telescope satellite,Infrared Array Camera (IRAC),,not_provided_by_archive_index,Figure 2,71/13/41/99/WASP_77_b_3.11569_5219_147.tbl,2,3.6,4.5,NASA Exoplanet Archive spectra index
OBSERVED,66d3725b0a8b419f9834,WASP-77 A b,eclipse,Changeat et al. 2022,2022ApJS..260....3C,,Hubble Space Telescope satellite,Wide Field Camera 3,,not_provided_by_archive_index,Figure 2,95/56/71/51/WASP_77_b_3.11569_5219_146.tbl,25,1.1263,1.6295,NASA Exoplanet Archive spectra index
OBSERVED,65c8fe654bc7e06881c6,WASP-77 A b,eclipse,Deming et al. 2023,2023AJ....165..104D,,Spitzer Space Telescope satellite,Infrared Array Camera (IRAC),,not_provided_by_archive_index,"AOR = 51818496, date is start time.",04/14/75/42/WASP_77_b_3.11569_5869_373.tbl,1,4.5,4.5,NASA Exoplanet Archive spectra index
OBSERVED,eba5745bca900e5958e3,WASP-77 A b,eclipse,Deming et al. 2023,2023AJ....165..104D,,Spitzer Space Telescope satellite,Infrared Array Camera (IRAC),,not_provided_by_archive_index,"AOR = 61520896, date is start time.",24/09/22/14/WASP_77_b_3.11569_5869_375.tbl,1,4.5,4.5,NASA Exoplanet Archive spectra index
OBSERVED,b9fc31166d66b28de457,WASP-77 A b,eclipse,Deming et al. 2023,2023AJ....165..104D,,Spitzer Space Telescope satellite,Infrared Array Camera (IRAC),,not_provided_by_archive_index,"AOR = 61522944, date is start time.",42/98/32/26/WASP_77_b_3.11569_5869_372.tbl,1,3.6,3.6,NASA Exoplanet Archive spectra index
OBSERVED,05649020100488efb129,WASP-77 A b,eclipse,Deming et al. 2023,2023AJ....165..104D,,Spitzer Space Telescope satellite,Infrared Array Camera (IRAC),,not_provided_by_archive_index,"AOR = 61520640, date is start time.",44/25/56/25/WASP_77_b_3.11569_5869_374.tbl,1,4.5,4.5,NASA Exoplanet Archive spectra index
OBSERVED,6f444d4e4215405bca69,WASP-77 A b,eclipse,Deming et al. 2023,2023AJ....165..104D,,Spitzer Space Telescope satellite,Infrared Array Camera (IRAC),,not_provided_by_archive_index,"AOR = 51820544, date is start time.",51/13/14/71/WASP_77_b_3.11569_5869_370.tbl,1,3.6,3.6,NASA Exoplanet Archive spectra index
OBSERVED,91716fa60b9c3df41959,WASP-77 A b,eclipse,Deming et al. 2023,2023AJ....165..104D,,Spitzer Space Telescope satellite,Infrared Array Camera (IRAC),,not_provided_by_archive_index,"AOR = 61522688, date is start time.",83/27/86/43/WASP_77_b_3.11569_5869_371.tbl,1,3.6,3.6,NASA Exoplanet Archive spectra index
OBSERVED,595dbb29d1bbd14129dc,WASP-77 A b,eclipse,August et al. 2023,2023ApJ...953L..24A,,NASA 6.5m James Webb Space Telescope (JWST) Satellite Mission,Near Infrared Spectrograph (NIRSpec) - G395H,,not_provided_by_archive_index,Table 2,76/89/90/56/WASP_77_A_b_3.11569_5329_1.tbl,150,2.811,5.164,NASA Exoplanet Archive spectra index
OBSERVED,7b25d79f08994bd991ec,WASP-78 b,eclipse,Garhart et al. 2020,2020AJ....159..137G,,Spitzer Space Telescope satellite,Infrared Array Camera (IRAC),,not_provided_by_archive_index,Table 1 & 6,11/79/38/06/WASP_78_b_3.11519_5410_28.tbl,2,3.6,4.5,NASA Exoplanet Archive spectra index
OBSERVED,203037f9f52e1e8c373d,WASP-78 b,eclipse,Deming et al. 2023,2023AJ....165..104D,,Spitzer Space Telescope satellite,Infrared Array Camera (IRAC),,not_provided_by_archive_index,"AOR = 51833088, date is start time.",72/20/28/30/WASP_78_b_3.11519_5869_376.tbl,1,3.6,3.6,NASA Exoplanet Archive spectra index
OBSERVED,e88b9ca670fc445e5367,WASP-78 b,eclipse,Deming et al. 2023,2023AJ....165..104D,,Spitzer Space Telescope satellite,Infrared Array Camera (IRAC),,not_provided_by_archive_index,"AOR = 51830528, date is start time.",75/76/89/32/WASP_78_b_3.11519_5869_377.tbl,1,4.5,4.5,NASA Exoplanet Archive spectra index
OBSERVED,e0020fedb9b8f4a1a2e4,WASP-79 b,eclipse,Garhart et al. 2020,2020AJ....159..137G,,Spitzer Space Telescope satellite,Infrared Array Camera (IRAC),,not_provided_by_archive_index,Table 1 & 6,64/92/53/31/WASP_79_b_3.11520_5410_29.tbl,2,3.6,4.5,NASA Exoplanet Archive spectra index
OBSERVED,be3ec7202740c0729c5a,WASP-79 b,eclipse,Mansfield et al. 2021,2021NatAs...5.1224M,,Hubble Space Telescope satellite,Wide Field Camera 3,,not_provided_by_archive_index,Supplementary Table 5,64/32/07/13/WASP_79_b_3.11520_5227_1.tbl,14,1.139,1.64,NASA Exoplanet Archive spectra index
OBSERVED,b576eac3e5295e902948,WASP-79 b,eclipse,Foote et al. 2022,2022AJ....163....7F,,Hubble Space Telescope satellite,Wide Field Camera 3,,not_provided_by_archive_index,Three bins of width 0.20 um.,25/33/11/09/WASP_79_b_3.11520_5248_1.tbl,3,1.18,1.58,NASA Exoplanet Archive spectra index
OBSERVED,4bdadcba2d28faa20bd0,WASP-79 b,eclipse,Changeat et al. 2022,2022ApJS..260....3C,,Spitzer Space Telescope satellite,Infrared Array Camera (IRAC),,not_provided_by_archive_index,Figure 2,76/35/83/47/WASP_79_b_3.11520_5219_149.tbl,2,3.6,4.5,NASA Exoplanet Archive spectra index
OBSERVED,db7c8980e68fdc28ad56,WASP-79 b,eclipse,Changeat et al. 2022,2022ApJS..260....3C,,Hubble Space Telescope satellite,Wide Field Camera 3,,not_provided_by_archive_index,Figure 2,96/29/42/34/WASP_79_b_3.11520_5219_148.tbl,18,1.1262,1.6237,NASA Exoplanet Archive spectra index
OBSERVED,e9841c1d08210608c657,WASP-79 b,eclipse,Deming et al. 2023,2023AJ....165..104D,,Spitzer Space Telescope satellite,Infrared Array Camera (IRAC),,not_provided_by_archive_index,"AOR = 51839488, date is start time.",85/78/24/60/WASP_79_b_3.11520_5869_379.tbl,1,4.5,4.5,NASA Exoplanet Archive spectra index
OBSERVED,303e55cddfbcd7841001,WASP-79 b,eclipse,Deming et al. 2023,2023AJ....165..104D,,Spitzer Space Telescope satellite,Infrared Array Camera (IRAC),,not_provided_by_archive_index,"AOR = 51841536, date is start time.",86/08/06/81/WASP_79_b_3.11520_5869_378.tbl,1,3.6,3.6,NASA Exoplanet Archive spectra index
OBSERVED,f83720dd53f4f549e891,WASP-79 b,transmission,Sotzen et al. 2020,2020AJ....159....5S,,Carnegie Institution for Science (CIS) 6.5m Landon Clay Telescope at Las Campanas Observatory (LCO),LDSS-3C,,not_provided_by_archive_index,,32/60/64/12/WASP_79_b_3.11520_4598_2.tbl,8,0.647,1,NASA Exoplanet Archive spectra index
OBSERVED,1aa8a7b35e7bc3459d3e,WASP-79 b,transmission,Sotzen et al. 2020,2020AJ....159....5S,,Hubble Space Telescope satellite,Wide Field Camera 3,,not_provided_by_archive_index,,49/70/70/95/WASP_79_b_3.11520_4598_4.tbl,15,1.143,1.632,NASA Exoplanet Archive spectra index
OBSERVED,5a4dafc612ff5c27ec87,WASP-79 b,transmission,Sotzen et al. 2020,2020AJ....159....5S,,Transiting Exoplanet Survey Satellite,TESS CCD Array,,not_provided_by_archive_index,,84/69/66/77/WASP_79_b_3.11520_4598_3.tbl,1,0.808,0.808,NASA Exoplanet Archive spectra index
OBSERVED,cb284bdf7caeff65a763,WASP-79 b,transmission,Sotzen et al. 2020,2020AJ....159....5S,,Spitzer Space Telescope satellite,Infrared Array Camera (IRAC),,not_provided_by_archive_index,,99/06/78/29/WASP_79_b_3.11520_4598_1.tbl,2,3.56,4.5,NASA Exoplanet Archive spectra index
OBSERVED,fb2e3fb41f8b9d705957,WASP-79 b,transmission,Skaf et al. 2020,2020AJ....160..109S,,Hubble Space Telescope satellite,Wide Field Camera 3,,not_provided_by_archive_index,Table 4,30/06/34/05/WASP_79_b_3.11520_5124_2.tbl,25,1.1262,1.6295,NASA Exoplanet Archive spectra index
OBSERVED,bad9b091cf325734080f,WASP-79 b,transmission,Baxter et al. 2021,2021A&A...648A.127B,,Spitzer Space Telescope satellite,Infrared Array Camera (IRAC),,not_provided_by_archive_index,from Table 4,63/96/10/88/WASP_79_b_3.11520_6099_1.tbl,2,3.6,4.5,NASA Exoplanet Archive spectra index
OBSERVED,7206f289ea134b616317,WASP-79 b,transmission,Rathcke et al. 2021,2021AJ....162..138R,,Hubble Space Telescope satellite,Space Telescope Imaging Spectrograph,,not_provided_by_archive_index,Table 6,28/42/36/64/WASP_79_b_3.11520_5231_1.tbl,36,0.3397,0.97,NASA Exoplanet Archive spectra index
OBSERVED,62771646f34948a5cb14,WASP-79 b,transmission,Changeat et al. 2022,2022ApJS..260....3C,,Hubble Space Telescope satellite,Wide Field Camera 3,,not_provided_by_archive_index,Figure 2,69/44/53/73/WASP_79_b_3.11520_5219_91.tbl,25,1.1262,1.6295,NASA Exoplanet Archive spectra index
OBSERVED,61247c0dbb30a0f07b5f,WASP-79 b,transmission,Gressier et al. 2023,2023A&A...672A..34G,,Hubble Space Telescope satellite,Space Telescope Imaging Spectrograph,,not_provided_by_archive_index,Table 6,30/41/53/09/WASP_79_b_3.11520_5208_1.tbl,6,0.2387,0.2986,NASA Exoplanet Archive spectra index
OBSERVED,da6055506d43d196c61f,WASP-8 b,eclipse,Cubillos et al. 2013,2013ApJ...768...42C,,Spitzer Space Telescope satellite,Infrared Array Camera (IRAC),,not_provided_by_archive_index,,24/45/76/57/WASP_8_b_3.11479_4107_1.tbl,3,3.6,8,NASA Exoplanet Archive spectra index
OBSERVED,0ad130cc87c6768ecb8a,WASP-8 b,eclipse,Deming et al. 2023,2023AJ....165..104D,,Spitzer Space Telescope satellite,Infrared Array Camera (IRAC),,not_provided_by_archive_index,"AOR = 39200512, date is start time.",08/56/14/69/WASP_08_b_3.11479_5869_223.tbl,1,3.6,3.6,NASA Exoplanet Archive spectra index
OBSERVED,2be3779b120fbda4511c,WASP-8 b,eclipse,Deming et al. 2023,2023AJ....165..104D,,Spitzer Space Telescope satellite,Infrared Array Camera (IRAC),,not_provided_by_archive_index,"AOR = 39199488, date is start time.",78/35/81/25/WASP_08_b_3.11479_5869_224.tbl,1,4.5,4.5,NASA Exoplanet Archive spectra index
OBSERVED,51ac9004bec8fcacb114,WASP-80 b,eclipse,Triaud et al. 2015,2015MNRAS.450.2279T,,Spitzer Space Telescope satellite,Infrared Array Camera (IRAC),,not_provided_by_archive_index,Table 1,89/71/73/72/WASP_80_b_3.11585_3542_1.tbl,2,3.6,4.5,NASA Exoplanet Archive spectra index
OBSERVED,fe290d1c2b3a56d4bfb7,WASP-80 b,eclipse,Wong et al. 2022,2022AJ....164...30W,,Spitzer Space Telescope satellite,Infrared Array Camera (IRAC),,not_provided_by_archive_index,"Table 6, Global Fit",39/03/10/07/WASP_80_b_3.11585_5547_5.tbl,2,3.6,4.5,NASA Exoplanet Archive spectra index
OBSERVED,c63c9c7df6c77c1528b8,WASP-80 b,eclipse,Deming et al. 2023,2023AJ....165..104D,,Spitzer Space Telescope satellite,Infrared Array Camera (IRAC),,not_provided_by_archive_index,"AOR = 48361984, date is start time.",15/75/14/40/WASP_80_b_3.11585_5869_385.tbl,1,4.5,4.5,NASA Exoplanet Archive spectra index
OBSERVED,0aa2bb0ddfa26dcff996,WASP-80 b,eclipse,Deming et al. 2023,2023AJ....165..104D,,Spitzer Space Telescope satellite,Infrared Array Camera (IRAC),,not_provided_by_archive_index,"AOR = 48362240, date is start time.",18/51/28/10/WASP_80_b_3.11585_5869_381.tbl,1,3.6,3.6,NASA Exoplanet Archive spectra index
OBSERVED,5938a131a815b6b16b7b,WASP-80 b,eclipse,Deming et al. 2023,2023AJ....165..104D,,Spitzer Space Telescope satellite,Infrared Array Camera (IRAC),,not_provided_by_archive_index,"AOR = 48359936, date is start time.",59/99/14/65/WASP_80_b_3.11585_5869_384.tbl,1,4.5,4.5,NASA Exoplanet Archive spectra index
OBSERVED,6250e4ec77f2995f1fc0,WASP-80 b,eclipse,Deming et al. 2023,2023AJ....165..104D,,Spitzer Space Telescope satellite,Infrared Array Camera (IRAC),,not_provided_by_archive_index,"AOR = 48360192, date is start time.",61/65/89/14/WASP_80_b_3.11585_5869_380.tbl,1,3.6,3.6,NASA Exoplanet Archive spectra index
OBSERVED,6cccd7315360404636c6,WASP-80 b,eclipse,Deming et al. 2023,2023AJ....165..104D,,Spitzer Space Telescope satellite,Infrared Array Camera (IRAC),,not_provided_by_archive_index,"AOR = 50978304, date is start time.",89/95/23/46/WASP_80_b_3.11585_5869_383.tbl,1,3.6,3.6,NASA Exoplanet Archive spectra index
OBSERVED,dd66935c0eab2e0912ad,WASP-80 b,eclipse,Deming et al. 2023,2023AJ....165..104D,,Spitzer Space Telescope satellite,Infrared Array Camera (IRAC),,not_provided_by_archive_index,"AOR = 50671616, date is start time.",95/90/04/53/WASP_80_b_3.11585_5869_382.tbl,1,3.6,3.6,NASA Exoplanet Archive spectra index
OBSERVED,df8244358c34dc1113aa,WASP-80 b,eclipse,Jacobs et al. 2023,2023ApJ...956L..43J,,Hubble Space Telescope satellite,Wide Field Camera 3,,not_provided_by_archive_index,Figure 1,23/22/80/69/WASP_80_b_3.11585_5433_1.tbl,3,1.209,1.568,NASA Exoplanet Archive spectra index
OBSERVED,acf68a7087a849ac7ce7,WASP-80 b,eclipse,Bell et al. 2023,2023Natur.623..709B,,NASA 6.5m James Webb Space Telescope (JWST) Satellite Mission,Near Infrared Camera (NIRCam),,not_provided_by_archive_index,"Figure 3, Fiducial spectrum",05/20/18/54/WASP_80_b_3.11585_5432_2.tbl,113,2.4218,4.0555,NASA Exoplanet Archive spectra index
OBSERVED,11cd6b381510b90ac486,WASP-80 b,eclipse,Morel et al. 2025,2025AJ....169..277M,,NASA 6.5m James Webb Space Telescope (JWST) Satellite Mission,Near Infrared Imager and Slitless Spectrograph (NIRISS),,not_provided_by_archive_index,"SOSS, figure 3",87/74/64/56/WASP_80_b_3.11585_5950_1.tbl,28,0.7169,2.7708,NASA Exoplanet Archive spectra index
OBSERVED,b8155aeff3de4a2eb36c,WASP-80 b,transmission,Fukui et al. 2014,2014ApJ...790..108F,,National Astronomical Observatory of Japan's Okayama Astrophysical Observatory 1.88m Telescope,ISLE,,not_provided_by_archive_index,,35/67/42/35/WASP_80_b_3.11585_3637_3.tbl,2,1.215,1.215,NASA Exoplanet Archive spectra index
OBSERVED,55a1306ee0b3ade8ee89,WASP-80 b,transmission,Fukui et al. 2014,2014ApJ...790..108F,,Infrared Survey Facility,SIRIUS,,not_provided_by_archive_index,,46/32/24/03/WASP_80_b_3.11585_3637_1.tbl,9,1.25,2.14,NASA Exoplanet Archive spectra index
OBSERVED,01af8be3f908ec4ab7f5,WASP-80 b,transmission,Fukui et al. 2014,2014ApJ...790..108F,,National Astronomical Observatory of Japan's Okayama Astrophysical Observatory 0.5m Telescope,,,not_provided_by_archive_index,,88/04/35/06/WASP_80_b_3.11585_3637_2.tbl,6,0.48,0.8,NASA Exoplanet Archive spectra index
OBSERVED,d1b1933b2fa702a5b8de,WASP-80 b,transmission,Triaud et al. 2015,2015MNRAS.450.2279T,,Max Planck Gesellschaft 2.2 meter Telescope at European Southern Observatory,GROND,,not_provided_by_archive_index,,11/86/26/89/WASP_80_b_3.11585_3542_5.tbl,2,0.47,0.77,NASA Exoplanet Archive spectra index
OBSERVED,380698518825a03a1d1e,WASP-80 b,transmission,Triaud et al. 2015,2015MNRAS.450.2279T,,Danish 1.54m telescope at European Southern Observatory,DFOSC,,not_provided_by_archive_index,,19/06/22/12/WASP_80_b_3.11585_3542_4.tbl,1,0.8,0.8,NASA Exoplanet Archive spectra index
OBSERVED,28ce7af6adf1857e0c71,WASP-80 b,transmission,Triaud et al. 2015,2015MNRAS.450.2279T,,Spitzer Space Telescope satellite,Infrared Array Camera (IRAC),,not_provided_by_archive_index,,50/86/70/29/WASP_80_b_3.11585_3542_3.tbl,2,3.6,4.5,NASA Exoplanet Archive spectra index
OBSERVED,f6a813fd07f5abde4a82,WASP-80 b,transmission,Triaud et al. 2015,2015MNRAS.450.2279T,,Multiple Observatories,Multiple Instruments,,not_provided_by_archive_index,,56/31/13/75/WASP_80_b_3.11585_3542_2.tbl,2,0.62,0.9,NASA Exoplanet Archive spectra index
OBSERVED,901b3d782c858842870c,WASP-80 b,transmission,Sedaghati et al. 2017,2017MNRAS.468.3123S,,European Southern Observatory (ESO) 8.2m Very Large Telescope (VLT) Antu (UT1) at Paranal Observatory,FORS2,,not_provided_by_archive_index,Table 3,80/52/77/34/WASP_80_b_3.11585_4291_1.tbl,23,0.753,0.973,NASA Exoplanet Archive spectra index
OBSERVED,49f890bff38a54b153ad,WASP-80 b,transmission,Kirk et al. 2018,2018MNRAS.474..876K,,Isaac Newton Group (ING) 4.2m William Herschel Telescope (WHT) at Observatorio del Roque de los Muchachos,ACAM,,not_provided_by_archive_index,,50/27/99/12/WASP_80_b_3.11585_4197_1.tbl,34,0.479,0.879,NASA Exoplanet Archive spectra index
OBSERVED,a85eb888d4818da572e2,WASP-80 b,transmission,Wong et al. 2022,2022AJ....164...30W,,Hubble Space Telescope satellite,Wide Field Camera 3,,not_provided_by_archive_index,"Table 5, G141",01/51/21/98/WASP_80_b_3.11585_5547_4.tbl,17,1.145,1.625,NASA Exoplanet Archive spectra index
OBSERVED,292456da39eefc38bccb,WASP-80 b,transmission,Wong et al. 2022,2022AJ....164...30W,,Spitzer Space Telescope satellite,Infrared Array Camera (IRAC),,not_provided_by_archive_index,Table 4,29/45/98/81/WASP_80_b_3.11585_5547_1.tbl,2,3.6,4.5,NASA Exoplanet Archive spectra index
OBSERVED,42bdbcb3ffa55056dbff,WASP-80 b,transmission,Wong et al. 2022,2022AJ....164...30W,,Hubble Space Telescope satellite,Space Telescope Imaging Spectrograph,,not_provided_by_archive_index,"Table 5, G750L",44/70/30/71/WASP_80_b_3.11585_5547_3.tbl,11,0.55,0.945,NASA Exoplanet Archive spectra index
OBSERVED,320d1b40b5fb801c8a1b,WASP-80 b,transmission,Wong et al. 2022,2022AJ....164...30W,,Hubble Space Telescope satellite,Space Telescope Imaging Spectrograph,,not_provided_by_archive_index,"Table 5, G430L",90/41/72/16/WASP_80_b_3.11585_5547_2.tbl,5,0.442,0.55,NASA Exoplanet Archive spectra index
OBSERVED,eb5e080f2e366b79dfe8,WASP-80 b,transmission,Bell et al. 2023,2023Natur.623..709B,,NASA 6.5m James Webb Space Telescope (JWST) Satellite Mission,Near Infrared Camera (NIRCam),,not_provided_by_archive_index,"Figure 3, Fiducial spectrum",71/63/29/25/WASP_80_b_3.11585_5432_1.tbl,113,2.4218,4.0555,NASA Exoplanet Archive spectra index
OBSERVED,bc12374e4373388d46ee,WASP-87 b,eclipse,Garhart et al. 2020,2020AJ....159..137G,,Spitzer Space Telescope satellite,Infrared Array Camera (IRAC),,not_provided_by_archive_index,Table 1 & 6,11/85/06/76/WASP_87_b_3.12389_5410_30.tbl,2,3.6,4.5,NASA Exoplanet Archive spectra index
OBSERVED,19c49662c9c848631f2c,WASP-87 b,eclipse,Deming et al. 2023,2023AJ....165..104D,,Spitzer Space Telescope satellite,Infrared Array Camera (IRAC),,not_provided_by_archive_index,"AOR = 62174464, date is start time.",58/84/93/63/WASP_87_b_3.12389_5869_387.tbl,1,4.5,4.5,NASA Exoplanet Archive spectra index
OBSERVED,2bd90ff4c20c2d7ae55c,WASP-87 b,eclipse,Deming et al. 2023,2023AJ....165..104D,,Spitzer Space Telescope satellite,Infrared Array Camera (IRAC),,not_provided_by_archive_index,"AOR = 62173952, date is start time.",76/65/62/01/WASP_87_b_3.12389_5869_386.tbl,1,3.6,3.6,NASA Exoplanet Archive spectra index
OBSERVED,a49ac051d6c7b2c45668,WASP-94 A b,eclipse,Garhart et al. 2020,2020AJ....159..137G,,Spitzer Space Telescope satellite,Infrared Array Camera (IRAC),,not_provided_by_archive_index,Table 1 & 6,67/80/63/28/WASP_94A_b_3.11708_5410_31.tbl,2,3.6,4.5,NASA Exoplanet Archive spectra index
OBSERVED,423f556a75a582144241,WASP-94 A b,eclipse,Deming et al. 2023,2023AJ....165..104D,,Spitzer Space Telescope satellite,Infrared Array Camera (IRAC),,not_provided_by_archive_index,"AOR = 62174976, date is start time.",18/69/71/61/WASP_94_A_b_3.11708_5869_388.tbl,1,3.6,3.6,NASA Exoplanet Archive spectra index
OBSERVED,db606c10435fd89eae0e,WASP-94 A b,eclipse,Deming et al. 2023,2023AJ....165..104D,,Spitzer Space Telescope satellite,Infrared Array Camera (IRAC),,not_provided_by_archive_index,"AOR = 62176000, date is start time.",23/16/66/18/WASP_94_A_b_3.11708_5869_389.tbl,1,4.5,4.5,NASA Exoplanet Archive spectra index
OBSERVED,f483b1a9737fd6825de6,WASP-94 A b,transmission,Baxter et al. 2021,2021A&A...648A.127B,,Spitzer Space Telescope satellite,Infrared Array Camera (IRAC),,not_provided_by_archive_index,from Table 4,71/24/87/73/WASP_94_A_b_3.11708_6099_1.tbl,2,3.6,4.5,NASA Exoplanet Archive spectra index
OBSERVED,24c2f9686df292e48944,WASP-94 A b,transmission,Ahrer et al. 2025,2025MNRAS.540.2535A,,NASA 6.5m James Webb Space Telescope (JWST) Satellite Mission,Near Infrared Spectrograph (NIRSpec),,not_provided_by_archive_index,"G395H, Eureka R100",03/82/14/13/WASP_94_A_b_3.11708_5700_1.tbl,61,2.7765,5.1797,NASA Exoplanet Archive spectra index
OBSERVED,77146ee1385ad99f3fbd,WASP-94 A b,transmission,Ahrer et al. 2025,2025MNRAS.540.2535A,,NASA 6.5m James Webb Space Telescope (JWST) Satellite Mission,Near Infrared Spectrograph (NIRSpec),,not_provided_by_archive_index,"G395H, Eureka R400. Data at 3.723224716934997680 micron omitted due to an errant data value.",43/45/25/40/WASP_94_A_b_3.11708_5700_2.tbl,240,2.7662,5.1661,NASA Exoplanet Archive spectra index
OBSERVED,de86a72e977f301df3eb,WASP-94 A b,transmission,Ahrer et al. 2025,2025MNRAS.540.2535A,,NASA 6.5m James Webb Space Telescope (JWST) Satellite Mission,Near Infrared Spectrograph (NIRSpec),,not_provided_by_archive_index,"G395H, ExoTiC-JEDI R400",45/60/44/21/WASP_94_A_b_3.11708_5700_4.tbl,224,2.8789,5.166,NASA Exoplanet Archive spectra index
OBSERVED,dceb87a6aed462df89d7,WASP-94 A b,transmission,Ahrer et al. 2025,2025MNRAS.540.2535A,,NASA 6.5m James Webb Space Telescope (JWST) Satellite Mission,Near Infrared Spectrograph (NIRSpec),,not_provided_by_archive_index,"G395H, ExoTiC-JEDI R100",89/60/67/53/WASP_94_A_b_3.11708_5700_3.tbl,57,2.8605,5.128,NASA Exoplanet Archive spectra index
OBSERVED,dd76e27ebf2c3522947a,WASP-94 A b,transmission,Mukherjee et al. 2026,2026Sci...392..858M,,NASA 6.5m James Webb Space Telescope (JWST) Satellite Mission,Near Infrared Imager and Slitless Spectrograph (NIRISS),,not_provided_by_archive_index,SOSS; FIREFLy reduction; spherically symmetric spectrum,19/70/88/93/WASP_94_A_b_3.11708_6047_1.tbl,59,0.8695,2.7946,NASA Exoplanet Archive spectra index
OBSERVED,f8b6a970cda529312646,WASP-95 b,eclipse,Deming et al. 2023,2023AJ....165..104D,,Spitzer Space Telescope satellite,Infrared Array Camera (IRAC),,not_provided_by_archive_index,"AOR = 67663872, date is start time.",41/65/32/34/WASP_95_b_3.11666_5869_390.tbl,1,4.5,4.5,NASA Exoplanet Archive spectra index
OBSERVED,0a06099bde674898e435,WASP-95 b,eclipse,Deming et al. 2023,2023AJ....165..104D,,Spitzer Space Telescope satellite,Infrared Array Camera (IRAC),,not_provided_by_archive_index,"AOR = 67665152, date is start time.",54/51/29/03/WASP_95_b_3.11666_5869_391.tbl,1,4.5,4.5,NASA Exoplanet Archive spectra index
OBSERVED,6db90d840a6874b3d35b,WASP-96 b,eclipse,Nikolov et al. 2022,2022MNRAS.515.3037N,,Spitzer Space Telescope satellite,Infrared Array Camera (IRAC),,not_provided_by_archive_index,Section 3.2.2,94/43/47/26/WASP_96_b_3.11667_5692_4.tbl,2,3.6,4.5,NASA Exoplanet Archive spectra index
OBSERVED,98c37aad736d0b823fc1,WASP-96 b,eclipse,Deming et al. 2023,2023AJ....165..104D,,Spitzer Space Telescope satellite,Infrared Array Camera (IRAC),,not_provided_by_archive_index,"AOR = 69632256, date is start time.",52/79/09/94/WASP_96_b_3.11667_5869_393.tbl,1,4.5,4.5,NASA Exoplanet Archive spectra index
OBSERVED,b465facac7bbc233a80f,WASP-96 b,eclipse,Deming et al. 2023,2023AJ....165..104D,,Spitzer Space Telescope satellite,Infrared Array Camera (IRAC),,not_provided_by_archive_index,"AOR = 69631744, date is start time.",53/79/70/68/WASP_96_b_3.11667_5869_392.tbl,1,3.6,3.6,NASA Exoplanet Archive spectra index
OBSERVED,2e514fc66894f1267928,WASP-96 b,transmission,Nikolov et al. 2018,2018Natur.557..526N,,European Southern Observatory (ESO) 8.2m Very Large Telescope (VLT) Antu (UT1) at Paranal Observatory,FORS2,,not_provided_by_archive_index,,87/10/59/86/WASP_96_b_3.11667_4178_1.tbl,49,0.3756,0.7973,NASA Exoplanet Archive spectra index
OBSERVED,f809f3f4d067883fed76,WASP-96 b,transmission,Yip et al. 2021,2021AJ....161....4Y,,Transiting Exoplanet Survey Satellite,TESS CCD Array,,not_provided_by_archive_index,Table 6; figure 9,34/26/43/79/WASP_96_b_3.11667_6014_3.tbl,1,0.8,0.8,NASA Exoplanet Archive spectra index
OBSERVED,844f00e580c581ee5b71,WASP-96 b,transmission,Yip et al. 2021,2021AJ....161....4Y,,Hubble Space Telescope satellite,Wide Field Camera 3,,not_provided_by_archive_index,Table 6; figure 9; G102 and G141 combined,61/57/73/44/WASP_96_b_3.11667_6014_1.tbl,38,0.8125,1.6295,NASA Exoplanet Archive spectra index
OBSERVED,b6837ac73c908cf7d603,WASP-96 b,transmission,Yip et al. 2021,2021AJ....161....4Y,,Spitzer Space Telescope satellite,Infrared Array Camera (IRAC),,not_provided_by_archive_index,Table 6; figure 9,96/42/34/98/WASP_96_b_3.11667_6014_2.tbl,2,3.6,4.5,NASA Exoplanet Archive spectra index
OBSERVED,f14be18856c0e67005cc,WASP-96 b,transmission,Nikolov et al. 2022,2022MNRAS.515.3037N,,Hubble Space Telescope satellite,Wide Field Camera 3,,not_provided_by_archive_index,Table 6,20/87/66/65/WASP_96_b_3.11667_5692_2.tbl,66,0.8246,1.6349,NASA Exoplanet Archive spectra index
OBSERVED,000cf6c10bf89ab13b56,WASP-96 b,transmission,Nikolov et al. 2022,2022MNRAS.515.3037N,,Spitzer Space Telescope satellite,Infrared Array Camera (IRAC),,not_provided_by_archive_index,Table 6,27/17/58/53/WASP_96_b_3.11667_5692_3.tbl,2,3.6,4.5,NASA Exoplanet Archive spectra index
OBSERVED,5d3a1cbac860072fcfda,WASP-96 b,transmission,Nikolov et al. 2022,2022MNRAS.515.3037N,,European Southern Observatory (ESO) 8.2m Very Large Telescope (VLT) Antu (UT1) at Paranal Observatory,FORS2 Spectrograph,,not_provided_by_archive_index,Table 6,88/83/04/09/WASP_96_b_3.11667_5692_1.tbl,49,0.3756,0.7973,NASA Exoplanet Archive spectra index
OBSERVED,77a5c02ea1d9cb417a59,WASP-96 b,transmission,Radica et al. 2023,2023MNRAS.524..835R,,NASA 6.5m James Webb Space Telescope (JWST) Satellite Mission,Near Infrared Imager and Slitless Spectrograph (NIRISS),,not_provided_by_archive_index,"SOSS mode, supreme-SPOON pipeline",78/37/79/50/WASP_96_b_3.11667_5310_1.tbl,2605,0.6,2.8286,NASA Exoplanet Archive spectra index
OBSERVED,977ac42ee572b27988e1,WASP-96 b,transmission,Wang et al. 2026,2026AJ....171..147W,,NASA 6.5m James Webb Space Telescope (JWST) Satellite Mission,Near Infrared Imager and Slitless Spectrograph (NIRISS),,not_provided_by_archive_index,"SOSS, Figure 5",21/55/10/87/WASP_96_b_3.11667_5995_1.tbl,278,0.606,2.824,NASA Exoplanet Archive spectra index
OBSERVED,c3980fbcd3078c75be92,WASP-97 b,eclipse,Garhart et al. 2020,2020AJ....159..137G,,Spitzer Space Telescope satellite,Infrared Array Camera (IRAC),,not_provided_by_archive_index,Table 1 & 6,62/11/68/13/WASP_97_b_3.11668_5410_32.tbl,2,3.6,4.5,NASA Exoplanet Archive spectra index
OBSERVED,eb2ea53d15c81d205813,WASP-97 b,eclipse,Deming et al. 2023,2023AJ....165..104D,,Spitzer Space Telescope satellite,Infrared Array Camera (IRAC),,not_provided_by_archive_index,"AOR = 62177536, date is start time.",01/11/82/33/WASP_97_b_3.11668_5869_395.tbl,1,4.5,4.5,NASA Exoplanet Archive spectra index
OBSERVED,4290e5ad413e2f92cff7,WASP-97 b,eclipse,Deming et al. 2023,2023AJ....165..104D,,Spitzer Space Telescope satellite,Infrared Array Camera (IRAC),,not_provided_by_archive_index,"AOR = 62177024, date is start time.",29/36/37/24/WASP_97_b_3.11668_5869_394.tbl,1,3.6,3.6,NASA Exoplanet Archive spectra index
OBSERVED,911123b2da8740e002fd,WASP-98 b,transmission,Mancini et al. 2016,2016MNRAS.461.1053M,,Max Planck Gesellschaft 2.2 meter Telescope at European Southern Observatory,GROND,,not_provided_by_archive_index,,42/69/84/13/WASP_98_b_3.11669_3846_1.tbl,8,0.459,0.8989,NASA Exoplanet Archive spectra index
OBSERVED,19c3241464aba253ec5b,WD 0806-661 b,direct imaging,Voyer et al. 2025,2025ApJ...982L..38V,,NASA 6.5m James Webb Space Telescope (JWST) Satellite Mission,Mid-Infrared Instrument (MIRI) - LRS,,not_provided_by_archive_index,Figure 3,82/46/27/44/WD_0806_661_b_3.11616_5641_1.tbl,241,5.0157,11.9704,NASA Exoplanet Archive spectra index
OBSERVED,8531536057d8b83e78a2,XO-1 b,eclipse,Machalek et al. 2008,2008ApJ...684.1427M,,Spitzer Space Telescope satellite,Infrared Array Camera (IRAC),,not_provided_by_archive_index,Table 2,85/66/26/05/XO_1_b_3.11480_4075_1.tbl,4,3.6,8,NASA Exoplanet Archive spectra index
OBSERVED,568fdca75bad8db12bb3,XO-1 b,eclipse,Deming et al. 2023,2023AJ....165..104D,,Spitzer Space Telescope satellite,Infrared Array Camera (IRAC),,not_provided_by_archive_index,"AOR = 21374208, date is start time.",23/86/54/84/XO_1_b_3.11480_5869_426.tbl,1,3.6,3.6,NASA Exoplanet Archive spectra index
OBSERVED,77c0a8c6fc12c50d988f,XO-1 b,eclipse,Deming et al. 2023,2023AJ....165..104D,,Spitzer Space Telescope satellite,Infrared Array Camera (IRAC),,not_provided_by_archive_index,"AOR = 21374464, date is start time.",44/55/15/63/XO_1_b_3.11480_5869_427.tbl,1,4.5,4.5,NASA Exoplanet Archive spectra index
OBSERVED,421b4428bd9860ed7173,XO-1 b,transmission,Crouzet et al. 2012,2012ApJ...761....7C,,Hubble Space Telescope satellite,Near Infrared Camera and Multi-Object Spectrometer,,not_provided_by_archive_index,,15/24/98/93/XO_1_b_3.11480_4247_1.tbl,15,1.212,1.772,NASA Exoplanet Archive spectra index
OBSERVED,fecb77c50a23ff21429b,XO-1 b,transmission,Deming et al. 2013,2013ApJ...774...95D,,Hubble Space Telescope satellite,Wide Field Camera 3,,not_provided_by_archive_index,,62/52/30/64/XO_1_b_3.11480_3649_1.tbl,29,1.121,1.648,NASA Exoplanet Archive spectra index
OBSERVED,d27c0da891612314a03e,XO-1 b,transmission,Baxter et al. 2021,2021A&A...648A.127B,,Spitzer Space Telescope satellite,Infrared Array Camera (IRAC),,not_provided_by_archive_index,from Table 4,36/00/38/41/XO_1_b_3.11480_6099_1.tbl,2,3.6,4.5,NASA Exoplanet Archive spectra index
OBSERVED,8375c3abdf29e3d98de1,XO-2 N b,eclipse,Machalek et al. 2009,2009ApJ...701..514M,,Spitzer Space Telescope satellite,Infrared Array Camera (IRAC),,not_provided_by_archive_index,Table 1,32/02/24/21/XO_2_N_b_3.11481_4080_1.tbl,4,3.6,8,NASA Exoplanet Archive spectra index
OBSERVED,aa610d410884fdab2540,XO-2 N b,eclipse,Deming et al. 2023,2023AJ....165..104D,,Spitzer Space Telescope satellite,Infrared Array Camera (IRAC),,not_provided_by_archive_index,"AOR = 24462080, date is start time.",15/96/36/64/XO_2_b_3.11481_5869_428.tbl,1,3.6,3.6,NASA Exoplanet Archive spectra index
OBSERVED,a9b6d36b3d647316f289,XO-2 N b,eclipse,Deming et al. 2023,2023AJ....165..104D,,Spitzer Space Telescope satellite,Infrared Array Camera (IRAC),,not_provided_by_archive_index,"AOR = 24462336, date is start time.",41/57/08/25/XO_2_b_3.11481_5869_429.tbl,1,4.5,4.5,NASA Exoplanet Archive spectra index
OBSERVED,7e5f984f21da6160726f,XO-2 N b,transmission,Sing et al. 2011,2011A&A...527A..73S,,Gran Telescopio CANARIAS 10.4m telescope,OSIRIS,,not_provided_by_archive_index,,33/78/15/76/XO_2_N_b_3.11481_4248_1.tbl,4,0.6792,0.8839,NASA Exoplanet Archive spectra index
OBSERVED,b547766cb165e49cd0a2,XO-2 N b,transmission,Crouzet et al. 2012,2012ApJ...761....7C,,Hubble Space Telescope satellite,Near Infrared Camera and Multi-Object Spectrometer,,not_provided_by_archive_index,,81/52/89/98/XO_2_N_b_3.11481_4247_1.tbl,15,1.205,1.765,NASA Exoplanet Archive spectra index
OBSERVED,c0aa4afbfe3cabfc7c11,XO-2 N b,transmission,Zellem et al. 2015,2015ApJ...810...11Z,,Steward Observatory's 1.5 meter Kuiper Telescope,Mont4k CCD,,not_provided_by_archive_index,,14/18/97/21/XO_2_N_b_3.11481_3666_1.tbl,13,0.36,0.44,NASA Exoplanet Archive spectra index
OBSERVED,2a4018d8388fae225a50,XO-2 N b,transmission,Pearson et al. 2019,2019AJ....157...21P,,National Optical Astronomy Observatory (NOAO) 4m Nicholas U. Mayall Telescope at Kitt Peak National Observatory (KPNO),KOSMOS,,not_provided_by_archive_index,,19/97/80/05/XO_2_N_b_3.11481_4246_2.tbl,86,0.384,0.6558,NASA Exoplanet Archive spectra index
OBSERVED,c43d761945e232fdba21,XO-2 N b,transmission,Pearson et al. 2019,2019AJ....157...21P,,Association of Universities for Research in Astronomy (AURA) 8.1m Frederick C. Gillett Gemini North Telescope at Mauna Kea Observatory,GMOS,,not_provided_by_archive_index,,89/02/04/94/XO_2_N_b_3.11481_4246_1.tbl,60,0.3951,0.6316,NASA Exoplanet Archive spectra index
OBSERVED,7ae4cb6b7b4b8b587ef5,XO-2 N b,transmission,Baxter et al. 2021,2021A&A...648A.127B,,Spitzer Space Telescope satellite,Infrared Array Camera (IRAC),,not_provided_by_archive_index,from Table 4,91/42/52/59/XO_2_b_3.11481_6099_1.tbl,2,3.6,4.5,NASA Exoplanet Archive spectra index
OBSERVED,fe29b26103fc7454b0c6,XO-3 b,eclipse,Machalek et al. 2010,2010ApJ...711..111M,,Spitzer Space Telescope satellite,Infrared Array Camera (IRAC),,not_provided_by_archive_index,Table 1,64/33/23/56/XO_3_b_3.11482_4085_1.tbl,4,3.6,8,NASA Exoplanet Archive spectra index
OBSERVED,9c41755a0485188af114,XO-3 b,eclipse,Wong et al. 2014,2014ApJ...794..134W,,Spitzer Space Telescope satellite,Infrared Array Camera (IRAC),,not_provided_by_archive_index,eclipse depth taken from Abstract,84/63/41/53/XO_3_b_3.11482_3924_1.tbl,1,4.5,4.5,NASA Exoplanet Archive spectra index
OBSERVED,d40f31ea5219ea88d117,XO-3 b,eclipse,Keating &amp; Cowan 2022,2022MNRAS.509..289K,,Spitzer Space Telescope satellite,Infrared Array Camera (IRAC),,not_provided_by_archive_index,Table 1,40/98/61/92/XO_3_b_3.11482_5555_34.tbl,1,4.5,4.5,NASA Exoplanet Archive spectra index
OBSERVED,1b994648fb470d6181bf,XO-3 b,eclipse,Deming et al. 2023,2023AJ....165..104D,,Spitzer Space Telescope satellite,Infrared Array Camera (IRAC),,not_provided_by_archive_index,"AOR = 46469632, date is start time.",01/03/87/56/XO_3_b_3.11482_5869_440.tbl,1,4.5,4.5,NASA Exoplanet Archive spectra index
OBSERVED,abb7fc940d9e1f29e767,XO-3 b,eclipse,Deming et al. 2023,2023AJ....165..104D,,Spitzer Space Telescope satellite,Infrared Array Camera (IRAC),,not_provided_by_archive_index,"AOR = 46468096, date is start time.",03/07/10/68/XO_3_b_3.11482_5869_436.tbl,1,4.5,4.5,NASA Exoplanet Archive spectra index
OBSERVED,478942a969a70a238db9,XO-3 b,eclipse,Deming et al. 2023,2023AJ....165..104D,,Spitzer Space Telescope satellite,Infrared Array Camera (IRAC),,not_provided_by_archive_index,"AOR = 46484992, date is start time.",06/19/17/03/XO_3_b_3.11482_5869_446.tbl,1,4.5,4.5,NASA Exoplanet Archive spectra index
OBSERVED,d4f193ce752d19524737,XO-3 b,eclipse,Deming et al. 2023,2023AJ....165..104D,,Spitzer Space Telescope satellite,Infrared Array Camera (IRAC),,not_provided_by_archive_index,"AOR = 46470400, date is start time.",07/55/99/42/XO_3_b_3.11482_5869_441.tbl,1,4.5,4.5,NASA Exoplanet Archive spectra index
OBSERVED,78f7a9834f485f35eae7,XO-3 b,eclipse,Deming et al. 2023,2023AJ....165..104D,,Spitzer Space Telescope satellite,Infrared Array Camera (IRAC),,not_provided_by_archive_index,"AOR = 46487296, date is start time.",38/00/66/78/XO_3_b_3.11482_5869_447.tbl,1,4.5,4.5,NASA Exoplanet Archive spectra index
OBSERVED,0e3cb55774262d80c2db,XO-3 b,eclipse,Deming et al. 2023,2023AJ....165..104D,,Spitzer Space Telescope satellite,Infrared Array Camera (IRAC),,not_provided_by_archive_index,"AOR = 46485760, date is start time.",50/08/99/03/XO_3_b_3.11482_5869_433.tbl,1,3.6,3.6,NASA Exoplanet Archive spectra index
OBSERVED,52fe869065197ea7831d,XO-3 b,eclipse,Deming et al. 2023,2023AJ....165..104D,,Spitzer Space Telescope satellite,Infrared Array Camera (IRAC),,not_provided_by_archive_index,"AOR = 39117824, date is start time.",54/07/27/43/XO_3_b_3.11482_5869_435.tbl,1,4.5,4.5,NASA Exoplanet Archive spectra index
OBSERVED,a1fa673c3a689375f9ed,XO-3 b,eclipse,Deming et al. 2023,2023AJ....165..104D,,Spitzer Space Telescope satellite,Infrared Array Camera (IRAC),,not_provided_by_archive_index,"AOR = 46469120, date is start time.",60/40/70/96/XO_3_b_3.11482_5869_439.tbl,1,4.5,4.5,NASA Exoplanet Archive spectra index
OBSERVED,2e781f67ad9c288374c2,XO-3 b,eclipse,Deming et al. 2023,2023AJ....165..104D,,Spitzer Space Telescope satellite,Infrared Array Camera (IRAC),,not_provided_by_archive_index,"AOR = 46471168, date is start time.",61/28/75/21/XO_3_b_3.11482_5869_444.tbl,1,4.5,4.5,NASA Exoplanet Archive spectra index
OBSERVED,5638be9a31e1ec6b1722,XO-3 b,eclipse,Deming et al. 2023,2023AJ....165..104D,,Spitzer Space Telescope satellite,Infrared Array Camera (IRAC),,not_provided_by_archive_index,"AOR = 31618816, date is start time.",68/60/78/33/XO_3_b_3.11482_5869_434.tbl,1,4.5,4.5,NASA Exoplanet Archive spectra index
OBSERVED,8a67dcf505890493e57e,XO-3 b,eclipse,Deming et al. 2023,2023AJ....165..104D,,Spitzer Space Telescope satellite,Infrared Array Camera (IRAC),,not_provided_by_archive_index,"AOR = 46482944, date is start time.",72/22/24/91/XO_3_b_3.11482_5869_432.tbl,1,3.6,3.6,NASA Exoplanet Archive spectra index
OBSERVED,1002e2106e536b8b4d97,XO-3 b,eclipse,Deming et al. 2023,2023AJ....165..104D,,Spitzer Space Telescope satellite,Infrared Array Camera (IRAC),,not_provided_by_archive_index,"AOR = 46471424, date is start time.",74/65/43/66/XO_3_b_3.11482_5869_445.tbl,1,4.5,4.5,NASA Exoplanet Archive spectra index
OBSERVED,781abe7c4a08f6cd7bfb,XO-3 b,eclipse,Deming et al. 2023,2023AJ....165..104D,,Spitzer Space Telescope satellite,Infrared Array Camera (IRAC),,not_provided_by_archive_index,"AOR = 46468352, date is start time.",77/07/69/55/XO_3_b_3.11482_5869_437.tbl,1,4.5,4.5,NASA Exoplanet Archive spectra index
OBSERVED,4bfc9d935a877da05580,XO-3 b,eclipse,Deming et al. 2023,2023AJ....165..104D,,Spitzer Space Telescope satellite,Infrared Array Camera (IRAC),,not_provided_by_archive_index,"AOR = 46470656, date is start time.",84/73/13/47/XO_3_b_3.11482_5869_442.tbl,1,4.5,4.5,NASA Exoplanet Archive spectra index
OBSERVED,d525caaefebf146a8531,XO-3 b,eclipse,Deming et al. 2023,2023AJ....165..104D,,Spitzer Space Telescope satellite,Infrared Array Camera (IRAC),,not_provided_by_archive_index,"AOR = 46470912, date is start time.",88/71/52/81/XO_3_b_3.11482_5869_443.tbl,1,4.5,4.5,NASA Exoplanet Archive spectra index
OBSERVED,07348c1b8cbab8161c28,XO-3 b,eclipse,Deming et al. 2023,2023AJ....165..104D,,Spitzer Space Telescope satellite,Infrared Array Camera (IRAC),,not_provided_by_archive_index,"AOR = 31618560, date is start time.",91/57/45/16/XO_3_b_3.11482_5869_430.tbl,1,3.6,3.6,NASA Exoplanet Archive spectra index
OBSERVED,c458f7ce1420548e16ea,XO-3 b,eclipse,Deming et al. 2023,2023AJ....165..104D,,Spitzer Space Telescope satellite,Infrared Array Camera (IRAC),,not_provided_by_archive_index,"AOR = 39117056, date is start time.",92/56/77/07/XO_3_b_3.11482_5869_431.tbl,1,3.6,3.6,NASA Exoplanet Archive spectra index
OBSERVED,18f7515a7529a3c4dab3,XO-3 b,eclipse,Deming et al. 2023,2023AJ....165..104D,,Spitzer Space Telescope satellite,Infrared Array Camera (IRAC),,not_provided_by_archive_index,"AOR = 46468608, date is start time.",93/44/67/37/XO_3_b_3.11482_5869_438.tbl,1,4.5,4.5,NASA Exoplanet Archive spectra index
OBSERVED,830961d57944eb122813,XO-3 b,transmission,Corrales et al. 2021,2021AJ....162..287C,,The Neil Gehrels Swift Observatory,UVOT,,not_provided_by_archive_index,from table 4; uvm2 filter,67/67/87/63/XO_3_b_3.11482_6068_1.tbl,1,0.2246,0.2246,NASA Exoplanet Archive spectra index
OBSERVED,32cf7ca04dd2d930e760,XO-4 b,eclipse,Todorov et al. 2012,2012ApJ...746..111T,,Spitzer Space Telescope satellite,Infrared Array Camera (IRAC),,not_provided_by_archive_index,"Table 4 (eclip depth), Table 5 (bright temp)",13/35/29/69/XO_4_b_3.11483_3155_1.tbl,2,3.6,4.5,NASA Exoplanet Archive spectra index
OBSERVED,7c910564521ad8c31db5,XO-4 b,eclipse,Deming et al. 2023,2023AJ....165..104D,,Spitzer Space Telescope satellite,Infrared Array Camera (IRAC),,not_provided_by_archive_index,"AOR = 31766784, date is start time.",49/15/54/01/XO_4_b_3.11483_5869_448.tbl,1,3.6,3.6,NASA Exoplanet Archive spectra index
OBSERVED,7e791263f48ab1fc0a4e,XO-4 b,eclipse,Deming et al. 2023,2023AJ....165..104D,,Spitzer Space Telescope satellite,Infrared Array Camera (IRAC),,not_provided_by_archive_index,"AOR = 31761920, date is start time.",50/77/09/22/XO_4_b_3.11483_5869_449.tbl,1,4.5,4.5,NASA Exoplanet Archive spectra index
OBSERVED,f247f076e126383112c5,bet Pic b,direct imaging,GRAVITY Collaboration et al. 2020,2020A&A...633A.110G,,Very Large Telescope Interferometer (VLTI),GRAVITY,,not_provided_by_archive_index,,20/18/55/73/bet_Pic_b_3.10942_5463_1.tbl,237,1.97,2.49,NASA Exoplanet Archive spectra index
OBSERVED,2b041c1f6971074972bb,bet Pic b,direct imaging,Kammerer et al. 2024,2024AJ....168...51K,,NASA 6.5m James Webb Space Telescope (JWST) Satellite Mission,Near Infrared Camera (NIRCam),,not_provided_by_archive_index,KLIP,35/70/95/54/bet_Pic_b_3.10942_5460_1.tbl,6,1.845,4.401,NASA Exoplanet Archive spectra index
OBSERVED,e7f0c1203aab2ec54fef,bet Pic b,direct imaging,Kammerer et al. 2024,2024AJ....168...51K,,NASA 6.5m James Webb Space Telescope (JWST) Satellite Mission,Near Infrared Camera (NIRCam),,not_provided_by_archive_index,MCRDI,78/39/22/98/bet_Pic_b_3.10942_5460_2.tbl,6,1.845,4.401,NASA Exoplanet Archive spectra index
OBSERVED,b12331ddbed23655ce0a,bet Pic b,direct imaging,Worthen et al. 2024,2024ApJ...964..168W,,NASA 6.5m James Webb Space Telescope (JWST) Satellite Mission,Mid-Infrared Instrument (MIRI) - MRS,,not_provided_by_archive_index,Scaling factor (typically 5%) applied to absolute flux calibration (see ref.),95/71/08/68/bet_Pic_b_3.10942_5467_1.tbl,27,4.9,6.83,NASA Exoplanet Archive spectra index
OBSERVED,f3787e738123facf80f0,eps Ind A b,direct imaging,Matthews et al. 2024,2024Natur.633..789M,,European Southern Observatory (ESO) 8.2m Very Large Telescope (VLT) Melipal (UT3) at Paranal Observatory,VLT Imager and Spectrometer for mid-InfraRed (VISIR),,not_provided_by_archive_index,Combined spectrum from 3 epochs,06/60/72/02/eps_Ind_A_b_3.12456_5444_2.tbl,1,11.3,11.3,NASA Exoplanet Archive spectra index
OBSERVED,55b7d3c2b64b03d0ddde,eps Ind A b,direct imaging,Matthews et al. 2024,2024Natur.633..789M,,NASA 6.5m James Webb Space Telescope (JWST) Satellite Mission,Mid-Infrared Instrument (MIRI),,not_provided_by_archive_index,"F1065C, F1550C Filters",10/27/14/22/eps_Ind_A_b_3.12456_5444_1.tbl,2,10.575,15.5,NASA Exoplanet Archive spectra index
OBSERVED,a6448c68bb4a815afbd9,eps Ind A b,direct imaging,Matthews et al. 2026,2026arXiv260308780M,,NASA 6.5m James Webb Space Telescope (JWST) Satellite Mission,Mid-Infrared Instrument (MIRI),,not_provided_by_archive_index,"Table 2, Adopted Flux values",00/39/78/89/eps_Ind_A_b_3.12456_5978_1.tbl,3,10.575,15.5,NASA Exoplanet Archive spectra index
OBSERVED,bb8c008d37a055f0f6ab,eps Ind A b,direct imaging,Sanghi et al. 2026,2026arXiv260308787S,,NASA 6.5m James Webb Space Telescope (JWST) Satellite Mission,Near Infrared Camera (NIRCam),,not_provided_by_archive_index,"Table 2; F200W, F410M, F430M",40/34/41/76/eps_Ind_A_b_3.12456_6080_1.tbl,3,1.988,4.281,NASA Exoplanet Archive spectra index
OBSERVED,92762c658cb80bc8858b,eps Ind A b,direct imaging,Sanghi et al. 2026,2026arXiv260308787S,,NASA 6.5m James Webb Space Telescope (JWST) Satellite Mission,Mid-Infrared Instrument (MIRI),,not_provided_by_archive_index,"Table 2; F1800W, F2100W, F2550W",78/74/20/75/eps_Ind_A_b_3.12456_6080_2.tbl,3,18,25.5,NASA Exoplanet Archive spectra index
OBSERVED,2be83d9b881442e65d17,kap And b,direct imaging,Godoy et al. 2025,2025A&A...702A...4G,,NASA 6.5m James Webb Space Telescope (JWST) Satellite Mission,Mid-Infrared Instrument (MIRI),,not_provided_by_archive_index,Table 4,46/20/64/48/Kappa_And_b_3.11572_5987_1.tbl,3,10.575,15.5,NASA Exoplanet Archive spectra index
