estimand,node_index,period_days,planet_radius_earth,log_quadrature_weight,effective_stars,label,gradient::mes::intercept,gradient::mes::log_raw_mes,gradient::mes::log_period,gradient::mes::log_duration,gradient::mes::duty_cycle,gradient::mes::log_dataspan,gradient::mes::cdpp_slope_long,gradient::mes::cdpp_slope_short,gradient::mes::log_stellar_radius,gradient::mes::stellar_logg,gradient::mes::stellar_teff_offset_1000k,gradient::pipeline::intercept,gradient::pipeline::log_mes_over_7,gradient::pipeline::log_period_scaled,gradient::pipeline::window_logit_scaled,gradient::pipeline::log_period_scaled_squared,gradient::vetting::intercept,gradient::vetting::log_mes_over_7,gradient::vetting::log_period_scaled,gradient::vetting::window_logit_scaled,gradient::vetting::log_period_scaled_squared
full_fixed_box,0,50.7958345534,0.506431611475,0.0013221294933,1.58233998287,MODEL-INFERRED,6.47422465178,11.1076483508,25.4295525198,11.0493846768,5.51132613385,47.1552711422,-0.815228129711,-3.27873607608,-1.07806291785,29.1188566094,0.495756660795,0.798249247435,-0.0125770854891,-0.78730030805,1.22326432535,0.776501546412,0.23449799812,-0.00788428900171,-0.231281578717,0.359280434163,0.228109276339
full_fixed_box,1,54.2940905005,0.506431611475,0.00301768222402,1.41012993621,MODEL-INFERRED,5.78339136542,9.86876063013,23.1012674791,9.97900283917,4.92466738901,42.1240830889,-0.735887220863,-2.93250928627,-0.986669290314,26.0239189993,0.406655742868,0.714233328007,-0.019033357611,-0.663119136797,1.0943613481,0.615662938627,0.206195308106,-0.00967262301398,-0.191438916893,0.315850992519,0.177738568535
full_fixed_box,2,61.0055499873,0.506431611475,0.00457476523763,1.14002360189,MODEL-INFERRED,4.6963507404,7.94630569812,19.3065327862,8.25511864642,4.0011569296,34.2072310115,-0.607223063693,-2.38291956764,-0.837031043819,21.1506708722,0.27548337499,0.581302889669,-0.0256125326376,-0.480854514788,0.890238930303,0.39776348699,0.163721368982,-0.0111767620077,-0.135430531727,0.250646538585,0.112028313945
full_fixed_box,3,71.6677140035,0.506431611475,0.00591817020468,0.830282377301,MODEL-INFERRED,3.44244389707,5.77129597839,14.7062592425,6.20197589938,2.9353107033,25.0747743308,-0.452888420216,-1.74296365856,-0.652762774577,15.5227798582,0.141140753912,0.426935177449,-0.0273615791125,-0.293429518275,0.648405514689,0.201672025973,0.117641859555,-0.0109843943527,-0.0808544153812,0.178597409886,0.0555706660142
full_fixed_box,4,87.3666505591,0.506431611475,0.00698489626913,0.541109691663,MODEL-INFERRED,2.26264053381,3.76683644689,10.1142603065,4.19753897484,1.93191669615,16.4816512826,-0.302838392596,-1.13857246829,-0.462125004411,10.2181011629,0.0432643355263,0.280811420889,-0.0229559882246,-0.144687701687,0.4174057248,0.074550140992,0.0767680625778,-0.00898099591378,-0.0395546395591,0.113932546357,0.0203804740944
full_fixed_box,5,109.499924536,0.506431611475,0.0077250316008,0.316716343345,MODEL-INFERRED,1.35006518302,2.24440145829,6.33980330563,2.58772244094,1.15446935462,9.83455673912,-0.182660343787,-0.673682399151,-0.298501795705,6.10688428601,-0.00478915845905,0.167423035617,-0.0152389221134,-0.0534267615087,0.244518823205,0.0170491404292,0.0461747135271,-0.00617337019461,-0.0147349222182,0.0671068847244,0.00470209593502
full_fixed_box,6,139.618359241,0.506431611475,0.00810395965133,0.166867939563,MODEL-INFERRED,0.745275828719,1.24561656418,3.68085225164,1.47829407412,0.63768359299,5.42913220423,-0.099910613819,-0.368312963289,-0.179032739972,3.37738581165,-0.019649090626,0.0920781027044,-0.00823600773563,-0.0099494946648,0.0978692338504,0.00107509213567,0.0264624766431,-0.0036632060954,-0.00285940155634,0.0279748635128,0.000308972488504
full_fixed_box,7,179.059545865,0.506431611475,0.00810395965133,0.0793306649804,MODEL-INFERRED,0.385302508294,0.647996402139,1.9988409153,0.790295606649,0.329272537589,2.80689457561,-0.0497831143462,-0.187621474667,-0.101257841168,1.74999015884,-0.0215374451956,0.0473495631932,-0.00407326699404,0.00511635462216,0.0350704006709,0.000552847436266,0.0143989004506,-0.0020040343147,0.00155587244964,0.0106323075155,0.000168119717741
full_fixed_box,8,228.310659629,0.506431611475,0.0077250316008,0.0341078195177,MODEL-INFERRED,0.185741333859,0.313022496986,1.00870680725,0.393519945124,0.158444322752,1.35313462259,-0.0227494503851,-0.0887437081371,-0.0534307037187,0.845660679846,-0.0172948157987,0.022643511245,-0.00198497429085,0.00722582451425,0.0108664137512,0.0023058499782,0.00745563008591,-0.00106754907704,0.00237918377856,0.00357687241115,0.000759226971692
full_fixed_box,9,286.150377061,0.506431611475,0.00698489626913,0.0135347667701,MODEL-INFERRED,0.0835118702794,0.139804851657,0.4723863529,0.182455849674,0.0711243468318,0.608395593037,-0.0102310867781,-0.0398824970033,-0.026068666361,0.381090059341,-0.0107322395729,0.0100654236744,-0.00102082751287,0.00518619582261,0.00322595534122,0.00267218032549,0.00367814941095,-0.000577502629645,0.00189516146831,0.00118168084248,0.000976479362227
full_fixed_box,10,348.832111469,0.506431611475,0.00591817020468,0.00527297860917,MODEL-INFERRED,0.0361475921113,0.0597104308797,0.211629358428,0.0810337849596,0.0307922957727,0.263342112132,-0.00493815231769,-0.0177251895254,-0.0121698331589,0.165342990329,-0.00571868527837,0.00429094944889,-0.000536457605164,0.00294913911113,0.000847296156483,0.00202692238638,0.00177794234958,-0.000316793752658,0.00122196716203,0.000352056139387,0.000839849360376
full_fixed_box,11,409.798780688,0.506431611475,0.00457476523763,0.00222044687429,MODEL-INFERRED,0.016405905527,0.026704515869,0.0986924523503,0.0375122071281,0.0140047844612,0.119520585657,-0.00262761540704,-0.00835899120959,-0.00589999907099,0.0752191544202,-0.0030124315112,0.001915930835,-0.000286719449591,0.00158486050629,0.000203976210883,0.00131099869501,0.000896064954032,-0.000179368940772,0.000741226108363,9.53389895997e-05,0.000613143211602
full_fixed_box,12,460.455268143,0.506431611475,0.00301768222402,0.00112648820578,MODEL-INFERRED,0.00873059072187,0.014048706303,0.0535378656119,0.020232225766,0.00746882675795,0.0636043692921,-0.00159457548332,-0.00460205455688,-0.00329921418653,0.040106404718,-0.00178269448329,0.00100596066503,-0.000169678132433,0.000933968973008,6.30748868824e-05,0.0008671293748,0.000515333616005,-0.000111909636383,0.000478453705823,3.20785901699e-05,0.000444213110704
full_fixed_box,13,492.166340406,0.506431611475,0.0013221294933,0.000749217213279,MODEL-INFERRED,0.0059542688098,0.00951682879385,0.0369094212299,0.0139014022075,0.00510054232041,0.0433782617538,-0.00117208802294,-0.00320398807401,-0.00231433411555,0.0273844228884,-0.00129016120418,0.000680492598728,-0.000122344192516,0.000671158832063,2.60598130677e-05,0.000661953089128,0.000367200235905,-8.33230955271e-05,0.000362163647223,1.38236017953e-05,0.000357196141355
full_fixed_box,14,50.7958345534,0.534359563274,0.00299706685149,2.40676422349,MODEL-INFERRED,9.66623504789,16.6997163957,37.9671767726,16.5753336565,8.21959070765,70.4012694709,-1.28239142404,-4.98151275865,-1.49443229313,43.4195219207,0.917471948638,1.19262269157,-0.0060771716764,-1.17626445058,1.82644295419,1.16013058236,0.347826210144,-0.00717505396783,-0.343055359305,0.532666309692,0.338349946369
full_fixed_box,15,54.2940905005,0.534359563274,0.00684062749359,2.14768675469,MODEL-INFERRED,8.6612830986,14.8796519297,34.5967625102,15.0191000593,7.36698796644,63.0826721707,-1.16123798216,-4.47387138231,-1.37089401624,38.9219833931,0.773903298091,1.07047258657,-0.0174477668511,-0.993864091374,1.63901308577,0.922738092052,0.306463870633,-0.01047972807,-0.284531748078,0.469195040516,0.264169200426
full_fixed_box,16,61.0055499873,0.534359563274,0.0103702983078,1.74047400804,MODEL-INFERRED,7.07039705504,12.0385411532,29.0661537224,12.494850241,6.01667196792,51.4968270509,-0.963725102674,-3.66178669934,-1.16759228201,31.7978750069,0.557957792831,0.875957577699,-0.0301937466469,-0.724593260218,1.34034246004,0.599384497743,0.244221425803,-0.013701584237,-0.202020284593,0.373648947527,0.167111445086
full_fixed_box,17,71.6677140035,0.534359563274,0.0134155934285,1.27160247944,MODEL-INFERRED,5.21362522932,8.78697416032,22.2728173669,9.44683813151,4.43979942369,37.9742826796,-0.724726635394,-2.70224654802,-0.914880109161,23.4744737179,0.327699029918,0.647252661676,-0.0363650401576,-0.44485216199,0.981572846075,0.305743734626,0.17632311892,-0.01449370137,-0.121185628588,0.267375139499,0.0832900226939
full_fixed_box,18,87.3666505591,0.534359563274,0.0158336994791,0.831620208451,MODEL-INFERRED,3.4415428214,5.74888134098,15.3840874993,6.42149526344,2.93388480255,25.0680167711,-0.487721709381,-1.77727365155,-0.650546285734,15.5180643897,0.144396167401,0.427515093595,-0.0330000606708,-0.220276568997,0.633659565905,0.113497201798,0.115657363266,-0.0124422925085,-0.0595922987073,0.171300297435,0.0307048506464
full_fixed_box,19,109.499924536,0.534359563274,0.0175114739175,0.489719369183,MODEL-INFERRED,2.04905798609,3.40933330917,9.62222028759,3.94823884956,1.74929136375,14.9258589786,-0.294149534469,-1.04853002431,-0.420610003119,9.25445811323,0.0369492429336,0.254182040486,-0.0231700251092,-0.0811126330783,0.36969097196,0.0258840444916,0.0698664431228,-0.00880804484196,-0.0222952461735,0.101321351922,0.00711468882225
full_fixed_box,20,139.618359241,0.534359563274,0.0183704462838,0.262049596191,MODEL-INFERRED,1.12320920151,1.87826086422,5.54743218435,2.23869382348,0.960388081093,8.18205245211,-0.161292390923,-0.568102314418,-0.251078723502,5.08180913813,-0.00571257461157,0.138639698716,-0.012587115332,-0.0149807055336,0.147157071421,0.00161873936803,0.0402537550222,-0.00523663053684,-0.0043496174342,0.0425359267578,0.000469997688749
full_fixed_box,21,179.059545865,0.534359563274,0.0183704462838,0.128878967045,MODEL-INFERRED,0.586444694599,0.991448885028,3.04230993802,1.20896482554,0.501585879591,4.27210478366,-0.0823691120212,-0.29279805905,-0.143154064059,2.65853392973,-0.0171747969867,0.0719552332036,-0.00575556404497,0.00777511903304,0.0534476694677,0.000840140088309,0.0222335896786,-0.0027687252751,0.0024024493923,0.0164400639642,0.000259596545857
full_fixed_box,22,228.310659629,0.534359563274,0.0175114739175,0.0584766073978,MODEL-INFERRED,0.29273100762,0.499591842374,1.58973640356,0.622981089568,0.25004314522,2.13252175293,-0.0393160786677,-0.143479316235,-0.078407737909,1.33015237055,-0.0180535099126,0.0356400468459,-0.00250460046992,0.0113731797777,0.0171741305178,0.00362932234111,0.0118813889162,-0.00139344967048,0.0037914981632,0.00571280956306,0.00120991396064
full_fixed_box,23,286.150377061,0.534359563274,0.0158336994791,0.0248826863224,MODEL-INFERRED,0.140045354448,0.239642478212,0.792168993543,0.307028102522,0.119414802125,1.02023595914,-0.0178486218795,-0.0674760571015,-0.0408784625312,0.637827648584,-0.0137361617252,0.0168795882272,-0.00117832949282,0.00869718481633,0.00543048906106,0.00448121261677,0.00616705812242,-0.000724186103697,0.00317756828792,0.00198499961065,0.00163723772729
full_fixed_box,24,348.832111469,0.534359563274,0.0134155934285,0.0103963491096,MODEL-INFERRED,0.0653909156769,0.111329405361,0.382837050088,0.147146479193,0.0556994149866,0.476380501506,-0.0084660633242,-0.0316683185751,-0.0205689353381,0.298448911119,-0.00848471007897,0.00777965640632,-0.000626932903782,0.00534690264994,0.00153524820438,0.00367488825402,0.00316732005682,-0.000401589749557,0.00217687660232,0.000627003294674,0.00149615184342
full_fixed_box,25,409.798780688,0.534359563274,0.0103702983078,0.00463195410581,MODEL-INFERRED,0.0316923603886,0.0534727963182,0.190650663103,0.0727847542259,0.0270187013616,0.230883921401,-0.00454999330777,-0.0157435238869,-0.0106492229597,0.144949668965,-0.00491665074179,0.003716382438,-0.000359137965742,0.00307419644002,0.000392529426972,0.00254297933796,0.00168790165615,-0.000237791505453,0.00139623446968,0.000178896552159,0.00115496698946
full_fixed_box,26,460.455268143,0.534359563274,0.00684062749359,0.00244306864728,MODEL-INFERRED,0.0176564407707,0.0295617256415,0.108273103537,0.0411051539062,0.0150781927735,0.128630406319,-0.00285692852695,-0.00903148424723,-0.0062583338541,0.0809075554157,-0.00310424648855,0.00204515465894,-0.000224874062451,0.00189879292785,0.000126067409546,0.00176290559107,0.00101187015175,-0.000154887196315,0.000939455546623,6.24125183703e-05,0.000872223301136
full_fixed_box,27,492.166340406,0.534359563274,0.00299706685149,0.00166011275108,MODEL-INFERRED,0.0123534153131,0.0205892899986,0.0765765577574,0.0289719476811,0.0105628678435,0.0899970323366,-0.00216132116492,-0.00644610210442,-0.00452163390078,0.0566765746186,-0.0023339368949,0.0014201236774,-0.000167137132358,0.00140064498937,5.2842293681e-05,0.00138143347475,0.000738405970862,-0.000118366789089,0.000728277853306,2.73311390791e-05,0.000718288654948
full_fixed_box,28,50.7958345534,0.586457036323,0.00448633323293,4.86241559864,MODEL-INFERRED,18.5973301939,32.4935492968,73.046860486,32.0356879648,15.7933271745,135.445812849,-2.71769965388,-9.82009266174,-2.57820184649,83.3968708174,2.24846141859,2.29443320139,0.0251637690418,-2.26296231666,3.51030145901,2.23192309262,0.669511319986,0.0013301664949,-0.660328174642,1.02456685407,0.651270987076
full_fixed_box,29,54.2940905005,0.586457036323,0.0102397897609,4.3556199604,MODEL-INFERRED,16.7669208823,29.1361266831,66.9740468229,29.2168140349,14.2420594025,122.114824903,-2.47117862785,-8.88058517146,-2.37854236743,75.2178166144,1.94850178923,2.07253348424,0.000274080170903,-1.92421238433,3.16947927798,1.78650590119,0.592526916923,-0.00683354950348,-0.550122659181,0.906396705646,0.510753067077
full_fixed_box,30,61.0055499873,0.586457036323,0.0155233821062,3.55454462078,MODEL-INFERRED,13.8473127094,23.8550680062,56.9258157243,24.6083257882,11.7667684256,100.851424513,-2.0678675501,-7.36695786859,-2.0456716783,62.1629078367,1.48794686073,1.7163410559,-0.0298270184198,-1.41975957855,2.62250010452,1.17442699046,0.476086670271,-0.0158909183364,-0.393819519735,0.727665052858,0.325768024625
full_fixed_box,31,71.6677140035,0.586457036323,0.0200819086193,2.621437405,MODEL-INFERRED,10.3851872335,17.7087086408,44.3659389385,18.9454447067,8.83026910763,75.6372895627,-1.57566493363,-5.5473306829,-1.62311564552,46.6655738788,0.978688222326,1.29048720411,-0.0500891948471,-0.886942699138,1.95308029629,0.609589424092,0.347823171975,-0.0207992224776,-0.239056398227,0.526572822039,0.164301766351
full_fixed_box,32,87.3666505591,0.586457036323,0.0237015908196,1.73209491489,MODEL-INFERRED,6.99921603377,11.8157942861,31.2872910429,13.1669595512,5.95672899326,50.9779799722,-1.08059559102,-3.74404886953,-1.17087370276,31.48814431,0.541265175256,0.870725571587,-0.0534027061908,-0.448640163402,1.28658996593,0.231161232409,0.231631735128,-0.0200866216869,-0.119347935662,0.342084059412,0.061493861102
full_fixed_box,33,109.499924536,0.586457036323,0.0262130647351,1.02999467897,MODEL-INFERRED,4.23834965217,7.10549770645,19.902967259,8.24169103977,3.61098705642,30.8709035074,-0.665119597627,-2.25923059358,-0.766020682503,19.0946760558,0.240443258162,0.526647205787,-0.0422013474984,-0.168059637428,0.762251514095,0.0536299090208,0.142007890276,-0.0154022343823,-0.0453164742725,0.205143307367,0.0144610474566
full_fixed_box,34,139.618359241,0.586457036323,0.0274988673094,0.557624598587,MODEL-INFERRED,2.3269156697,3.9007078557,11.4924333409,4.67944923866,1.984649632,16.9494681224,-0.368099105449,-1.22725824541,-0.458553027464,10.5006885104,0.074510078119,0.287461328808,-0.0255428537303,-0.0310616191397,0.303313667337,0.00335636166291,0.08269749476,-0.00965276284114,-0.00893587355451,0.0871105922002,0.000965565358588
full_fixed_box,35,179.059545865,0.586457036323,0.0274988673094,0.282210167691,MODEL-INFERRED,1.20053609341,2.03141550941,6.22804319241,2.49507468728,1.02543256586,8.74522518212,-0.188582005846,-0.623860513822,-0.259240469762,5.42757828107,0.00767210689029,0.147074121582,-0.0120755552574,0.0158920866637,0.108935778272,0.0017172186093,0.0461608275018,-0.00508907366526,0.004987905848,0.0340999216345,0.000538967910562
full_fixed_box,36,228.310659629,0.586457036323,0.0262130647351,0.135987980976,MODEL-INFERRED,0.607490839229,1.04559257862,3.29910490112,1.30342482381,0.519397003456,4.42537246508,-0.0932997141574,-0.310985133076,-0.143691661468,2.7518167424,-0.010764329304,0.073720625194,-0.00447366561973,0.0235251633445,0.0356536951573,0.00750717060428,0.0253389793428,-0.00232431524322,0.00808598172428,0.0122072136816,0.00258033678314
full_fixed_box,37,286.150377061,0.586457036323,0.0237015908196,0.0634697117748,MODEL-INFERRED,0.309070455977,0.540476372748,1.74826243263,0.682603551537,0.26407430369,2.25152543531,-0.0456537724949,-0.155326975988,-0.0799243753078,1.40302133159,-0.0142292736767,0.0371429248394,-0.00145469142826,0.0191378413738,0.0120334993398,0.00986074667071,0.0139186208329,-0.00100454790585,0.00717155040414,0.00449628315035,0.00369513156631
full_fixed_box,38,348.832111469,0.586457036323,0.0200819086193,0.0295473723672,MODEL-INFERRED,0.159568216643,0.281535935449,0.934206605232,0.361342970544,0.136171781343,1.1624447268,-0.0223353669127,-0.0786547223617,-0.0446697030286,0.725852839629,-0.0123883145603,0.0189707175214,-0.000525553675546,0.0130384395517,0.00377080214626,0.00896122699367,0.00776668100253,-0.00046976037035,0.00533798474698,0.00154204445827,0.00366875904259
full_fixed_box,39,409.798780688,0.586457036323,0.0155233821062,0.0145176166475,MODEL-INFERRED,0.086077814124,0.152071242239,0.517815402196,0.199008837005,0.0733904154592,0.627077837225,-0.0117460826223,-0.0421754941341,-0.0256293351464,0.392206763365,-0.00894453103344,0.0101159126563,-0.000279665050726,0.00836789625242,0.00106816073623,0.00692193478437,0.00452210771039,-0.000265483276354,0.00374069344493,0.000478548783467,0.00309430653691
full_fixed_box,40,460.455268143,0.586457036323,0.0102397897609,0.00821282515433,MODEL-INFERRED,0.0519422115899,0.0915786444253,0.3185208461,0.121877060976,0.0442829357579,0.378401817197,-0.00724840264496,-0.025639941615,-0.0162016468571,0.236984712128,-0.00636953922515,0.00604080548589,-0.000195263470344,0.00560849453853,0.000366071511343,0.00520712197441,0.00290807490286,-0.000179079672181,0.00269995818412,0.000177459201662,0.00250673536257
full_fixed_box,41,492.166340406,0.586457036323,0.00448633323293,0.0058027657619,MODEL-INFERRED,0.0379799677641,0.066838945751,0.235430860326,0.0898406574233,0.0323914874605,0.276686923164,-0.00548754660463,-0.0189236120017,-0.0121979966804,0.173437579327,-0.00508243626833,0.00438700807934,-0.000158047282988,0.00432683503728,0.000156357887165,0.00426748734017,0.00221113649996,-0.000142142667978,0.00218080812873,7.97708740394e-05,0.00215089574724
full_fixed_box,42,50.7958345534,0.665579104062,0.0056939423759,11.9659208566,MODEL-INFERRED,42.7297585898,75.4514935474,167.834559142,73.9135316103,36.2591524952,311.230597693,-7.38992506673,-23.5210194242,-5.24856004938,191.28823137,6.36858798197,5.26859677012,0.131081381412,-5.19633168893,8.06013665146,5.12505780941,1.54721046817,0.0446934145401,-1.5259886334,2.36690451394,1.50505788138
full_fixed_box,43,54.2940905005,0.665579104062,0.0129960860713,10.7841921766,MODEL-INFERRED,38.7732622525,68.1211293527,154.876515479,67.8410243917,32.9062398152,282.411139783,-6.72298518158,-21.3658503976,-4.87356101909,173.641664787,5.62851931259,4.79025753151,0.0699292014744,-4.44744219399,7.32467199505,4.12916047598,1.37711953319,0.0218364833414,-1.27856581359,2.10570847564,1.18706510239
full_fixed_box,44,61.0055499873,0.665579104062,0.0197018898514,8.89993789553,MODEL-INFERRED,32.3906016519,56.4590148076,133.156624649,57.7966402317,27.4965839224,235.919340512,-5.63666422294,-17.8799730286,-4.23874940995,145.153190832,4.46471328698,4.01317127627,-0.00744012995444,-3.31970055733,6.13042991516,2.74606066666,1.11804918404,-0.00571936816004,-0.924851755355,1.70800164209,0.765038588274
full_fixed_box,45,71.6677140035,0.665579104062,0.0254874581401,6.67346966652,MODEL-INFERRED,24.7227600061,42.7054155801,105.616628392,45.296766145,20.9956011217,180.06667928,-4.31656882861,-13.6772597048,-3.4148047784,110.887747528,3.13886804707,3.07144061434,-0.0658701980025,-2.11097934179,4.64473055561,1.45086112382,0.829902612852,-0.0252287677737,-0.570386177498,1.25509805024,0.392022372797
full_fixed_box,46,87.3666505591,0.665579104062,0.0300814686153,4.51102217398,MODEL-INFERRED,17.1421040629,29.3660247539,76.6271531435,32.4183658158,14.5655793662,124.850635592,-2.99792430725,-9.50236773212,-2.51794301422,76.9624525998,1.94433349965,2.13302706955,-0.0872077064485,-1.0990392889,3.14414470143,0.566278494911,0.565908156481,-0.0317290290831,-0.291583405931,0.833638464701,0.150237952291
full_fixed_box,47,109.499924536,0.665579104062,0.0332689687431,2.7508105397,MODEL-INFERRED,10.7875092484,18.3698062508,50.6573220707,21.1288054547,9.17402564127,78.5676842557,-1.88770979605,-5.98072219707,-1.69146220316,48.4828904415,1.05806954321,1.34186364089,-0.077021874994,-0.428205285224,1.93480195929,0.136645602955,0.357391439802,-0.0278035974615,-0.11404802899,0.514266237839,0.0363941367025
full_fixed_box,48,139.618359241,0.665579104062,0.0349008773385,1.52235058117,MODEL-INFERRED,6.16051735195,10.4683621811,30.4262573565,12.5095507943,5.24508742072,44.8693643404,-1.0813555687,-3.40379929312,-1.03739890453,27.7201387973,0.495587198001,0.762554333652,-0.052246159784,-0.0823977694093,0.801622482064,0.00890348674712,0.21470648725,-0.0192097552485,-0.023200098467,0.225278963304,0.00250688544986
full_fixed_box,49,179.059545865,0.665579104062,0.0349008773385,0.784645569124,MODEL-INFERRED,3.25297281009,5.54687621465,16.8755069308,6.83798479451,2.7722826187,23.6938510905,-0.572832855013,-1.7815818597,-0.595442429809,14.6589845204,0.185684145252,0.399325747231,-0.028375762145,0.0431491231346,0.294231238525,0.00466247628708,0.122779042298,-0.010969079216,0.0132668831178,0.0903449983343,0.0014335523748
full_fixed_box,50,228.310659629,0.665579104062,0.0332689687431,0.388252837988,MODEL-INFERRED,1.63758298652,2.82242983095,8.89323378716,3.55300159678,1.39674017537,11.9284501251,-0.286859735249,-0.883987840862,-0.329003255676,7.39254515071,0.0470124362821,0.198669842629,-0.0122391510586,0.063398004116,0.0954985116389,0.0202310872787,0.0684609453725,-0.00511715950974,0.0218467344569,0.0328868049931,0.00697156318587
full_fixed_box,51,286.150377061,0.665579104062,0.0300814686153,0.191903334486,MODEL-INFERRED,0.828322131701,1.45469894108,4.6854186059,1.84821603941,0.707309109538,6.03391937818,-0.142379797692,-0.440095680686,-0.18219878745,3.74612705631,0.00289742348674,0.099127587449,-0.00371451252032,0.0510753542586,0.0320891904311,0.0263165066332,0.0384805143054,-0.00181487209106,0.0198270325222,0.0124336024253,0.0102158514701
full_fixed_box,52,348.832111469,0.665579104062,0.0254874581401,0.0980450064957,MODEL-INFERRED,0.444463610692,0.797745500227,2.60215254409,1.01626860705,0.37977176851,3.23778167142,-0.0742699691568,-0.232375662085,-0.105862711376,2.01355654707,-0.00765725150831,0.0525023709178,-0.000282553813109,0.0360845070176,0.0104916120478,0.0248006256468,0.0225908006712,-0.000343403783171,0.0155264970153,0.00449736528166,0.0106712512352
full_fixed_box,53,409.798780688,0.665579104062,0.0197018898514,0.0537239568133,MODEL-INFERRED,0.261167427266,0.47674508361,1.57109608053,0.609144956383,0.22311107785,1.90254725285,-0.0422217628427,-0.134291615745,-0.0664187553112,1.18497863219,-0.00975175237881,0.0305162952722,0.000636640328225,0.0252431195802,0.00325685167203,0.0208811417132,0.0142182896536,0.000141496530074,0.0117613878995,0.00151072964361,0.00972903553753
full_fixed_box,54,460.455268143,0.665579104062,0.0129960860713,0.0333245409684,MODEL-INFERRED,0.172950355965,0.318702314428,1.06056889048,0.409202485598,0.147691191475,1.25991334364,-0.02706866167,-0.0877527041257,-0.0461244878231,0.785644257899,-0.00945747397204,0.0200419676621,0.000712964148237,0.0186076619148,0.0012328554383,0.0172760024251,0.00988605388888,0.000240716253492,0.00917855729221,0.000605148525409,0.0085216927718
full_fixed_box,55,492.166340406,0.665579104062,0.0056939423759,0.0248722214675,MODEL-INFERRED,0.134458369184,0.248730069346,0.833482791024,0.320751035511,0.114790316169,0.979509238129,-0.0206342705338,-0.0677712944473,-0.0368280212238,0.611207063343,-0.00877619701944,0.0155011224748,0.000642025831298,0.0152885061135,0.000559937308361,0.0150788060389,0.00791258494901,0.00024158629753,0.00780405442014,0.000284613284605,0.00769701251678
full_fixed_box,56,50.7958345534,0.774946436313,0.00654382973538,32.9256147872,MODEL-INFERRED,109.815655842,196.206943094,431.335509336,190.866118798,93.1151193858,799.885985654,-23.2607892343,-64.223475665,-12.0511113094,491.037370868,19.6635232465,13.5444968252,0.5726306323,-13.3587179157,20.7212177059,13.1754871852,3.9645264258,0.247662442633,-3.91014822291,6.06436933631,3.85651588187
full_fixed_box,57,54.2940905005,0.774946436313,0.0149359036082,29.8664448384,MODEL-INFERRED,100.207296822,178.17840307,400.269568662,176.175585175,84.9755181936,729.901442779,-21.208160431,-58.5780359611,-11.2455435932,448.217169213,17.58106564,12.383904163,0.398711979461,-11.4976486208,18.9392543882,10.6748180597,3.5484799851,0.176683290033,-3.29453260215,5.42576484714,3.0587589932
full_fixed_box,58,61.0055499873,0.774946436313,0.0226426268729,24.9390562822,MODEL-INFERRED,84.593405202,149.279656332,347.760514772,151.678988077,71.7470183484,616.173246379,-17.8565202639,-49.391898373,-9.86673192254,378.587152446,14.2791442747,10.4841674924,0.167647299127,-8.67251713715,16.0243177384,7.17391758081,2.91119123646,0.0852129802543,-2.40814121922,4.44803415759,1.99201758341
full_fixed_box,59,71.6677140035,0.774946436313,0.0292917587579,19.0310420991,MODEL-INFERRED,65.6290623386,114.813720356,280.370002664,120.831239562,55.6786645858,478.039007775,-13.7783270687,-38.2349302826,-8.05548633208,293.930982855,10.456244914,8.15575748552,-0.0278547488574,-5.60539425316,12.3401556109,3.85254769887,2.19654020321,0.00957699347247,-1.5096664968,3.32158387706,1.03758307188
full_fixed_box,60,87.3666505591,0.774946436313,0.034571478918,13.1921235992,MODEL-INFERRED,46.5487278267,80.8057124004,208.078103057,88.456762469,39.5086817287,339.056976935,-9.68762655366,-27.0317973098,-6.05387322499,208.651943416,6.8745169316,5.79319782905,-0.130006104273,-2.98493728157,8.53121007178,1.53798486394,1.53375186065,-0.0317916326107,-0.790263554713,2.25560298911,0.40718221893
full_fixed_box,61,109.499924536,0.774946436313,0.0382347506445,8.31114100682,MODEL-INFERRED,30.1704808447,52.1168435846,141.678280869,59.384075613,25.6211313099,219.754827892,-6.19999764821,-17.4529870528,-4.16291144494,135.353975585,4.06183749822,3.75294315591,-0.141253155139,-1.19761058094,5.39709843284,0.382172349535,0.999489302276,-0.0416489790776,-0.318949398967,1.43338326638,0.101780698273
full_fixed_box,62,139.618359241,0.774946436313,0.0401102406455,4.78442605612,MODEL-INFERRED,17.9742590107,31.0469351618,88.7732960088,36.7023352705,15.2730417149,130.915732171,-3.63438234074,-10.3578263494,-2.63341349699,80.7093740288,2.16548760796,2.22516926614,-0.100874372395,-0.240440550918,2.33019558473,0.0259807913966,0.625593437286,-0.0329644435239,-0.0675984667776,0.653842480338,0.00730434886035
full_fixed_box,63,179.059545865,0.774946436313,0.0401102406455,2.5648393058,MODEL-INFERRED,10.0206033994,17.3879559548,51.9840687242,21.220698663,8.52350344894,72.9831068503,-1.99216653727,-5.74588171834,-1.56645244558,45.0391405798,1.04838984396,1.23129187891,-0.0556884200118,0.13304718082,0.903609839255,0.0143764062992,0.374850141397,-0.0201525624817,0.0405044128016,0.274715008171,0.0043767022477
full_fixed_box,64,228.310659629,0.774946436313,0.0382347506445,1.31057417782,MODEL-INFERRED,5.3148942407,9.2986016219,28.8636346528,11.6485577696,4.52692126481,38.7103949418,-1.04493737798,-3.02471074535,-0.893185841204,23.9157887714,0.457195418961,0.646129954117,-0.0249637223339,0.206188060293,0.309606170841,0.0657971603649,0.218430909338,-0.00967184335929,0.069704004926,0.104517359471,0.0222434101357
full_fixed_box,65,286.150377061,0.774946436313,0.034571478918,0.66421662072,MODEL-INFERRED,2.76818518233,4.90275593391,15.6582878345,6.25290306196,2.35980888539,20.1626817657,-0.541068694529,-1.55884693108,-0.503467004462,12.4730163829,0.174271060361,0.331980257322,-0.00826478464012,0.171052374883,0.106941851521,0.0881345029042,0.126610428578,-0.00306829874372,0.0652358506734,0.0407384661481,0.0336126831012
full_fixed_box,66,348.832111469,0.774946436313,0.0292917587579,0.349992820716,MODEL-INFERRED,1.48556726737,2.67353763808,8.69738838278,3.43948452461,1.26681456706,10.8210499143,-0.28764665312,-0.825804172038,-0.292436313603,6.70348032511,0.0564187020424,0.175406120244,-0.000753383713539,0.120555381904,0.0347270945062,0.0828568586197,0.0757242206979,0.000346923369373,0.0520447196081,0.0149859923444,0.0357699665196
full_fixed_box,67,409.798780688,0.774946436313,0.0226426268729,0.201359640075,MODEL-INFERRED,0.867912313277,1.5897792084,5.22107081998,2.04745239731,0.74036777006,6.32223167105,-0.165285773113,-0.476421664598,-0.183074085328,3.92167651362,0.0151304570741,0.100914975593,0.00205887765046,0.0834770005209,0.0106623882362,0.069052284609,0.0486537042952,0.00177571831269,0.040246408176,0.00513913495501,0.0332918817701
full_fixed_box,68,460.455268143,0.774946436313,0.0149359036082,0.132293953388,MODEL-INFERRED,0.58030466271,1.07956033973,3.55855337123,1.38719038563,0.495218290305,4.22727459322,-0.1085592388,-0.315262655701,-0.12877356515,2.62485211621,0.00221465127595,0.0666583826239,0.0029144424661,0.0618879677166,0.00406606966062,0.0574589481072,0.0348344402079,0.00221304807879,0.0323415094419,0.00212165359841,0.0300269855562
full_fixed_box,69,492.166340406,0.774946436313,0.00654382973538,0.103094173825,MODEL-INFERRED,0.459149592447,0.862453109514,2.84618418424,1.1059415452,0.3919124881,3.34474319033,-0.0848864703296,-0.247818122605,-0.10485805675,2.07810236636,-0.00164143449629,0.0523668839364,0.00308851363372,0.0516486097384,0.00188486317478,0.0509401875267,0.0286200615968,0.00228610932548,0.0282275033568,0.00102590938686,0.0278403295207
full_fixed_box,70,50.7958345534,0.916855696375,0.00698256086061,92.8897435392,MODEL-INFERRED,281.560600687,514.167922245,1105.91776897,490.920141855,238.246429852,2050.73470491,-69.486267559,-172.98063004,-26.5067581981,1257.59390682,61.400003139,34.7499562459,2.6361080622,-34.2733191982,53.1545153583,33.8032197955,10.100689662,1.15722689997,-9.96214667027,15.4475110886,9.82550396075
full_fixed_box,71,54.2940905005,0.916855696375,0.015937281404,84.8022535842,MODEL-INFERRED,258.957636286,470.458851341,1034.38436786,456.850422656,219.152842504,1886.11296959,-63.9253121829,-159.096827065,-24.912788838,1156.92435489,55.6103802216,32.026390918,2.08390468804,-29.7344185261,48.9688022121,27.6064714051,9.10320298614,0.924476795723,-8.45173120541,13.9160949907,7.84688207845
full_fixed_box,72,61.0055499873,0.916855696375,0.0241607020013,71.6572715941,MODEL-INFERRED,221.779816788,399.608625597,911.729029799,399.216201048,187.737218361,1615.33900421,-54.7245287909,-136.208276099,-22.1777257763,991.268368156,46.2347040864,27.5098374206,1.30824471175,-22.7561736917,42.0335987584,18.8239368037,7.5663986943,0.6073918312,-6.25893495027,11.5581272415,5.1773992218
full_fixed_box,73,71.6677140035,0.916855696375,0.0312556249952,55.679645379,MODEL-INFERRED,175.758261305,313.633161442,750.846384733,325.032035569,148.835564019,1280.15219551,-43.249250203,-107.789582853,-18.5335221836,786.051854095,35.0141786894,21.8615187765,0.574683057035,-15.0252667435,33.0469449214,10.3267592257,5.82610828455,0.31480538661,-4.00424288663,8.80340670671,2.75208772513
full_fixed_box,74,87.3666505591,0.916855696375,0.0368893240423,39.5776894051,MODEL-INFERRED,128.189301917,226.681206672,573.020746653,244.80425599,108.610952591,933.692178312,-31.323002568,-78.3564925013,-14.3807025958,573.722313508,24.0440585947,15.9675584076,0.0790927743081,-8.22726269547,23.4578803947,4.2390858848,4.18470745682,0.112909632388,-2.15616481069,6.13919289167,1.11096097847
full_fixed_box,75,109.499924536,0.916855696375,0.0407981998556,25.7449687034,MODEL-INFERRED,86.0050050325,151.123283747,403.872955219,170.174829176,72.9180434037,626.445704173,-20.7581008757,-52.2892085125,-10.3029567973,385.226456089,14.9949249726,10.7061468133,-0.134484519551,-3.41646387167,15.3374009444,1.09023587945,2.82692421281,0.00996037176306,-0.902106482329,4.03715647556,0.287873336601
full_fixed_box,76,139.618359241,0.916855696375,0.0427994321011,15.4105181123,MODEL-INFERRED,53.3371096931,93.5883823199,263.427328171,109.49751987,45.2508690365,388.503696808,-12.6529260858,-32.2019957648,-6.84079174717,239.10902301,8.51122391266,6.60603907778,-0.147784423009,-0.713815213708,6.89279575656,0.0771312663038,1.84782214253,-0.0191073858161,-0.199666326831,1.92329852268,0.0215749347043
full_fixed_box,77,179.059545865,0.916855696375,0.0427994321011,8.64193846983,MODEL-INFERRED,31.0673797717,54.7327808732,161.168817961,66.1497706678,26.3762287769,226.291976096,-7.22242799916,-18.618896401,-4.26527728138,139.400013329,4.4522023733,3.81739196697,-0.0882094734863,0.412488093187,2.79013139436,0.0445713797517,1.16229115973,-0.0156338460488,0.125591311647,0.84802697231,0.0135707627381
full_fixed_box,78,228.310659629,0.916855696375,0.0407981998556,4.640346288,MODEL-INFERRED,17.3569321621,30.8694873757,94.2604172225,38.2586986887,14.747941809,126.422915248,-3.9452594687,-10.3313034328,-2.53791207809,77.948255579,2.20646248179,2.10956023322,-0.030310864295,0.673186763418,1.00530498271,0.214822222805,0.714791634658,-0.0034902029151,0.228098851826,0.340303286257,0.0727891649558
full_fixed_box,79,286.150377061,0.916855696375,0.0368893240423,2.46278758159,MODEL-INFERRED,9.58584649914,17.2761505783,54.2225081541,21.8018875155,8.15412973316,69.8180877109,-2.12900194337,-5.66466011559,-1.48615013992,43.0848014415,1.07672644176,1.14989847708,0.00189370394895,0.592483622265,0.368213251369,0.305276378436,0.437597730101,0.00580033636836,0.225471633708,0.140049944951,0.116173951806
full_fixed_box,80,348.832111469,0.916855696375,0.0312556249952,1.34495852891,MODEL-INFERRED,5.42220922384,9.91539340409,31.7448159692,12.665716625,4.61854016732,39.4920772538,-1.18146964125,-3.177199388,-0.889835519575,24.3912907414,0.531956321392,0.640966080496,0.0134139190866,0.44053143935,0.12593492944,0.302774132612,0.274278067488,0.0102795903144,0.18850936973,0.0538699219639,0.129561152306
full_fixed_box,81,409.798780688,0.916855696375,0.0241607020013,0.793558231437,MODEL-INFERRED,3.28082078194,6.08445558835,19.7363228844,7.82504071508,2.79706513982,23.8959699852,-0.705836976609,-1.90573046869,-0.568214374371,14.7709735964,0.273070976297,0.38215473483,0.0154551689204,0.316118899211,0.0399361288501,0.261493969146,0.181987859065,0.011576778847,0.150540596346,0.0190014821402,0.124527379268
full_fixed_box,82,460.455268143,0.916855696375,0.015937281404,0.530962064166,MODEL-INFERRED,2.22971599179,4.18432509223,13.6730994413,5.39524546758,1.90157965454,16.2406569576,-0.47570375194,-1.2855245036,-0.403824358287,10.0461994124,0.154689967627,0.256532378842,0.014724398115,0.238173609306,0.0153683115883,0.221128687247,0.132688179404,0.0114893316622,0.123192334408,0.00793537587736,0.114376060665
full_fixed_box,83,492.166340406,0.916855696375,0.00698256086061,0.418741492257,MODEL-INFERRED,1.77278085669,3.35192887615,10.9891436678,4.32380324586,1.51198506783,12.9127063439,-0.37632683404,-1.01730163732,-0.330065888149,7.99129628092,0.106931129357,0.202379981128,0.0138390190804,0.199604098591,0.00707477560389,0.196866290589,0.109962951209,0.011157511009,0.108454678334,0.00383432006165,0.106967093218
full_fixed_box,84,50.7958345534,1.09068417631,0.00698256086061,236.738708795,MODEL-INFERRED,596.027737923,1122.1111594,2341.08630454,1034.69153055,502.27043791,4340.18970851,-160.076877677,-376.571922093,-49.4798352557,2661.09654926,145.045432591,73.3391917911,8.90796552281,-72.3332574065,112.13603059,71.3411206103,22.008977891,4.0805454049,-21.7070985398,33.6444376342,21.4093598236
full_fixed_box,85,54.2940905005,1.09068417631,0.015937281404,218.045508479,MODEL-INFERRED,555.296196197,1040.09570352,2218.08367235,976.074830434,468.068308883,4043.65124156,-149.263666157,-350.928021044,-46.7281658202,2479.52785883,134.249431368,68.4929910097,7.58251913778,-63.5912821399,104.683836242,59.0403646356,20.0369450382,3.45004410023,-18.6029987355,30.615609977,17.2716729668
full_fixed_box,86,61.0055499873,1.09068417631,0.0241607020013,187.302221133,MODEL-INFERRED,487.28004934,905.176574673,2003.19115174,875.001413847,410.936778983,3548.45829906,-131.146747706,-308.041431962,-42.0826119307,2176.2996638,116.227740675,60.3174011316,5.61659653123,-49.8946335376,92.1216725896,41.2729064772,16.9786221969,2.55264869476,-14.0447386093,25.920720399,11.6178262475
full_fixed_box,87,71.6677140035,1.09068417631,0.0312556249952,149.192319807,MODEL-INFERRED,400.723597829,736.984867006,1711.90738047,740.458245096,338.192745616,2918.25168706,-107.983456754,-253.354147626,-35.9861650514,1790.316552,93.4770915067,49.7770126851,3.55467043118,-34.2113876412,75.1313580639,23.5132439895,13.4714692664,1.65579660529,-9.25884524419,20.3239611869,6.36353864308
full_fixed_box,88,87.3666505591,1.09068417631,0.0368893240423,109.639717463,MODEL-INFERRED,307.24955472,559.462132132,1373.44042461,587.314225067,259.554698001,2237.6320908,-82.8205148093,-194.162831669,-29.0493551641,1373.31967694,69.3708352411,38.2516685002,1.86763889879,-19.7091200332,55.9507666989,10.1550972209,10.086725328,0.94472585183,-5.1971714706,14.7364613712,2.67783551314
full_fixed_box,89,109.499924536,1.09068417631,0.0407981998556,74.2622738267,MODEL-INFERRED,218.84065427,395.227651447,1027.65904994,434.122308149,185.06005821,1593.84035471,-58.8818857024,-138.082225211,-22.0114550762,978.709431634,47.2432991203,27.2483372812,0.77956002261,-8.69528145915,38.7658403223,2.77477186492,7.17496998321,0.478435912582,-2.28962166833,10.1758977118,0.730646594529
full_fixed_box,90,139.618359241,1.09068417631,0.0427994321011,46.5206774519,MODEL-INFERRED,144.588216294,260.017187637,714.108576982,297.962820544,122.385339072,1053.09114044,-38.6691050393,-90.9188861628,-15.6099514956,647.082862872,29.3886262321,17.9203658318,0.259561322096,-1.93638421077,18.5803584854,0.209235896572,4.97392192061,0.237403923796,-0.537456878006,5.14406985073,0.0580748753853
full_fixed_box,91,179.059545865,1.09068417631,0.0427994321011,27.3663243087,MODEL-INFERRED,89.5095330327,161.110670288,464.350252293,191.446792602,75.8364005346,651.952962798,-23.6525220558,-55.9586826339,-10.4338953068,400.914834966,16.8257940606,11.0068643906,0.0983115571611,1.18934616715,7.99827027651,0.128514739087,3.32495379412,0.129118939757,0.359277711678,2.4116191189,0.038821734707
full_fixed_box,92,228.310659629,1.09068417631,0.0407981998556,15.4269798788,MODEL-INFERRED,52.8617221209,95.7683799489,287.07653724,117.077492154,44.8270132934,385.034905617,-13.7302272696,-32.8022278325,-6.66147867944,236.983110496,9.03304249634,6.42730101884,0.0853057970614,2.05103125394,3.04611375479,0.654509442189,2.16990981324,0.0907740784808,0.692445060864,1.02714966479,0.220967783725
full_fixed_box,93,286.150377061,1.09068417631,0.0368893240423,8.59238368945,MODEL-INFERRED,30.6863152026,56.2219484418,173.577677928,70.1357117188,26.0429096042,223.516449046,-7.81546836353,-18.8948901747,-4.15454935623,137.691506958,4.71093278912,3.67963287685,0.0973522041689,1.89592582209,1.17101737376,0.97687319447,1.40489458186,0.0783716590169,0.723870017529,0.446746616599,0.372973039432
full_fixed_box,94,348.832111469,1.09068417631,0.0312556249952,4.91390914861,MODEL-INFERRED,18.2009967077,33.8241789678,106.559386975,42.7332746148,15.4590789505,132.573522601,-4.54435507234,-11.1300984466,-2.61260727957,81.7307850706,2.51502263158,2.14905763827,0.0981198620542,1.47703206681,0.419808512132,1.0151536597,0.927757720359,0.072010955121,0.637641298587,0.18104497627,0.438246340334
full_fixed_box,95,409.798780688,1.09068417631,0.0241607020013,3.0144494645,MODEL-INFERRED,11.5161929805,21.7126251993,69.277573561,27.6219797735,9.78980690443,83.8806566684,-2.82264132832,-7.00022105759,-1.72752993555,51.7431486808,1.45622112405,1.33951391521,0.0889242705613,1.10804767222,0.138298302423,0.916578491618,0.644197561727,0.0656978493279,0.532881070225,0.0664986164147,0.440799922066
full_fixed_box,96,460.455268143,1.09068417631,0.015937281404,2.07325748599,MODEL-INFERRED,8.10656424852,15.4656638068,49.7112006664,19.7401637112,6.89702687389,59.0448362968,-1.95776742285,-4.90245103487,-1.25539601691,36.4392199761,0.958458650765,0.931484989555,0.0781248711713,0.864823157912,0.0544641957949,0.802931988005,0.485769642098,0.0597792697979,0.451005481149,0.0284426106516,0.418729221422
full_fixed_box,97,492.166340406,1.09068417631,0.00698256086061,1.65988962076,MODEL-INFERRED,6.57773081275,12.6396127699,40.7741479365,16.1539296589,5.5993158844,47.9090378888,-1.57467516013,-3.96454300134,-1.03823953597,29.5749562023,0.746006811086,0.750104425405,0.0710276914831,0.739815849608,0.0251486127476,0.729668393886,0.410285721168,0.0559695142973,0.404658163728,0.0138013706103,0.399107794942
full_fixed_box,98,50.7958345534,1.29041176672,0.00654382973538,490.131773463,MODEL-INFERRED,956.07287165,1857.31193087,3755.27674897,1638.63970509,800.762590405,6956.8095492,-269.900941466,-613.372040368,-76.2511982482,4271.77811013,235.88992506,116.874530843,19.424931342,-115.27145742,178.355414973,113.690372058,37.4705076204,9.86742613547,-36.9565549696,57.1948876168,36.4496517917
full_fixed_box,99,54.2940905005,1.29041176672,0.0149359036082,455.686062551,MODEL-INFERRED,901.995353301,1743.33631663,3602.94412135,1566.59732743,755.737478339,6563.63642019,-254.709821985,-578.808012743,-72.268804132,4030.15317571,222.239513775,110.57416707,17.191385563,-102.66091394,168.637581312,95.3139736903,34.4745906631,8.61776421613,-32.0074125717,52.5888955621,29.7167983674
full_fixed_box,100,61.0055499873,1.29041176672,0.0226426268729,398.492060939,MODEL-INFERRED,810.767660869,1554.06344649,3333.03735003,1440.55182284,679.760589454,5900.32208998,-229.046498244,-520.439484841,-65.5923152989,3622.56694797,199.103367435,99.805968241,13.7622174616,-82.5596281808,152.03925839,68.2934330028,29.8148874362,6.79041753914,-24.6629140959,45.4254458775,20.4011949735
full_fixed_box,101,71.6677140035,1.29041176672,0.0292917587579,326.333346701,MODEL-INFERRED,692.072707691,1313.23961194,2956.56253471,1267.76345953,580.844004644,5037.17725385,-195.620130885,-444.406283056,-56.9050296302,3092.29567203,168.98336567,85.5550688768,9.93622991091,-58.8013918097,128.61245688,40.4137793839,24.4317127321,4.87576580532,-16.7917428131,36.736003277,11.5408456949
full_fixed_box,102,87.3666505591,1.29041176672,0.034571478918,249.291446796,MODEL-INFERRED,558.79343559,1049.70554474,2497.87015686,1061.30243966,469.639643744,4067.75024431,-158.087685823,-358.946461755,-47.0638078982,2496.91668739,135.330897466,69.2835842181,6.48533923544,-35.6982722904,100.554475531,18.393486118,19.1484579316,3.23900884668,-9.8662168376,27.7890149571,5.08355477159
full_fixed_box,103,109.499924536,1.29041176672,0.0382347506445,177.438980524,MODEL-INFERRED,425.370245179,792.529170222,1997.50628371,840.415369748,358.089782879,3096.99102573,-120.488103083,-273.275863333,-37.0777227755,1900.97868677,101.746927769,52.7847963993,3.89530685274,-16.8442814223,74.1117993812,5.37521854757,14.4519143823,2.03080613048,-4.61178463408,20.2595314022,1.47167751957
full_fixed_box,104,139.618359241,1.29041176672,0.0401102406455,117.817536596,MODEL-INFERRED,304.52336189,564.803327545,1504.01429792,626.530256209,256.790645557,2217.4568312,-86.3303456559,-195.550722794,-27.9117286508,1361.31992149,71.1693023125,37.6434118647,2.26016231349,-4.0675569382,38.5744901942,0.439519656322,10.7566371959,1.27955317137,-1.16230788047,11.0071398667,0.125593118406
full_fixed_box,105,179.059545865,1.29041176672,0.0401102406455,73.7091876532,MODEL-INFERRED,205.876585889,381.702035781,1068.0297546,440.652300638,173.884895948,1499.30120446,-58.3331306044,-132.024211638,-20.1764982136,920.80011185,46.1962840578,25.2720854485,1.35622938994,2.73077389686,18.1825754255,0.295073633357,7.77262894079,0.824259494873,0.839871021519,5.58519774193,0.090752220151
full_fixed_box,106,228.310659629,1.29041176672,0.0382347506445,44.1071464258,MODEL-INFERRED,132.59338773,246.790228958,720.075871219,294.457916552,112.140469968,965.686300892,-37.4403240399,-84.7891756008,-14.0093809709,593.420256196,28.1092638643,16.1064180599,0.884084019303,5.13975722204,7.56832776876,1.64016010284,5.48579257087,0.566555829163,1.75058426274,2.57553691973,0.55863309109
full_fixed_box,107,286.150377061,1.29041176672,0.034571478918,25.9305961074,MODEL-INFERRED,83.0504675408,155.792668322,469.77642025,190.562866332,70.3199005734,604.890751786,-23.2676529729,-52.8642274459,-9.45320273349,371.957805691,16.4416129261,9.95333696864,0.62921005321,5.1284433003,3.14131063789,2.64242341712,3.81734906924,0.421549426996,1.96688390243,1.20414381206,1.0134342486
full_fixed_box,108,348.832111469,1.29041176672,0.0292917587579,15.5367779295,MODEL-INFERRED,52.3330087221,99.2425234461,306.38834881,123.407182882,44.3530593881,381.175057948,-14.4889274391,-33.1222268354,-6.38171388877,234.555588443,9.60134641853,6.17483744288,0.477260601578,4.24392196286,1.19740544127,2.91681745365,2.67974126805,0.337169636104,1.84176716026,0.519310984512,1.26583350156
full_fixed_box,109,409.798780688,1.29041176672,0.0226426268729,9.90169300576,MODEL-INFERRED,34.6259616259,66.449915672,208.298229087,83.4147157189,29.3671411642,252.208437225,-9.46163272612,-21.7924631457,-4.47629846139,155.298119439,5.88595199039,4.02220298849,0.378406320378,3.32717160156,0.412284657744,2.75224072427,1.95200364655,0.283817586465,1.61469998344,0.199900410734,1.33568194975
full_fixed_box,110,460.455268143,1.29041176672,0.0149359036082,7.00628433179,MODEL-INFERRED,25.1343729062,48.7392045157,154.129396482,61.4670925908,21.328127984,183.075426644,-6.79187600786,-15.7493292407,-3.39042990572,112.787331751,4.00869673402,2.88208817984,0.3154052085,2.67583120396,0.166589686967,2.48433503255,1.52301157503,0.249302798785,1.41401707448,0.0879106763668,1.31282277804
full_fixed_box,111,492.166340406,1.29041176672,0.00654382973538,5.7039231205,MODEL-INFERRED,20.7550553407,40.5153573614,128.656784685,51.1890375507,17.6174940341,151.177451523,-5.56985393706,-12.9718309554,-2.86732678777,93.1640437525,3.18330003752,2.36074393307,0.282083036283,2.32836351767,0.0774466525858,2.29642723824,1.31182456656,0.230584484858,1.29383132985,0.0429586494367,1.27608489181
full_fixed_box,112,50.7958345534,1.50245101431,0.0056939423759,806.798110174,MODEL-INFERRED,1147.80992196,2309.90255352,4508.38428741,1927.50769122,953.916860903,8339.26969162,-330.350532923,-739.615079375,-88.6646672418,5133.04935665,286.608133927,138.795173797,29.7812381674,-136.891432641,211.21552421,135.013803564,49.2732404252,17.0843653166,-48.5973992334,75.0275051312,47.9308280087
full_fixed_box,113,54.2940905005,1.50245101431,0.0129960860713,756.311531651,MODEL-INFERRED,1097.01928679,2195.69711141,4381.95072277,1868.82390643,912.1271872,7971.03024792,-315.947405402,-707.188774539,-84.8184251473,4905.66335447,273.726084787,133.111308066,27.0863376233,-123.585181818,202.359330032,114.740793904,45.7997105779,15.2447850916,-42.5220489622,69.6732629389,39.4789535813
full_fixed_box,114,61.0055499873,1.50245101431,0.0197018898514,671.988952375,MODEL-INFERRED,1010.89737792,2005.27205533,4155.76358095,1764.97694683,841.253118594,7346.58719909,-291.532189161,-652.177659736,-78.4314684533,4520.18864351,251.742259538,123.297612627,22.8361994824,-101.99194731,186.998429504,84.3678729413,40.4069991214,12.5101574634,-33.4247228112,61.3407802904,27.6489746653
full_fixed_box,115,71.6677140035,1.50245101431,0.0254874581401,564.248183191,MODEL-INFERRED,896.810434715,1759.34447741,3831.21036641,1618.16758738,747.296799736,6519.2063563,-259.139307549,-579.197574488,-70.1761571915,4009.70358813,222.458220833,109.974426696,17.8602387962,-75.5846431791,164.202107386,51.9487889697,34.1751005244,9.56055650653,-23.4883041117,51.1042337495,16.143344762
full_fixed_box,116,87.3666505591,1.50245101431,0.0300814686153,446.519488646,MODEL-INFERRED,763.418166292,1480.72997387,3412.5659561,1431.97448496,637.277493266,5551.40942553,-221.111601785,-493.64348456,-60.6552153734,3413.0155477,188.278028533,94.0012464464,13.0178653631,-48.4340140475,134.931531864,24.9555596913,28.0058024655,6.91863510473,-14.4299515305,40.2731933383,7.43501284879
full_fixed_box,117,109.499924536,1.50245101431,0.0332689687431,332.664557173,MODEL-INFERRED,620.572312675,1192.1174608,2914.16033,1214.13522381,519.157762989,4514.36264371,-180.189280507,-401.754537511,-50.3811341347,2774.18813659,152.098803204,76.5481852751,8.96542728258,-24.4274727403,105.284481681,7.79510869306,22.3818355904,4.82555578702,-7.14232057621,30.8512161759,2.27920283872
full_fixed_box,118,139.618359241,1.50245101431,0.0349008773385,233.366041202,MODEL-INFERRED,479.110071198,914.92379007,2366.28281288,978.69867885,401.762746656,3486.53745647,-139.500286031,-310.493747086,-40.0756262441,2141.73499955,116.457448181,58.9064049831,5.99524525104,-6.36512856898,59.2056480959,0.687783641037,17.8229093543,3.40260944639,-1.92585355609,17.9480923572,0.208098007221
full_fixed_box,119,179.059545865,1.50245101431,0.0349008773385,155.276829038,MODEL-INFERRED,351.40881193,670.144189192,1823.00996273,748.64026284,295.381510516,2558.00626377,-102.620229229,-227.877686837,-30.6166123952,1570.99620782,84.2491004274,42.9184986175,4.05552193678,4.63755616671,30.3512929415,0.501110893721,13.8833230139,2.42842271461,1.50016175615,9.83328377473,0.162099901614
full_fixed_box,120,228.310659629,1.50245101431,0.0332689687431,99.1709492622,MODEL-INFERRED,246.718252692,472.065851829,1339.85460206,546.556368092,207.842019664,1796.33783234,-72.2052683188,-159.964118041,-22.6403432314,1103.2120639,57.8671590716,29.8249351716,2.8567524935,9.51750571572,13.8156663267,3.03715379523,10.6156097464,1.7942067492,3.38757237377,4.92305865628,1.08101624511
full_fixed_box,121,286.150377061,1.50245101431,0.0300814686153,62.1260388635,MODEL-INFERRED,168.623785103,324.928247362,953.823385714,386.741352903,142.319099058,1227.92566934,-49.3792734858,-109.212089706,-16.4254706017,754.281284245,38.2978060855,20.119636066,2.09621125423,10.366615047,6.27009344074,5.34138426662,8.00316194546,1.38068033821,4.12361827895,2.49601664237,2.12468869509
full_fixed_box,122,348.832111469,1.50245101431,0.0254874581401,39.3717281298,MODEL-INFERRED,115.108850769,223.897625679,673.915213015,271.792401421,97.29208771,838.307283767,-33.6597920522,-74.4002254379,-11.9267354606,515.141769394,25.0842854644,13.5287128399,1.58550026962,9.29818834609,2.59110746376,6.39057887787,6.04427204277,1.10893735505,4.15418528975,1.15832871294,2.85514207492
full_fixed_box,123,409.798780688,1.50245101431,0.0197018898514,26.2320792596,MODEL-INFERRED,81.2246286477,159.566220247,488.620258071,196.169975535,68.7237268398,591.56965582,-23.6673045769,-52.3563418647,-8.90452347619,363.682922208,16.9188314945,9.4021403293,1.23847459485,7.77746284487,0.949507801983,6.43352749318,4.67226182048,0.926758353802,3.86490112225,0.472260147005,3.19705129094
full_fixed_box,124,460.455268143,1.50245101431,0.0129960860713,19.145781447,MODEL-INFERRED,61.6345169121,122.125133997,377.956153096,151.21878752,52.1851059704,448.905710532,-17.8786819802,-39.6229088315,-7.05943130249,276.086327733,12.3308754692,7.04403818758,1.01859116103,6.53993077521,0.397522810917,6.07189986845,3.80088023426,0.808582200237,3.52886979812,0.214859085872,3.27632582048
full_fixed_box,125,492.166340406,1.50245101431,0.0056939423759,15.8580924825,MODEL-INFERRED,52.1373021942,103.876105915,323.189582121,129.043801889,44.1608438745,379.739690833,-15.0717298892,-33.4566720549,-6.12903383015,233.607191935,10.1590921229,5.91074507455,0.904124289448,5.82967216436,0.186248541396,5.74971126572,3.35045631951,0.745364031008,3.30450081968,0.105906523705,3.25917565427
full_fixed_box,126,50.7958345534,1.70515474803,0.00448633323293,1085.30795431,MODEL-INFERRED,1073.975893,2243.33858239,4218.37792862,1748.36396352,884.09491009,7785.9323639,-306.055581414,-688.25213067,-78.4306549117,4804.90875342,278.8846545,127.682311753,33.154421153,-125.930996739,193.119556483,124.203703097,52.2747092364,22.4276561395,-51.5576993242,79.2409903312,50.8505240572
full_fixed_box,127,54.2940905005,1.70515474803,0.0102397897609,1024.03021875,MODEL-INFERRED,1038.857229,2157.5343033,4149.62730399,1718.34100916,855.717050201,7532.6377391,-296.236932852,-666.114748886,-75.7262655489,4647.45977193,269.646514724,124.051771236,30.8456378666,-115.173991796,187.367936179,106.931551674,49.0269691003,20.3278362074,-45.518348353,74.2273400543,42.2608224577
full_fixed_box,128,61.0055499873,1.70515474803,0.0155233821062,921.489725695,MODEL-INFERRED,980.204354901,2016.2215378,4029.58564238,1666.33166029,808.377791307,7109.55445872,-280.002852001,-629.233691011,-71.3833448226,4384.57729206,253.998667061,117.838095569,27.144783938,-97.4758276203,177.274049919,80.632132795,44.0270285119,17.1813690392,-36.4192158837,66.4440321606,30.1260232728
full_fixed_box,129,71.6677140035,1.70515474803,0.0200819086193,789.602921686,MODEL-INFERRED,902.887074458,1834.5729811,3857.17001661,1592.19880723,746.003299026,6551.62598196,-258.86539508,-580.728119089,-66.0476785251,4038.23874736,232.843261726,109.337701438,22.6530262532,-75.1470264267,161.503576151,51.6480180808,38.3099955034,13.7349724062,-26.3301880929,56.8377914449,18.0965514586
full_fixed_box,130,87.3666505591,1.70515474803,0.0237015908196,643.232930476,MODEL-INFERRED,809.874142054,1624.18093544,3620.22944689,1490.88336861,670.81322467,5879.86714431,-233.585995567,-522.319754335,-60.111735082,3621.88652073,206.853318341,98.6673012392,17.9870836911,-50.8381924167,139.588457295,26.1943093176,32.6876473447,10.561856909,-16.8422657201,46.486490328,8.67795444547
full_fixed_box,131,109.499924536,1.70515474803,0.0262130647351,497.708422978,MODEL-INFERRED,702.779414585,1392.8255257,3300.19862132,1354.80403037,583.79711311,5105.43370706,-204.261784481,-454.692186419,-53.4879716618,3142.75416462,177.145494879,85.9171312596,13.6838726937,-27.4172192877,115.058390141,8.74917379632,27.5256066139,7.9313232868,-8.78376153275,37.1800939071,2.80300695081
full_fixed_box,132,139.618359241,1.70515474803,0.0274988673094,365.54547804,MODEL-INFERRED,584.760990503,1149.26607285,2888.08347946,1181.07151973,487.258529516,4250.67498466,-171.320406903,-379.495072406,-46.0070104532,2614.88666999,145.23922316,71.346645753,10.1046672085,-7.70935814728,69.8872727896,0.833034299171,23.3052587808,6.04411997353,-2.51824854217,23.0099688168,0.272109217057
full_fixed_box,133,179.059545865,1.70515474803,0.0274988673094,256.076169304,MODEL-INFERRED,463.926614997,908.343925875,2406.72064104,980.083238109,387.776682359,3374.20586317,-136.869840275,-301.83038102,-37.8594561414,2074.45550652,113.607308025,56.2751589222,7.41492365248,6.08080941084,38.867454666,0.657061548987,19.4173559574,4.64114229874,2.09814140201,13.5017385811,0.226714561574
full_fixed_box,134,228.310659629,1.70515474803,0.0262130647351,172.760446443,MODEL-INFERRED,351.893954109,689.890519594,1911.03304562,774.943120436,295.004139265,2560.55129153,-104.429654522,-229.35301214,-29.8182292609,1573.43995343,85.1271313184,42.2633590377,5.52622215551,13.4867606214,19.179229372,4.30379213105,15.9203763977,3.64769705578,5.08038902648,7.26359112362,1.62121497731
full_fixed_box,135,286.150377061,1.70515474803,0.0237015908196,114.383534954,MODEL-INFERRED,258.825350372,510.377812105,1464.05011517,591.24099712,217.545335545,1883.97725602,-77.1524527831,-168.839334143,-22.8521865484,1157.3473611,61.7952846131,30.6781751035,4.22990221202,15.806887888,9.37644501197,8.14447742937,12.8605431834,2.9496580107,6.62637733809,3.94868885726,3.41423188744
full_fixed_box,136,348.832111469,1.70515474803,0.0200819086193,76.3602753455,MODEL-INFERRED,189.054044273,376.059597408,1106.83405894,445.253665726,159.234845389,1376.42804958,-56.4995537958,-123.316922267,-17.4743782673,845.504094384,44.3266587553,22.0657530263,3.32321867181,15.1656354943,4.14512897315,10.4232336722,10.361271954,2.46264091552,7.12122869881,1.95458985318,4.89436995823
full_fixed_box,137,409.798780688,1.70515474803,0.0155233821062,53.1749785253,MODEL-INFERRED,141.424523946,283.994760014,850.7627371,341.107494817,119.302296913,1029.80091059,-42.3081257215,-92.1839893435,-13.6792177967,632.650221894,32.4218964366,16.2531532968,2.68644490584,13.4446297812,1.60614131251,11.1214154356,8.46677307531,2.11905059038,7.00372582229,0.840488278167,5.79349121059
full_fixed_box,138,460.455268143,1.70515474803,0.0102397897609,40.0914210722,MODEL-INFERRED,112.167621493,227.080632228,687.836051056,275.092875991,94.7192158547,816.828165598,-33.5538216058,-73.0422993495,-11.2637827632,501.90016075,25.1540118455,12.7262616282,2.26830900396,11.8155052343,0.693555730404,10.9699272276,7.18003190977,1.88619005068,6.66619209085,0.39408315753,6.18912527835
full_fixed_box,139,492.166340406,1.70515474803,0.00448633323293,33.8285431493,MODEL-INFERRED,97.3699083688,198.134352694,603.578218904,241.037138654,82.2687416221,709.095073383,-29.1146705127,-63.357638974,-10.0072541973,435.764068957,21.5058596114,10.9586036396,2.04378731627,10.8082933356,0.324978558643,10.6600447166,6.48348016933,1.75778802462,6.39455151502,0.194657684064,6.30684262314
full_fixed_box,140,50.7958345534,1.87139908917,0.00299706685149,1266.26938078,MODEL-INFERRED,903.871349169,1945.71359512,3550.23885965,1422.06063468,738.029835129,6532.70013931,-253.196190022,-574.298776477,-62.0987578991,4043.55597038,243.818276339,105.475756208,30.5398088188,-104.029030558,157.489834322,102.602148474,49.5969778251,24.5742244815,-48.9166961892,74.6074792387,48.2457454263
full_fixed_box,141,54.2940905005,1.87139908917,0.00684062749359,1199.63126908,MODEL-INFERRED,880.362528901,1884.19637105,3516.53363462,1409.2891548,719.2662377,6365.0991251,-246.531558327,-559.59119691,-60.3293608369,3938.17218112,237.390457732,103.271153502,28.8270377114,-95.8805413873,154.00485615,89.0188392885,46.7853277107,22.4983603565,-43.4371302903,70.2871504418,40.3285470077
full_fixed_box,142,61.0055499873,1.87139908917,0.0103702983078,1088.28216421,MODEL-INFERRED,842.633968083,1785.96653545,3464.03861867,1389.93408392,689.281299447,6096.09255327,-236.049838806,-536.175134312,-57.5889637536,3769.06840809,226.923855661,99.6492472181,26.097006992,-82.4299883445,147.86451666,68.1861947598,42.5097291148,19.3868963942,-35.164103827,63.6084645071,29.087792929
full_fixed_box,143,71.6677140035,1.87139908917,0.0134155934285,945.018197463,MODEL-INFERRED,795.458958806,1664.85433428,3398.23277146,1366.15780004,651.997191695,5759.46095383,-223.393341878,-507.221594152,-54.4663270326,3557.72282718,213.32740876,94.9244864233,22.7794248717,-65.2409260117,138.079785739,44.8396255512,37.7172479466,15.9712235393,-25.9227969027,55.407460298,17.8165543841
full_fixed_box,144,87.3666505591,1.87139908917,0.0158336994791,785.123296807,MODEL-INFERRED,740.654359415,1528.76858312,3310.80915254,1333.80672109,608.816980074,5367.51876145,-209.307528436,-473.888403993,-51.3558842721,3312.38791518,196.700678239,89.090678896,19.2530036675,-45.9038508134,123.838282866,23.6518965352,33.1239323419,12.8014019889,-17.06706097,46.5447563478,8.79377989142
full_fixed_box,145,109.499924536,1.87139908917,0.0175114739175,623.839805487,MODEL-INFERRED,676.052945358,1377.11177661,3174.69315679,1280.77957077,557.713977854,4903.89195087,-193.107675024,-434.579247521,-48.1370026518,3023.41392487,176.63432341,81.7554355738,15.8077619565,-26.0891707187,106.476589713,8.3253770714,29.0048652413,10.1231412997,-9.25581125759,38.410982653,2.95364385676
full_fixed_box,146,139.618359241,1.87139908917,0.0183704462838,473.629172966,MODEL-INFERRED,598.267797985,1206.15868833,2954.7924224,1192.38093341,495.496229198,4343.44831823,-173.241957646,-386.610188028,-44.2909252678,2675.59661416,153.029430659,72.3203238234,12.6488850466,-7.81456888124,68.9725765013,0.844402839632,25.7481692693,8.1599298623,-2.7822171097,24.9357434294,0.300632327081
full_fixed_box,147,179.059545865,1.87139908917,0.0183704462838,344.631538659,MODEL-INFERRED,507.55025939,1017.07444961,2633.02782412,1061.55919339,421.996475509,3687.76981061,-148.963391323,-329.558339284,-39.2457908915,2269.90848938,127.09226509,61.0770239977,9.9719569643,6.59967469527,41.1412797992,0.713127510682,22.6265948222,6.62135311515,2.44491554294,15.4464311567,0.264185223586
full_fixed_box,148,228.310659629,1.87139908917,0.0175114739175,242.145652086,MODEL-INFERRED,411.575323177,823.921997542,2235.14508894,899.622891304,343.439209012,2992.47390229,-122.153983948,-268.250387851,-33.1461632657,1840.60196426,101.342706241,49.0802367794,7.85118526062,15.6621106262,21.7781172368,4.99797322434,19.6119405038,5.46459256894,6.25841279344,8.7986455283,1.99713693224
full_fixed_box,149,286.150377061,1.87139908917,0.0158336994791,166.991548965,MODEL-INFERRED,321.894515533,646.828926283,1820.8019495,731.292085545,269.466780665,2341.67821778,-96.3584791667,-210.355839977,-26.8948912488,1439.44807815,78.3224042417,37.896101314,6.24590499621,19.5259145253,11.3290848024,10.0607008328,16.7218580187,4.60191498336,8.61591454153,5.04885255997,4.4393382185
full_fixed_box,150,348.832111469,1.87139908917,0.0134155934285,115.830329537,MODEL-INFERRED,247.936333838,501.85654072,1451.5657668,581.618197926,208.101573105,1804.3463712,-74.6624998217,-162.262255272,-21.4874569384,1108.71928403,59.6649580114,28.7389881532,5.05518698745,19.7521026491,5.27547763497,13.5754800059,14.1513371422,3.97212934536,9.72611361143,2.62274662246,6.68468887653
full_fixed_box,151,409.798780688,1.87139908917,0.0103702983078,83.3694840854,MODEL-INFERRED,193.713089008,395.511583445,1165.31329374,465.854061529,162.913003698,1410.08984609,-58.5407982654,-126.838224432,-17.4102557728,866.318811851,46.0340892676,22.1002391365,4.19360010166,18.2813468771,2.12584257551,15.122354178,12.0552013029,3.51193523468,9.9720783712,1.17207547145,8.24891634264
full_fixed_box,152,460.455268143,1.87139908917,0.00684062749359,64.4451891131,MODEL-INFERRED,158.665045686,326.461131107,972.968286319,388.24454289,133.615916161,1155.13578483,-48.0352008542,-103.884077337,-14.7072402121,709.666510475,37.2385939425,17.8632734219,3.61590081903,16.5848861813,0.929916933629,15.3979868723,10.5475368435,3.1902852521,9.79270114225,0.558888627873,9.09188534576
full_fixed_box,153,492.166340406,1.87139908917,0.00299706685149,55.1801250068,MODEL-INFERRED,140.353064712,290.212284191,870.022928394,346.779703283,118.280327805,1021.89235255,-42.5227963512,-91.8764557363,-13.2650233751,627.823039249,32.6527809109,15.6704893587,3.30073225812,15.4555499289,0.427417500607,15.2435586494,9.70061787132,3.00896957712,9.56756234084,0.273270790018,9.43633182547
full_fixed_box,154,50.7958345534,1.97460027641,0.0013221294933,1355.5782041,MODEL-INFERRED,788.922934897,1727.36752921,3098.74282808,1211.88045682,641.310716348,5683.20882895,-218.88788051,-498.451274702,-51.8539863848,3528.37592309,217.530277136,90.8851058511,27.5062064749,-89.6385083526,133.59786504,88.4090094239,46.613965321,24.9192591088,-45.9745992552,69.5606981985,45.3440028567
full_fixed_box,155,54.2940905005,1.97460027641,0.00301768222402,1286.68565504,MODEL-INFERRED,770.230975071,1676.97085709,3076.62246103,1204.78505494,626.427441179,5551.8930687,-213.396289525,-486.704226966,-50.5139070195,3444.66981539,212.320654662,89.2349873006,26.1363631697,-82.8488750532,131.086007187,76.9197856716,44.0881237559,22.9285043699,-40.9329520502,65.7137985634,38.0035805748
full_fixed_box,156,61.0055499873,1.97460027641,0.00457476523763,1171.76699328,MODEL-INFERRED,741.187861694,1598.44368909,3046.9972418,1196.41486671,603.445072222,5347.99977758,-205.041386117,-468.655306374,-48.4847110115,3314.61492986,204.121675578,86.6296976859,23.9805995982,-71.6601998498,126.648804479,59.2774115539,40.2804025941,19.9509338684,-33.3200019974,59.782969805,27.5623494704
full_fixed_box,157,71.6677140035,1.97460027641,0.00591817020468,1024.14853856,MODEL-INFERRED,706.919975433,1505.72005143,3019.99066164,1190.80174215,576.60916082,5107.40704793,-195.616338702,-447.774844213,-46.3095717512,3161.21844818,194.003910151,83.4523743957,21.4043057664,-57.3562248119,119.617002952,39.42052636,36.07960686,16.6921224519,-24.7972578033,52.5479412297,17.042979347
full_fixed_box,158,87.3666505591,1.97460027641,0.00698489626913,859.349304464,MODEL-INFERRED,669.836877426,1407.03296893,2994.24696055,1186.58677029,547.903825423,4846.28409137,-186.190075974,-425.727100102,-44.4055817685,2995.34036626,182.17863561,79.7940410175,18.6947598784,-41.1137708238,109.265651012,21.1838143525,32.1550728117,13.6756946123,-16.5678574182,44.7599595021,8.53656594212
full_fixed_box,159,109.499924536,1.97460027641,0.0077250316008,692.384954954,MODEL-INFERRED,627.695692671,1300.71361614,2947.61118009,1173.48126102,515.378843752,4547.47716594,-176.312784023,-400.996922263,-42.7233179233,2806.96229294,167.965937816,75.2617319676,16.0177548897,-24.0169495778,96.0052538164,7.66410567419,28.7544252722,11.1245618033,-9.17589276576,37.5474769072,2.92814087751
full_fixed_box,160,139.618359241,1.97460027641,0.00810395965133,535.252862611,MODEL-INFERRED,575.225991646,1178.77923241,2840.99095256,1134.74611258,474.388646696,4172.182628,-164.165980656,-369.842196019,-40.7674285291,2572.46729093,150.469969967,69.0185074354,13.4486057935,-7.45779128079,64.5492119777,0.805851254315,26.2152954573,9.25819333889,-2.83269240599,25.0470264149,0.306086432633
full_fixed_box,161,179.059545865,1.97460027641,0.00810395965133,397.899699299,MODEL-INFERRED,508.262883738,1033.98844242,2636.72471857,1054.8248943,421.036135379,3690.15404636,-147.640439828,-328.880812318,-37.7856233228,2273.13366122,129.685640518,60.769289634,11.1108170815,6.56642247438,40.1954155709,0.70953444366,23.769823014,7.76345252693,2.56844700656,16.0189722138,0.277533409551
full_fixed_box,162,228.310659629,1.97460027641,0.0077250316008,286.208010687,MODEL-INFERRED,429.969237015,872.59011158,2335.03705005,934.326316559,357.648796055,3124.32275641,-126.877584059,-279.700639447,-33.471455569,1922.99173461,107.400923963,50.9839082069,9.09978821565,16.2695957251,22.250931521,5.19182923333,21.3069959553,6.60531715106,6.79932595404,9.44534906373,2.16974901231
full_fixed_box,163,286.150377061,1.97460027641,0.00698489626913,202.117795968,MODEL-INFERRED,349.922827952,711.834251218,1979.34458826,791.430911553,292.119958416,2544.36448474,-104.526416922,-228.530187638,-28.3452985078,1564.91344005,86.0972122547,40.9834703422,7.45784998587,21.1166772071,12.0488294882,10.8803391354,18.7777090132,5.70910945928,9.67518896298,5.60077429062,4.98512791968
full_fixed_box,164,348.832111469,1.97460027641,0.00591817020468,143.341090758,MODEL-INFERRED,278.898009605,570.826152131,1632.83370736,652.044182656,233.522600006,2028.92185988,-84.0382146249,-182.61309462,-23.4055271165,1247.22206509,67.8605480577,32.1667102855,6.16749712169,22.1079517504,5.79930554481,15.1946383779,16.3736571922,5.03309505115,11.253498414,2.99463279718,7.73444961424
full_fixed_box,165,409.798780688,1.97460027641,0.00457476523763,105.152835974,MODEL-INFERRED,223.883712871,461.830659252,1346.80969778,537.020741474,187.884309728,1629.24258632,-67.8367831609,-146.787433561,-19.412559338,1001.21322291,53.9266878701,25.4124612538,5.19992846345,21.0212213683,2.39244609685,17.3887819603,14.2996166841,4.52552079456,11.8286617261,1.36825426171,9.78468453535
full_fixed_box,166,460.455268143,1.97460027641,0.00301768222402,82.4605276143,MODEL-INFERRED,186.964685497,388.475349962,1146.50778225,456.541014487,157.143262701,1360.84891316,-56.8242840394,-122.643569272,-16.6619273853,836.16084928,44.6147490382,20.9379309441,4.53836046614,19.4395054803,1.04917183442,18.048315009,12.7436147686,4.16275222934,11.8316164951,0.656579971422,10.9848854842
full_fixed_box,167,492.166340406,1.97460027641,0.0013221294933,71.2054237471,MODEL-INFERRED,167.234068662,349.121732389,1036.65334593,412.443446797,140.67715732,1217.35890967,-50.8986192669,-109.713152371,-15.164661728,747.963071955,39.6482091767,18.5697570058,4.17329470387,18.3150506663,0.470646857859,18.0638379276,11.8466599091,3.9552583603,11.6841688555,0.316543088569,11.5239065603
hsu_2019_fixed_box,0,238.63688251,0.75681324176,0.000406890358196,0.955752943578,MODEL-INFERRED,3.93195675544,6.8742064728,21.5272394155,8.66001122718,3.35055025077,28.6385262176,-0.759082712811,-2.21789088753,-0.687422218097,17.7044906478,0.291551456128,0.476828911403,-0.0194106579936,0.170483084485,0.2175811277,0.0609536909374,0.164921903935,-0.00770132110036,0.0589653735535,0.0751448734754,0.0210821922095
hsu_2019_fixed_box,1,245.635977646,0.75681324176,0.000922358672824,0.876947205501,MODEL-INFERRED,3.61977413724,6.33754841158,19.9226963262,8.0033523894,3.08484582925,26.3649006644,-0.69843446848,-2.0390647789,-0.639350465232,16.3017047256,0.257510300715,0.438240376316,-0.0171722205586,0.167690026668,0.188552734609,0.0641655734239,0.153890003818,-0.00683165856356,0.0588850782328,0.0661183032643,0.0225320186656
hsu_2019_fixed_box,2,258.255520776,0.75681324176,0.00138068604126,0.753795104833,MODEL-INFERRED,3.1285080856,5.49244664441,17.3755758722,6.96318212039,2.66658662886,22.7869948134,-0.603028621854,-1.75790970379,-0.562733499767,14.0937822282,0.205401223397,0.37759294399,-0.0136529412515,0.160914714449,0.142015096575,0.0685752891797,0.136311031631,-0.00543096083524,0.0580902029031,0.0512065574258,0.0247556755528
hsu_2019_fixed_box,3,276.470357828,0.75681324176,0.00175233232797,0.611230891022,MODEL-INFERRED,2.55422556175,4.50297858203,14.3601207521,5.73556679919,2.17746658516,18.6044388639,-0.49152472676,-1.42980420955,-0.471381083993,11.5119490043,0.147411756033,0.306938526657,-0.00960744311069,0.148974805629,0.10322960368,0.0723059856773,0.11507931663,-0.00377501459307,0.0558545680584,0.0386667791656,0.0271094134406
hsu_2019_fixed_box,4,300.074924761,0.75681324176,0.0020138883812,0.472009269259,MODEL-INFERRED,1.98706027488,3.52363253444,11.3342557767,4.50854398669,1.69422114363,14.4736684445,-0.381268516881,-1.10664258621,-0.378700902117,8.96100108897,0.0945354735833,0.237396700814,-0.00572601504167,0.132115870231,0.0666910188447,0.073525045239,0.0934414306248,-0.00210942973233,0.0520019691947,0.0262299288625,0.0289401048554
hsu_2019_fixed_box,5,328.516724098,0.75681324176,0.00214890954638,0.351823696075,MODEL-INFERRED,1.49228219366,2.66643610283,8.64716011463,3.42376469642,1.27256478874,10.8699877467,-0.284863033058,-0.825896279661,-0.295105443922,6.73439229611,0.0537338839642,0.177016820568,-0.00253533758647,0.112436651621,0.0392537466613,0.0714169455033,0.0737563966531,-0.000663986654779,0.0468482161677,0.0163484117021,0.0297568137502
hsu_2019_fixed_box,6,360.712229569,0.75681324176,0.00214890954638,0.257466293264,MODEL-INFERRED,1.10081832185,1.98523663198,6.48170688659,2.553808623,0.938947910765,8.01870109864,-0.208432757678,-0.604987995949,-0.226420757825,4.97158535639,0.0266249228502,0.129541339859,-0.000232514342068,0.0928010485148,0.0242920339351,0.0664809752223,0.0573442049326,0.000424057447674,0.0410803404518,0.0107489310246,0.0294292051589
hsu_2019_fixed_box,7,394.901373697,0.75681324176,0.0020138883812,0.188370953536,MODEL-INFERRED,0.813410777177,1.48242479665,4.86308699335,1.90690639111,0.693996983787,5.92525527778,-0.152309112885,-0.443761086349,-0.173946377069,3.67644965815,0.0107580025579,0.0949016610604,0.00125206570407,0.075450358502,0.0118411318047,0.0599858478183,0.0446839521652,0.001153895831,0.0355254078008,0.00557148742958,0.0282440235982
hsu_2019_fixed_box,8,428.617378481,0.75681324176,0.00175233232797,0.140730391371,MODEL-INFERRED,0.61552021857,1.13378817156,3.73040006529,1.45662027071,0.525316165154,4.48379798675,-0.113822001777,-0.333392413671,-0.136347032997,2.78404982499,0.00240145878099,0.0712376492455,0.00207640696027,0.061706019205,0.00617612043117,0.053449725622,0.0354396397163,0.00155925266125,0.0306977997185,0.00306765670446,0.0265904200804
hsu_2019_fixed_box,9,458.847886945,0.75681324176,0.00138068604126,0.10958269162,MODEL-INFERRED,0.486577502519,0.904823890525,2.98209666503,1.16056858994,0.41536918369,3.54454129638,-0.0889392459696,-0.261856343499,-0.110964353776,2.20218377738,-0.00173314630435,0.0559336653147,0.00245856843587,0.0517608720037,0.00348887385356,0.0478993796583,0.0290909065307,0.00173994893222,0.026920651113,0.00180899010868,0.0249123022544
hsu_2019_fixed_box,10,482.421187382,0.75681324176,0.000922358672824,0.0907062344118,MODEL-INFERRED,0.408601962821,0.765296851175,2.52467698506,0.980285150483,0.348856055763,2.97653454739,-0.0740037710316,-0.218775677097,-0.0951744372408,1.85011907184,-0.00368466698657,0.0467374747519,0.00259342007014,0.0452845346223,0.00218850520237,0.0438767624234,0.0250861448389,0.00179535813295,0.0243062852781,0.00116883679447,0.0235506694159
hsu_2019_fixed_box,11,496.570348864,0.75681324176,0.000406890358196,0.0811344481332,MODEL-INFERRED,0.369075462278,0.694152330447,2.29111903423,0.888464856888,0.315129879633,2.6886037932,-0.0664716375457,-0.196999284723,-0.0870152829125,1.67158723347,-0.00450425860374,0.0420943124532,0.00262268414443,0.0418426540585,0.00127275476781,0.0415925001888,0.0230039266987,0.00180257390457,0.0228663990631,0.000690208375223,0.0227296936284
hsu_2019_fixed_box,12,238.63688251,0.785907169111,0.000912090698325,1.28639513842,MODEL-INFERRED,5.21953602366,9.16436444703,28.5766626156,11.5161225876,4.44592160225,38.0158837583,-1.03556458691,-2.97745178598,-0.877460513643,23.48697153,0.450945633479,0.633126346165,-0.0216854957712,0.226364907375,0.288617555582,0.0809334054744,0.218497264899,-0.00833539664485,0.0781204469379,0.0994581083042,0.0279308037681
hsu_2019_fixed_box,13,245.635977646,0.785907169111,0.00206757115045,1.18160891914,MODEL-INFERRED,4.8135607077,8.46334753457,26.493119347,10.6624281646,4.10071653221,35.059157757,-0.954096363866,-2.74268014632,-0.816896410413,21.6635070626,0.403432280955,0.582932310128,-0.019102086827,0.223055519103,0.250583010311,0.0853508438933,0.204184515145,-0.00734614455072,0.0781299684835,0.0876430074329,0.0298959594017
hsu_2019_fixed_box,14,258.255520776,0.785907169111,0.0030949637173,1.01750572364,MODEL-INFERRED,4.17254985714,7.35553197638,23.1741311319,9.30539940971,3.55544389087,30.3906736712,-0.825779348105,-2.372318791,-0.720155959502,18.783893656,0.329932198546,0.503773858378,-0.0150473822546,0.214687874491,0.189333540203,0.0914912171145,0.181317358946,-0.00574798701605,0.0772700642425,0.068049893179,0.032929350299
hsu_2019_fixed_box,15,276.470357828,0.785907169111,0.0039280508484,0.826943452353,MODEL-INFERRED,3.41938526007,6.0515915827,19.2241382155,7.69527548448,2.914428274,24.9053732518,-0.675472789247,-1.93780735138,-0.604441459819,15.399571867,0.246483762324,0.411075275683,-0.0103980714893,0.199518320365,0.138179091772,0.0968376414637,0.153574380146,-0.00385768172168,0.0745384220125,0.0515538048313,0.0361777553706
hsu_2019_fixed_box,16,300.074924761,0.785907169111,0.00451435828587,0.640175094014,MODEL-INFERRED,2.67105662847,4.75307939917,15.2357929972,6.07563796514,2.27710784684,19.4552848548,-0.526381127753,-1.5069863754,-0.486697663652,12.0357732166,0.167781714012,0.319276311675,-0.00594057543187,0.177683462392,0.0896023788793,0.0988842944285,0.125149680343,-0.00194839135387,0.0696482254009,0.0350832072604,0.038760588826
hsu_2019_fixed_box,17,328.516724098,0.785907169111,0.00481702347896,0.478366928144,MODEL-INFERRED,2.01394502376,3.609052758,11.6699811581,4.63361265254,1.71716951293,14.6694105485,-0.395431511369,-1.12983842096,-0.380210482691,9.08063361952,0.103891321919,0.239042328423,-0.00229474634623,0.151833700985,0.0529430998892,0.0964409646901,0.0991299738991,-0.000284507330395,0.0629648770365,0.0219381445021,0.0399937131453
hsu_2019_fixed_box,18,360.712229569,0.785907169111,0.00481702347896,0.350942865044,MODEL-INFERRED,1.49001712117,2.69281185177,8.77334074456,3.46738158507,1.27059952085,10.8534430841,-0.290916592597,-0.830488496669,-0.292323230814,6.72311676963,0.0586543297867,0.17545648429,0.000288906602595,0.125693818889,0.0328469798494,0.0900447548048,0.0772928697704,0.000972400846971,0.0553711993809,0.0144630031461,0.0396669153311
hsu_2019_fixed_box,19,394.901373697,0.785907169111,0.00451435828587,0.257463786992,MODEL-INFERRED,1.10213360427,2.01099206421,6.58925569499,2.59207215744,0.93996421571,8.02825070781,-0.213435019481,-0.610077985374,-0.224770848007,4.97665895654,0.0302655018472,0.128655736131,0.00191617085297,0.102286106544,0.0160054320269,0.0813212679554,0.060351410499,0.00182563139019,0.0479816212632,0.00750716095592,0.0381471776718
hsu_2019_fixed_box,20,428.617378481,0.785907169111,0.0039280508484,0.192977274732,MODEL-INFERRED,0.833237522734,1.53542350263,5.04988985809,1.9780513563,0.710774812418,6.06965527563,-0.159740363953,-0.458136837257,-0.176107395451,3.76513807664,0.0142750933521,0.0964503521771,0.00280656994905,0.0835452509566,0.00832429065224,0.0723668581798,0.0479325978155,0.00230745875157,0.041519194312,0.00413633941144,0.0359639071295
hsu_2019_fixed_box,21,458.847886945,0.785907169111,0.0030949637173,0.150839842564,MODEL-INFERRED,0.657464175524,1.22256202218,4.02941302271,1.57279787527,0.560952496002,4.78931518547,-0.124757593427,-0.359322848795,-0.143174750771,2.97268990208,0.00590199897368,0.0755474475755,0.00322518838242,0.0699114163566,0.00468307830504,0.0646958473626,0.0393929648888,0.00253049013369,0.0364541497859,0.00244039912781,0.0337345777442
hsu_2019_fixed_box,22,482.421187382,0.785907169111,0.00206757115045,0.125320828902,MODEL-INFERRED,0.551192917273,1.03226481907,3.40572047908,1.32602744496,0.470358131172,4.0152146259,-0.103714903246,-0.299827682745,-0.122693172606,2.49332882608,0.00177685535855,0.0629875628017,0.00338244916573,0.0610294519251,0.00292783530759,0.0591322133546,0.0340100528234,0.002605494573,0.0329527733958,0.00157810257158,0.0319283618908
hsu_2019_fixed_box,23,496.570348864,0.785907169111,0.000912090698325,0.112386718776,MODEL-INFERRED,0.497426836505,0.935545189218,3.08788908973,1.20059357885,0.42451524614,3.62356663724,-0.0931164843714,-0.269811367972,-0.112128855153,2.25071504782,-1.43802537036e-05,0.0566582849875,0.00342375366576,0.0563195567315,0.00169584245519,0.0559828535426,0.0312155506854,0.00262026228431,0.0310289303342,0.000931294444971,0.0308434256818
hsu_2019_fixed_box,24,238.63688251,0.838136842302,0.00133706811291,2.11292939285,MODEL-INFERRED,8.32673202956,14.7216928864,45.5883838755,18.4152834337,7.08562242827,60.6464186614,-1.73996605363,-4.83593505487,-1.31987673658,37.435649995,0.863799442022,1.01002571138,-0.0241748480465,0.361119669063,0.459330739814,0.129112966051,0.348573189418,-0.00806225874245,0.124627158882,0.158358710112,0.0445585868406
hsu_2019_fixed_box,25,245.635977646,0.838136842302,0.00303093043435,1.94514747136,MODEL-INFERRED,7.70318740228,13.63926234,42.3971931785,17.1048553693,6.55618364998,56.1048777734,-1.60614793008,-4.46927671474,-1.23123604203,34.636654041,0.783166967423,0.932918870872,-0.0207958379234,0.356975757575,0.400082522276,0.136594612324,0.326626529905,-0.00687342110933,0.124981664105,0.139928528001,0.0478234770675
hsu_2019_fixed_box,26,258.255520776,0.838136842302,0.00453702389973,1.68132203284,MODEL-INFERRED,6.71417848705,11.9200862655,37.2902081531,15.0123480656,5.7162128597,48.9015991532,-1.39497551832,-3.8882514995,-1.08910738963,30.1964726905,0.657702659076,0.810759160815,-0.0155668503991,0.345512491497,0.304021494652,0.147243333841,0.291421201831,-0.00494769852971,0.124191832034,0.109164761345,0.0529254942572
hsu_2019_fixed_box,27,276.470357828,0.838136842302,0.0057582777074,1.37307022418,MODEL-INFERRED,5.54312281709,9.87931973588,31.1640108021,12.5101083278,4.72119643638,40.3725633076,-1.14683460086,-3.20136690263,-0.918038161959,24.9377882876,0.513325544171,0.666586655788,-0.0097229032845,0.323532593196,0.223624523075,0.157028854315,0.248399223196,-0.00268866989263,0.12056233669,0.0832321054305,0.0585157909965
hsu_2019_fixed_box,28,300.074924761,0.838136842302,0.00661776786603,1.06868322273,MODEL-INFERRED,4.36698878672,7.82348619348,24.9094446245,9.96511908884,3.72113510198,31.8067271678,-0.899640749719,-2.51294700051,-0.742610893418,19.6547810076,0.3733220737,0.522237858184,-0.00427809320487,0.290635501105,0.14619780712,0.16174429559,0.203922643913,-0.000413000854045,0.113486908066,0.0570292417196,0.0631576663347
hsu_2019_fixed_box,29,328.516724098,0.838136842302,0.00706145617391,0.802907307532,MODEL-INFERRED,3.32116876645,5.98859353659,19.2448038402,7.66945425622,2.8310732935,24.1899669049,-0.68130721073,-1.90234309708,-0.582779097439,14.9555435414,0.253821627665,0.394453454673,5.98202388866e-05,0.250546956619,0.087166957404,0.15914115272,0.162761857403,0.00155723770681,0.103382255987,0.0359263929036,0.0656658201342
hsu_2019_fixed_box,30,360.712229569,0.838136842302,0.00706145617391,0.592036004874,MODEL-INFERRED,2.47660499001,4.49997154688,14.5824495291,5.78773934655,2.11165966114,18.0389377728,-0.505831804146,-1.41083984705,-0.450068093748,11.1591024912,0.162487413092,0.291868957304,0.0030197691313,0.209089587125,0.0545308265587,0.149787959116,0.127801120235,0.0030191749889,0.0915543869788,0.0238478293975,0.0655878896807
hsu_2019_fixed_box,31,394.901373697,0.838136842302,0.00661776786603,0.436355874301,MODEL-INFERRED,1.84348344431,3.37828704111,11.021516572,4.35636223579,1.57199012056,13.427782954,-0.374594253819,-1.04388320916,-0.347469066796,8.31178840762,0.0992513058302,0.215401882653,0.00475041390205,0.171252526948,0.0267130432769,0.136152143263,0.100365167431,0.00399373922007,0.0797940497475,0.012436727035,0.0634392442925
hsu_2019_fixed_box,32,428.617378481,0.838136842302,0.0057582777074,0.328450271003,MODEL-INFERRED,1.39915795263,2.58635333207,8.47968719854,3.3386035512,1.19315305979,10.1915930716,-0.282599421563,-0.787592340424,-0.273031795467,6.31247894346,0.0595790645799,0.162115436876,0.00554814805708,0.1404243173,0.0139201304494,0.12163547944,0.0800421880782,0.00451304531953,0.0693325067163,0.00687086512224,0.0600557856172
hsu_2019_fixed_box,33,458.847886945,0.838136842302,0.00453702389973,0.25776052276,MODEL-INFERRED,1.10547701547,2.05984217037,6.775157717,2.65850761507,0.94275121778,8.05254986907,-0.221833611816,-0.619000474735,-0.222254718557,4.99032939869,0.0366310716271,0.127126014706,0.00580416504534,0.117642091548,0.00781687285673,0.108865693113,0.0659577942353,0.00472773192358,0.0610371754802,0.00405718056134,0.0564836473656
hsu_2019_fixed_box,34,482.421187382,0.838136842302,0.00303093043435,0.21490972219,MODEL-INFERRED,0.926509199191,1.73735178623,5.7247313143,2.24063673403,0.790165609791,6.74899792904,-0.184831731988,-0.516663570852,-0.190481962968,4.18425638266,0.0243807064504,0.105922609362,0.00581847322681,0.102629765438,0.00486896595208,0.0994392870158,0.057038732711,0.00477877698286,0.0552655546748,0.00262377986567,0.0535474998891
hsu_2019_fixed_box,35,496.570348864,0.838136842302,0.00133706811291,0.193191616735,MODEL-INFERRED,0.835586298787,1.57292613443,5.18709009284,2.02720569696,0.712647271761,6.08673038358,-0.166050563942,-0.464809413169,-0.174043820506,3.77460964045,0.0187611627041,0.0951884820305,0.00577531354269,0.0946194032361,0.00280013444288,0.0940537266461,0.0523999787345,0.00477566127048,0.0520867085144,0.00154346230462,0.0517753111619
hsu_2019_fixed_box,36,238.63688251,0.912733003403,0.00164331517545,3.98471363092,MODEL-INFERRED,15.0507745455,26.8183126674,82.4021338947,33.3771795123,12.7914762344,109.624468574,-3.39255018083,-8.9371784102,-2.23291791571,67.6049875661,1.85453751586,1.82516399578,-0.0226288290421,0.652560237543,0.827655766453,0.23331320616,0.631417600575,-0.00203745814981,0.225753970806,0.286074502014,0.0807149741921
hsu_2019_fixed_box,37,245.635977646,0.912733003403,0.00372514603438,3.68004303569,MODEL-INFERRED,13.9699954734,24.932078505,76.8887690067,31.1056409528,11.8744623604,101.751970558,-3.13969267794,-8.28822693792,-2.08798007994,62.7569040025,1.69497549566,1.6913946667,-0.0178462156398,0.647201928653,0.723162946346,0.24764789951,0.593720694447,-0.00069673443187,0.227183629044,0.25364656519,0.0869304401686
hsu_2019_fixed_box,38,258.255520776,0.912733003403,0.00557620075883,3.1987498591,MODEL-INFERRED,12.2506417449,21.9275034455,68.0394454148,27.4678839939,10.4155364947,89.2281332515,-2.7390856111,-7.25670602357,-1.85486057046,55.0432199877,1.44625765479,1.4788512225,-0.010429139228,0.630226083325,0.552715427372,0.268576656029,0.533007709454,0.00150814503067,0.22714614966,0.199089290179,0.0968004259419
hsu_2019_fixed_box,39,276.470357828,0.912733003403,0.00707717508904,2.63224791066,MODEL-INFERRED,10.2047772196,18.3428083673,57.3723148482,23.0969933177,8.67942459239,74.3262149559,-2.26567063421,-6.03089211008,-1.57303276144,45.862730643,1.15914875879,1.22683069809,-0.00223891794995,0.595451039591,0.410072370225,0.289006413926,0.45826363926,0.00406072406689,0.222421529579,0.153093233275,0.107953877598
hsu_2019_fixed_box,40,300.074924761,0.912733003403,0.0081335260761,2.06724524059,MODEL-INFERRED,8.13380839101,14.7008592944,46.3955049114,18.6170107327,6.92160541979,59.2418817286,-1.79093316359,-4.79212210912,-1.28212130865,36.5671387114,0.879073846349,0.972545330264,0.00507927821647,0.541240346671,0.271157048493,0.301210754655,0.380264634652,0.00660346109675,0.211624647491,0.105998312752,0.117773222499
hsu_2019_fixed_box,41,328.516724098,0.912733003403,0.00867883840722,1.567963922,MODEL-INFERRED,6.26935086427,11.4059858921,36.3283037005,14.5259005543,5.33832812335,45.6620850336,-1.36853532456,-3.67940131913,-1.01430448204,28.1959590451,0.636915997265,0.744639532991,0.0103718690848,0.472976384308,0.163779916593,0.300422755174,0.307154070006,0.00870310293384,0.195096573604,0.0675435777432,0.123920458001
hsu_2019_fixed_box,42,360.712229569,0.912733003403,0.00867883840722,1.16671093323,MODEL-INFERRED,4.73881989296,8.68526111706,27.9025529689,11.1165052217,4.03760572593,34.5147832944,-1.02621920946,-2.76866156987,-0.789129711972,21.321867978,0.446011383508,0.558633175278,0.0133619709341,0.400194597781,0.103883460442,0.286692096318,0.244083595761,0.0100923866176,0.17485702739,0.0453612028289,0.12526437892
hsu_2019_fixed_box,43,394.901373697,0.912733003403,0.0081335260761,0.866877364327,MODEL-INFERRED,3.57051568753,6.5959101212,21.3468137954,8.47447607496,3.04367685753,26.0058520191,-0.767876064475,-2.07580600331,-0.613019875818,16.0729501349,0.305759035115,0.417409578485,0.0145535258119,0.331856176035,0.0514953038864,0.263838031633,0.193789961909,0.0108725098162,0.154070244258,0.023888982106,0.122491587965
hsu_2019_fixed_box,44,428.617378481,0.912733003403,0.00707717508904,0.656911493589,MODEL-INFERRED,2.73690154115,5.09574876802,16.5871686742,6.56320866489,2.33378613301,19.9345597127,-0.585177145947,-1.58325995689,-0.484258601911,12.3264747223,0.209696990455,0.31733644062,0.0145847327526,0.274876679772,0.0270892532958,0.238098054339,0.15594556371,0.0110949349982,0.135079975984,0.0132959028173,0.117006213435
hsu_2019_fixed_box,45,458.847886945,0.912733003403,0.00557620075883,0.518265342522,MODEL-INFERRED,2.17826267311,4.08457464483,13.3499592961,5.26730281667,1.85770020623,15.8659209465,-0.463495809078,-1.25442370564,-0.395921400159,9.81497098382,0.148309981153,0.250705937568,0.0140884302689,0.232002638697,0.0153106507764,0.214694653364,0.129362578971,0.0109990582009,0.119711802446,0.00788691776607,0.110780998328
hsu_2019_fixed_box,46,482.421187382,0.912733003403,0.00372514603438,0.43375375954,MODEL-INFERRED,1.83416122146,3.45863937536,11.3329475726,4.46184782735,1.56431506137,13.3597612923,-0.388831752459,-1.0525575797,-0.340365988504,8.26749582975,0.112415124185,0.209888417272,0.0135073403786,0.203363561023,0.00956948748048,0.197041544691,0.112354363913,0.0107940420236,0.108861574349,0.00511140077149,0.105477366049
hsu_2019_fixed_box,47,496.570348864,0.912733003403,0.00164331517545,0.390783532083,MODEL-INFERRED,1.65807525741,3.13723513974,10.2928754976,4.04720212384,1.41414517707,12.0772796653,-0.350700134756,-0.949510516334,-0.311510196615,7.47543001707,0.0948353133109,0.189071593256,0.0131103463579,0.187941239751,0.00548940449991,0.186817643998,0.10345138878,0.0106388004061,0.102832910679,0.00299618098512,0.102218130113
hsu_2019_fixed_box,48,238.63688251,1.00732228142,0.00180356281843,8.03744164743,MODEL-INFERRED,28.9360990415,52.0367503246,158.42349511,64.3495987924,24.5645138638,210.768254905,-7.07531428932,-17.5992526833,-3.98234570294,129.856034833,4.23842551658,3.5090908709,0.00464079086048,1.25462324348,1.58659251505,0.448571878301,1.21367715146,0.0255967129011,0.433932212169,0.548131169437,0.155146007759
hsu_2019_fixed_box,49,245.635977646,1.00732228142,0.00408840311414,7.44865447811,MODEL-INFERRED,26.9488266276,48.5347175904,148.322317607,60.1732892573,22.8797056296,196.292890084,-6.5715287749,-16.3751957854,-3.73946388683,120.950827048,3.89023230522,3.26267358452,0.00988821893479,1.24844229324,1.39084311092,0.477708884804,1.14563391601,0.0262453026425,0.438369881714,0.487863538454,0.167739581124
hsu_2019_fixed_box,50,258.255520776,1.00732228142,0.0061199631738,6.51427372745,MODEL-INFERRED,23.7721255586,42.9322470948,132.029184514,53.4523886942,20.1861614099,173.153549913,-5.76904641914,-14.4215850976,-3.34510229911,106.712886814,3.34501821803,2.86925573064,0.0182049377239,1.22275978386,1.06911526286,0.52109035561,1.03549275016,0.0274821871154,0.441284782616,0.385510012182,0.188057578712
hsu_2019_fixed_box,51,276.470357828,1.00732228142,0.00776730479994,5.40678815522,MODEL-INFERRED,19.9664190265,36.2079960388,112.253276493,45.3212966553,16.9589021286,145.432306976,-4.81286163412,-12.0865237683,-2.86191601937,89.6509845869,2.71232265041,2.39964763066,0.0275447610355,1.16468611239,0.799424077637,0.565288721174,0.898716273022,0.028908564196,0.436198360458,0.299191328567,0.211711988954
hsu_2019_fixed_box,52,300.074924761,1.00732228142,0.00892666570156,4.29199059059,MODEL-INFERRED,16.0831697082,29.3281986436,91.7389177757,36.920138195,13.6653341274,117.146139301,-3.84379137309,-9.70997632686,-2.35548912623,72.2355883632,2.09302997144,1.922091048,0.0359201325215,1.06968096271,0.534767916305,0.595298210857,0.754577116791,0.0304116253713,0.419936806617,0.209749600448,0.233702980952
hsu_2019_fixed_box,53,328.516724098,1.00732228142,0.00952515408621,3.29544572597,MODEL-INFERRED,12.5561328818,23.0536037508,72.7576137483,29.180411442,10.6734251322,91.4547528639,-2.97080451316,-7.55685025193,-1.88248953418,56.4121666929,1.55696643443,1.49039012497,0.041586356064,0.946658485463,0.326731209741,0.601293764018,0.61787185894,0.0314784398583,0.39245673223,0.135390434595,0.249278688524
hsu_2019_fixed_box,54,360.712229569,1.00732228142,0.00952515408621,2.4836383827,MODEL-INFERRED,9.63137760984,17.8207942026,56.7103266198,22.6656556568,8.19197234054,70.1507577064,-2.25404463301,-5.77565282763,-1.47967984097,43.2863838553,1.13413949406,1.13461506423,0.0438353903807,0.812817496993,0.209897432861,0.582287600654,0.498273715953,0.0316831346759,0.356954184186,0.0921722067777,0.255715454235
hsu_2019_fixed_box,55,394.901373697,1.00732228142,0.00892666570156,1.86799602859,MODEL-INFERRED,7.37047695823,13.7490316007,44.0653992252,17.5536048895,6.27301032332,53.6827022629,-1.7062890738,-4.40211027687,-1.16076162038,33.1367839809,0.822107235616,0.861136393452,0.0432324759897,0.684635536186,0.105421532868,0.544310774662,0.401462354794,0.0312148643526,0.319177538683,0.0491765004615,0.253758042276
hsu_2019_fixed_box,56,428.617378481,1.00732228142,0.00776730479994,1.43057443869,MODEL-INFERRED,5.73256426535,10.7777162542,34.7425762218,13.7986077464,4.88204521552,41.7527610383,-1.3143748281,-3.40981170876,-0.924717603058,25.7818734662,0.604948015607,0.664408821166,0.040868036759,0.575510617111,0.0560891905154,0.498507033406,0.327388458947,0.0301051593213,0.283583733451,0.0276651115421,0.245640100254
hsu_2019_fixed_box,57,458.847886945,1.00732228142,0.0061199631738,1.13803733759,MODEL-INFERRED,4.61729946271,8.74071704811,28.2981298106,11.2110693479,3.93424967802,33.6298106324,-1.05055784979,-2.73609005294,-0.760933442346,20.7726476815,0.461790308661,0.531315412308,0.0380079001194,0.491677934842,0.0319775360099,0.454997513738,0.274523035979,0.0287860863416,0.254042921154,0.0165365459894,0.235090674844
hsu_2019_fixed_box,58,482.421187382,1.00732228142,0.00408840311414,0.957979743602,MODEL-INFERRED,3.92080698054,7.46142922967,24.2259510412,9.58000038979,3.34193006587,28.5570500611,-0.887286489444,-2.31643710678,-0.657037720117,17.6437036166,0.374573745807,0.448642479756,0.0355740017368,0.434695413378,0.0200967916127,0.42118192311,0.240251029225,0.0276341496127,0.232782282499,0.0107641180385,0.225545718661
hsu_2019_fixed_box,59,496.570348864,1.00732228142,0.00180356281843,0.865857573642,MODEL-INFERRED,3.56097918808,6.7980342457,22.1055801108,8.73207984381,3.03575532232,25.9363414702,-0.803425895298,-2.10004342548,-0.602774967338,16.0269701162,0.330258917253,0.406069774881,0.0340908861084,0.403642110388,0.0114920899657,0.401228959546,0.22215398496,0.0269292825003,0.220825850303,0.00628841493087,0.219505655822
hsu_2019_fixed_box,60,238.63688251,1.11682231273,0.00180356281843,16.1617560363,MODEL-INFERRED,55.0756790395,100.272580636,301.536207644,122.819019348,46.6978502346,401.159097429,-14.4729722118,-34.3040002113,-6.87333340748,246.885860758,9.5798312496,6.6810116939,0.133228469841,2.38869635172,3.0090597582,0.854042848915,2.30450909371,0.117651322804,0.823942947093,1.03674765252,0.294588544657
hsu_2019_fixed_box,61,245.635977646,1.11682231273,0.00408840311414,15.0317930145,MODEL-INFERRED,51.5109852398,93.8968669621,283.508770848,115.337439764,43.6800544079,375.195763598,-13.5053750522,-32.0529988594,-6.489404733,230.932412206,8.84830225036,6.2380268988,0.132564992576,2.38694322465,2.64899794785,0.913349373146,2.18519793179,0.114477593484,0.836152758304,0.926969621748,0.319948790472
hsu_2019_fixed_box,62,258.255520776,1.11682231273,0.0061199631738,13.229057982,MODEL-INFERRED,45.7697714454,83.6255685463,254.202998567,103.202565354,38.8186422147,333.379466618,-11.9509099806,-28.4322134549,-5.86122654302,205.233952335,7.6872972786,5.52539490468,0.132000343075,2.3546979822,2.05105168346,1.00347625519,1.99069616319,0.109867364779,0.848353523956,0.738295450258,0.361533675966
hsu_2019_fixed_box,63,276.470357828,1.11682231273,0.00776730479994,11.0754109725,MODEL-INFERRED,38.815103568,71.1700413453,218.222533902,88.3519808645,32.9283359313,282.724298678,-10.0758865725,-24.0552563448,-5.08178665266,174.096005387,6.31339123633,4.66529575192,0.131359886363,2.26433460607,1.54831435492,1.0990109697,1.74617695668,0.104340730438,0.847519454626,0.579050480467,0.411349619075
hsu_2019_fixed_box,64,300.074924761,1.11682231273,0.00892666570156,8.88590663639,MODEL-INFERRED,31.6232400678,58.26835642,180.379979383,72.7957734255,26.8351394657,230.340576882,-8.14805777364,-19.5416390146,-4.25025522056,141.885073291,4.9378153902,3.7788345459,0.130096336116,2.10299474584,1.04887563088,1.17035738065,1.48492212442,0.0990568614201,0.826387974309,0.411634352442,0.459900942179
hsu_2019_fixed_box,65,328.516724098,1.11682231273,0.00952515408621,6.90617341335,MODEL-INFERRED,24.9968285353,46.3475591883,144.846316348,58.2534641542,21.2192960245,182.074604951,-6.3845035209,-15.397220396,-3.45586491833,112.194461906,3.72183071227,2.96593710019,0.127003260268,1.8838889739,0.648872088302,1.19659910042,1.23328597877,0.0940126135088,0.783352370121,0.269479597887,0.497565809017
hsu_2019_fixed_box,66,360.712229569,1.11682231273,0.00952515408621,5.27333248953,MODEL-INFERRED,19.4249056523,36.2816162784,114.375408039,45.8397305782,16.4959830472,141.488722301,-4.91401062965,-11.9256124212,-2.76160238799,87.2172494844,2.74892489449,2.28671959657,0.1213192423,1.63816412932,0.421991668572,1.17355084489,1.00949091219,0.0887920920604,0.72318084111,0.186086279854,0.518073538484
hsu_2019_fixed_box,67,394.901373697,1.11682231273,0.00892666570156,4.01895334255,MODEL-INFERRED,15.063489762,28.3617158413,90.0591228829,35.9766688408,12.797803616,109.719793852,-3.77280554211,-9.21768840068,-2.19776949562,67.6575834695,2.02724253602,1.7581498398,0.113499147157,1.39779466693,0.214581311117,1.11129887037,0.825596202314,0.0837597146907,0.656379759284,0.100679100391,0.521846378641
hsu_2019_fixed_box,68,428.617378481,1.11682231273,0.00776730479994,3.1160818873,MODEL-INFERRED,11.8688182873,22.5240778149,71.9317403035,28.6525669215,10.0884331289,86.4494528973,-2.94399216255,-7.23983980841,-1.77141439439,53.324773003,1.52555565957,1.37385507233,0.10463072631,1.1900326355,0.11530472657,1.03080572476,0.682776372623,0.0786470899767,0.591420581786,0.0572894714601,0.512288237532
hsu_2019_fixed_box,69,458.847886945,1.11682231273,0.0061199631738,2.5048477621,MODEL-INFERRED,9.67197265307,18.4841382915,59.2768001884,23.5561951485,8.22493175502,70.4474616103,-2.3786092228,-5.88276398588,-1.47081961877,43.465619361,1.19572937437,1.11139357473,0.0962625089643,1.02848079495,0.0661436463746,0.951753518853,0.579473930129,0.0740061498184,0.536243705077,0.0345113366152,0.49623856447
hsu_2019_fixed_box,70,482.421187382,1.11682231273,0.00408840311414,2.12476199758,MODEL-INFERRED,8.28825447518,15.9252225545,51.2116123363,20.3162385429,7.05091128692,60.3684503409,-2.02500975919,-5.02948206788,-1.27808261724,37.254297722,0.99490260618,0.947018290343,0.0897103258931,0.917578084495,0.0416462390863,0.889053094045,0.511751345263,0.0703926725981,0.49584239704,0.0225464768197,0.480428014461
hsu_2019_fixed_box,71,496.570348864,1.11682231273,0.00180356281843,1.92889988473,MODEL-INFERRED,7.56879486615,14.5895024236,46.9849983442,18.6210838521,6.4403358956,55.1279505827,-1.8420999649,-4.58636505715,-1.17673943154,34.0242901148,0.892714277269,0.861843147188,0.0858259605253,0.85669066814,0.0236762473311,0.851568992889,0.475716592492,0.0682773590559,0.472872548558,0.0131166946396,0.470045507575
hsu_2019_fixed_box,72,238.63688251,1.23256198232,0.00164331517545,30.2937173447,MODEL-INFERRED,96.2406220737,177.908220537,526.911927505,215.046254002,81.4799080306,700.959060876,-26.6611873071,-61.0824624699,-10.829227314,430.96599233,19.1615062707,11.6715818509,0.508516375548,4.17300047706,5.2315176541,1.49199424757,4.03538972333,0.346209206034,1.44279356952,1.80702140263,0.51584937936
hsu_2019_fixed_box,73,245.635977646,1.23256198232,0.00372514603438,28.2876569369,MODEL-INFERRED,90.5219398156,167.495842736,498.219239496,203.111242773,76.6485579874,659.310782848,-25.0432770928,-57.4126757483,-10.2834070435,405.397078206,17.8504359578,10.9598685088,0.487597309202,4.19372732828,4.63204402567,1.60470437121,3.84695617916,0.33318326386,1.47201449053,1.62442677193,0.563257432479
hsu_2019_fixed_box,74,258.255520776,1.23256198232,0.00557620075883,25.0662207302,MODEL-INFERRED,81.2115887935,150.546104155,451.045061789,183.528900828,68.7808349845,591.504203228,-22.4100828425,-51.4412372415,-9.38070181107,363.763901353,15.7392556591,9.80227196014,0.455009038843,4.17732857175,3.62168518221,1.78020708539,3.53702688606,0.312969066054,1.50733661852,1.30590125431,0.64236539747
hsu_2019_fixed_box,75,276.470357828,1.23256198232,0.00707717508904,21.1801523416,MODEL-INFERRED,69.7534688997,129.677078984,392.161229329,159.157594822,59.0950889177,508.054347674,-19.1728846759,-44.0997542164,-8.2435143019,312.516358583,13.1851042374,8.38272485737,0.416375260824,4.06861536696,2.76900295056,1.97473152059,3.14122127826,0.288232089283,1.52461417752,1.03694505044,0.739982377673
hsu_2019_fixed_box,76,300.074924761,1.23256198232,0.0081335260761,17.1815007949,MODEL-INFERRED,57.6730295621,107.656794639,328.968817272,133.099724171,48.8784083089,420.070509237,-15.7667877502,-36.3715627683,-7.00863811071,258.471428103,10.5530813772,6.89073821199,0.376636616309,3.83482951655,1.90452590094,2.13415703348,2.71075671721,0.26325584661,1.50858871017,0.748569003222,0.839558888484
hsu_2019_fixed_box,77,328.516724098,1.23256198232,0.00867883840722,13.5166111249,MODEL-INFERRED,46.3013165627,86.8910933322,268.29704163,108.185129826,39.2560414844,337.246840637,-12.5715514615,-29.1126337129,-5.80574507148,207.581251615,8.14485013822,5.49265767524,0.338307566935,3.48879860976,1.19677002211,2.21599751143,2.28753841958,0.239892680607,1.45298712024,0.497972292105,0.922901033495
hsu_2019_fixed_box,78,360.712229569,1.23256198232,0.00867883840722,10.4510939888,MODEL-INFERRED,36.5299906352,68.9935772929,215.091525248,86.4313258643,30.9837128071,266.077768825,-9.84009021455,-22.8929548534,-4.73265110137,163.837247074,6.14435952044,4.29882077146,0.302378205957,3.07959663998,0.790093412114,2.20616675344,1.90273588139,0.21852989379,1.36308521304,0.349356407513,0.976489336322
hsu_2019_fixed_box,79,394.901373697,1.23256198232,0.0081335260761,8.06376786333,MODEL-INFERRED,28.7256722179,54.6433886806,171.740339393,68.7830529469,24.373330571,209.234028048,-7.67257626531,-17.9418542995,-3.84144474764,128.885096231,4.60743284506,3.35071739458,0.269737964932,2.66394524432,0.407453218454,2.11793578182,1.58011636067,0.200337011411,1.25625141389,0.191917696386,0.998766707425
hsu_2019_fixed_box,80,428.617378481,1.23256198232,0.00707717508904,6.32380142354,MODEL-INFERRED,22.9093510713,43.8962814913,138.843602783,55.4441336056,19.4451528619,166.869243604,-6.0689530971,-14.2650135805,-3.1512482381,102.825389607,3.50972658426,2.64940428348,0.241347471472,2.29491277898,0.221479299123,1.98785239987,1.32476524659,0.184558248012,1.14751105089,0.110587803161,0.99397354761
hsu_2019_fixed_box,81,458.847886945,1.23256198232,0.00557620075883,5.13308610397,MODEL-INFERRED,18.8557395893,36.3682755224,115.561524844,46.0361624028,16.0096479599,137.343153906,-4.95908883409,-11.7106612876,-2.65348475524,84.6562386827,2.77622099075,2.16402716792,0.218444327673,2.00258525203,0.128080062316,1.85318731257,1.13721420713,0.171738615674,1.05237514268,0.0672080372738,0.973865287631
hsu_2019_fixed_box,82,482.421187382,1.23256198232,0.00372514603438,4.38627895498,MODEL-INFERRED,16.2782206934,31.5596347312,100.580155951,39.9985604302,13.8247629287,118.568563026,-4.25740133657,-10.0903921631,-2.32834830497,73.099524342,2.326419895,1.85720681648,0.202029141275,1.79947134132,0.0809734767214,1.74353070401,1.0128451183,0.162421497688,0.981358536598,0.0441042074653,0.950850786513
hsu_2019_fixed_box,83,496.570348864,1.23256198232,0.00164331517545,3.99917521629,MODEL-INFERRED,14.9301961619,29.0365181144,92.6825544026,36.8214234104,12.681910311,108.749521122,-3.8918326552,-9.24427747011,-2.15527377231,67.0541332544,2.09707974388,1.6973088519,0.192721752294,1.68716158981,0.0460210876405,1.67707499254,0.946199513672,0.157149481153,0.940542715002,0.0256196355121,0.934919735174
hsu_2019_fixed_box,84,238.63688251,1.34226291367,0.00133706811291,50.1084642084,MODEL-INFERRED,146.327127804,274.613849428,801.132695283,327.068591804,123.68680935,1065.67623875,-41.7879383455,-93.9505918688,-15.0529777587,654.755983068,31.7978295444,17.719224796,1.18181394551,6.33524525397,7.89926141828,2.26507270436,6.21065759362,0.745621490346,2.22052823963,2.7668777307,0.793916841926
hsu_2019_fixed_box,85,245.635977646,1.34226291367,0.00303093043435,46.984229999,MODEL-INFERRED,138.469577165,260.08354543,762.115875654,310.840288075,117.064438772,1008.46005893,-39.5258111202,-88.8716556921,-14.3754526089,619.645274821,29.8787647536,16.7409680849,1.1304464336,6.40583007937,7.0380128525,2.45115209572,5.95274282676,0.717521482141,2.27778100173,2.50103299315,0.871579109471
hsu_2019_fixed_box,86,258.255520776,1.34226291367,0.00453702389973,41.9322903307,MODEL-INFERRED,125.542463268,236.181808938,697.256499267,283.913250423,106.165348345,914.326514288,-35.8011330709,-80.5154485376,-13.2445851613,561.876399217,26.7438571749,15.1327894891,1.04776946988,6.44897776356,5.5626837258,2.74829133285,5.52494189541,0.672852124067,2.35450492813,2.029939471,1.00339398341
hsu_2019_fixed_box,87,276.470357828,1.34226291367,0.0057582777074,35.7743406808,MODEL-INFERRED,109.375127466,206.277420587,614.918299,249.819066515,92.5282059792,796.593958692,-31.1382014904,-70.0655149275,-11.798923459,489.617175259,22.8676830646,13.1286267332,0.946327189456,6.37207273087,4.31454461489,3.09273100016,4.96982574592,0.61693344397,2.41214041318,1.63258235265,1.17074957359
hsu_2019_fixed_box,88,300.074924761,1.34226291367,0.00661776786603,29.3542888464,MODEL-INFERRED,91.9708382302,174.065047092,524.604622053,212.544617825,77.8387888337,669.848760308,-26.1132067193,-58.8194352443,-10.1978936485,411.814112083,18.760467336,10.9772020866,0.838590714941,6.1090259528,3.0189839625,3.39979147668,4.3550771716,0.558561255509,2.42368494793,1.19719885675,1.34882770048
hsu_2019_fixed_box,89,328.516724098,1.34226291367,0.00706145617391,23.3813205015,MODEL-INFERRED,75.1860951818,142.955070562,435.672425894,175.974311712,63.6631587216,547.610900386,-21.2644442402,-47.9817377057,-8.60145897171,336.762121179,14.8790426948,8.9111612932,0.73394150361,5.66014650271,1.93171146028,3.59518331877,3.73735846477,0.502659082864,2.37387650697,0.809868383786,1.5078269113
hsu_2019_fixed_box,90,360.712229569,1.34226291367,0.00706145617391,18.3063816513,MODEL-INFERRED,60.3902171549,115.464210834,355.582459564,143.16619324,51.1593079591,439.853900272,-16.9925399874,-38.4405430651,-7.14190556228,270.584139325,11.5398307047,7.10089625515,0.63845965887,5.08695230873,1.29787803732,3.64419967022,3.16186117611,0.451497380006,2.26509956374,0.577694356131,1.6226759329
hsu_2019_fixed_box,91,394.901373697,1.34226291367,0.00661776786603,14.2936945484,MODEL-INFERRED,48.2769289304,92.8871479715,288.630187536,115.845784325,40.9155775755,351.631550803,-13.5017403897,-30.6431473962,-5.90164647844,216.387651357,8.8795504114,5.62680364978,0.555697141066,4.4735186703,0.680181824946,3.55661411684,2.66822273319,0.408262329438,2.12133654493,0.322421455813,1.68654163721
hsu_2019_fixed_box,92,428.617378481,1.34226291367,0.0057582777074,11.3285062284,MODEL-INFERRED,39.0462831092,75.6125167516,236.642522317,94.7087854569,33.1052984962,284.402258667,-10.8504104392,-24.7144398743,-4.92163068256,175.075065043,6.91079174822,4.51178414171,0.487615748494,3.90810536066,0.374525507589,3.38519907653,2.2686748931,0.371999581921,1.96512515511,0.188218802578,1.70219051086
hsu_2019_fixed_box,93,458.847886945,1.34226291367,0.00453702389973,9.27579636884,MODEL-INFERRED,32.4935027757,63.2968751908,199.143539849,79.5112679769,27.5582881413,236.675643989,-8.97591906309,-20.515624006,-4.2026646216,145.738339412,5.55334409763,3.72567239935,0.435276511798,3.44772778801,0.218550220281,3.19051854969,1.96968941425,0.343539884167,1.82274558774,0.115452090601,1.68676414341
hsu_2019_fixed_box,94,482.421187382,1.34226291367,0.00303093043435,7.97700551185,MODEL-INFERRED,28.2689201865,55.3261625437,174.668500598,69.6173083897,23.9809393496,205.905773124,-7.77230221428,-17.8144758774,-3.72645137317,126.81981494,4.70074359979,3.22181181531,0.399094203019,3.12165450683,0.138850985169,3.02461081485,1.76861114155,0.323442860765,1.71362986336,0.0761499321404,1.66035780258
hsu_2019_fixed_box,95,496.570348864,1.34226291367,0.00133706811291,7.29993370973,MODEL-INFERRED,26.040005725,51.109192672,161.649198784,64.3633860577,22.0930520174,189.671232614,-7.13919807232,-16.3915549057,-3.47047727742,116.836353554,4.2594464213,2.95689261958,0.379041369831,2.93921500931,0.0788561944792,2.92164308361,1.65992074144,0.312264525797,1.64999700199,0.0442033676447,1.64013259104
hsu_2019_fixed_box,96,238.63688251,1.43146677396,0.000912090698325,71.111190121,MODEL-INFERRED,192.093488611,364.730456797,1051.70091552,429.009163875,162.118370446,1398.83637248,-55.7247140397,-124.09146096,-18.5663735425,859.17943369,43.7385477298,23.2146741053,1.95095085618,8.3000614102,10.2901802253,2.96756349456,8.28462745072,1.22252057215,2.96204531193,3.67251748716,1.05903524113
hsu_2019_fixed_box,97,245.635977646,1.43146677396,0.00206757115045,66.9073232993,MODEL-INFERRED,182.629108133,347.04115896,1005.16333995,409.675733994,154.163314585,1329.9360541,-52.9759301377,-117.953700411,-17.7978120389,816.895561131,41.3725224105,22.0360800282,1.87093862645,8.43197260518,9.2130365357,3.22644326593,7.97478603358,1.17924288331,3.05150359235,3.33437755638,1.16763937426
hsu_2019_fixed_box,98,258.255520776,1.43146677396,0.0030949637173,60.072777255,MODEL-INFERRED,166.948069799,317.738115573,927.22114635,377.352085861,140.976302211,1215.77374858,-48.4176162977,-107.782547475,-16.5101179019,746.83468254,37.466371504,20.084620788,1.74073102288,8.55924632693,7.34427648497,3.64760173759,7.45777707837,1.10968538613,3.17820046188,2.72733512692,1.35441942951
hsu_2019_fixed_box,99,276.470357828,1.43146677396,0.0039280508484,51.6728625972,MODEL-INFERRED,147.119253131,280.669698464,827.119684163,335.940028012,124.290350361,1071.40566129,-42.646558058,-94.9184414768,-14.8529046445,658.235673256,32.5580360013,17.6259692445,1.57860425627,8.55489003228,5.76299828715,4.15217696396,6.77863089998,1.02132450216,3.2900569106,2.21649607019,1.59685261444
hsu_2019_fixed_box,100,300.074924761,1.43146677396,0.00451435828587,42.8209911584,MODEL-INFERRED,125.458106345,240.148627304,715.617077426,289.950952273,106.047060855,913.685795386,-36.3317957718,-80.86263133,-12.9989637469,561.438683579,27.2467874531,14.9473916403,1.40289015728,8.31851347331,4.09125457319,4.62941415271,6.01618695806,0.927246413157,3.34812477474,1.6466561146,1.86329640109
hsu_2019_fixed_box,101,328.516724098,1.43146677396,0.00481702347896,34.4807636357,MODEL-INFERRED,104.189765436,200.301931795,603.73673817,243.959154062,88.1186721697,758.815410888,-30.1201558844,-67.0609464915,-11.124642391,466.382172916,22.0997667162,12.3282648395,1.22858717476,7.8306051052,2.65970603658,4.97380427107,5.23684540975,0.835311135232,3.3263130647,1.1298393947,2.11279076213
hsu_2019_fixed_box,102,360.712229569,1.43146677396,0.00481702347896,27.2967991176,MODEL-INFERRED,85.0553783261,164.362849663,500.812913898,201.793839643,71.975576605,619.475404191,-24.5227522458,-54.647596547,-9.38078167561,380.845449485,17.547073405,9.98596871453,1.066758804,7.15376549411,1.81570016569,5.12482686534,4.49603772379,0.749802629262,3.2208792605,0.81755186237,2.30737904085
hsu_2019_fixed_box,103,394.901373697,1.43146677396,0.00451435828587,21.5382960956,MODEL-INFERRED,69.0531276271,134.214518952,412.843517981,165.878226684,58.4638101363,502.938382333,-19.8369280607,-44.2734318331,-7.86952811988,309.292709506,13.815282745,8.03711365699,0.924879232356,6.38980498303,0.966005795557,5.08013317512,3.84817112626,0.676593181757,3.05943950621,0.462647555703,2.43236846415
hsu_2019_fixed_box,104,428.617378481,1.43146677396,0.0039280508484,17.2287629948,MODEL-INFERRED,56.6090413868,110.679258723,343.082753928,137.487939265,47.9494935607,412.310568549,-16.1932341165,-36.2148436854,-6.65199759835,253.634984055,10.9768761152,6.53260996742,0.807938668958,5.65854376692,0.538335295147,4.90142802369,3.31324519333,0.615024257259,2.86993147158,0.273154064428,2.48593332848
hsu_2019_fixed_box,105,458.847886945,1.43146677396,0.0030949637173,14.2131434246,MODEL-INFERRED,47.6195947359,93.6105295788,291.847103323,116.695972585,40.3498369107,346.840501886,-13.563688001,-30.4010622893,-5.74389268371,213.418007027,8.97100796595,5.45313291209,0.718332475126,5.04631536471,0.316730360368,4.66984743827,2.90604111488,0.566801129749,2.6892430764,0.168894763301,2.4886187215
hsu_2019_fixed_box,106,482.421187382,1.43146677396,0.00206757115045,12.2892892408,MODEL-INFERRED,41.7457685252,82.4179941775,257.939487838,102.967344433,35.3819929925,304.060685398,-11.8481474716,-26.6072282329,-5.13489799771,187.133774892,7.68551860779,4.7518423042,0.656691392016,4.60412053682,0.202072893101,4.46099103475,2.628516519,0.53288730573,2.54680313692,0.111876736005,2.46763000018
hsu_2019_fixed_box,107,496.570348864,1.43146677396,0.000912090698325,11.2809532654,MODEL-INFERRED,38.6194544863,76.4459171517,239.738959396,95.6097828326,32.7370408443,281.291069494,-10.9363491714,-24.5900311137,-4.80494641806,173.141887297,7.01091528928,4.37984399345,0.622657113056,4.35365935129,0.114499756311,4.32763125249,2.47724633497,0.514076787339,2.46243626207,0.0648472066912,2.44771473033
hsu_2019_fixed_box,108,238.63688251,1.48649618945,0.000406890358196,86.2004923093,MODEL-INFERRED,221.41768679,423.289758841,1212.24923132,494.06270931,186.662205192,1612.23020584,-64.6984300394,-143.439097569,-20.7159966817,990.172501003,51.4214209133,26.7197228372,2.5129740911,9.55323944698,11.7941933765,3.4156186607,9.65894098894,1.58583517374,3.45341067473,4.26674924779,1.23471561758
hsu_2019_fixed_box,109,245.635977646,1.48649618945,0.000922358672824,81.2724560113,MODEL-INFERRED,211.075660584,403.840116631,1161.72891684,473.097430394,177.985953782,1536.95595059,-61.6820799499,-136.72213488,-19.8973993692,943.96565526,48.8247144751,25.4314892074,2.41396848011,9.73120537006,10.5893070556,3.7235868172,9.32134714824,1.53238469577,3.56675705011,3.88408989947,1.36479799027
hsu_2019_fixed_box,110,258.255520776,1.48649618945,0.00138068604126,73.2357325762,MODEL-INFERRED,193.869242575,371.490820478,1076.73998003,437.887142136,163.542740987,1411.71216741,-56.6589157761,-125.544341188,-18.5231465778,867.088581613,44.512155396,23.2894660389,2.25226829079,9.92502067894,8.4830001779,4.22963907,8.75612174432,1.4460915637,3.73150201189,3.19162151501,1.59021398643
hsu_2019_fixed_box,111,276.470357828,1.48649618945,0.00175233232797,63.3110579047,MODEL-INFERRED,171.973376444,330.313801048,966.852140573,392.46819915,145.149381085,1252.32147886,-50.2584931555,-111.316237442,-16.7489133235,769.256552039,39.0432053817,20.5737997526,2.05001737496,9.98564061861,6.701197725,4.84660197742,8.00819296156,1.33569219176,3.88683363696,2.61002182698,1.88650245991
hsu_2019_fixed_box,112,300.074924761,1.48649618945,0.0020138883812,52.7868896383,MODEL-INFERRED,147.857898946,284.936450856,843.38621553,341.585963721,124.8715143,1076.75667976,-43.1973122189,-95.6406643011,-14.7553913472,661.501147387,33.0541865947,17.5908123421,1.82937971151,9.78962838439,4.79764307634,5.4481181449,7.16193523689,1.21710788156,3.98575592297,1.95423378013,2.21815050709
hsu_2019_fixed_box,113,328.516724098,1.48649618945,0.00214890954638,42.7967197508,MODEL-INFERRED,123.946861008,239.876844189,718.220962089,290.167217061,104.744298742,902.663989278,-36.1821905028,-80.0934305694,-12.7283140808,554.649491644,27.1670870695,14.6453226826,1.60882025074,9.30234222406,3.14856756315,5.90861483415,6.28836471914,1.10006630916,3.99421179818,1.35253550813,2.53702331231
hsu_2019_fixed_box,114,360.712229569,1.48649618945,0.00214890954638,34.1200739457,MODEL-INFERRED,102.195144106,198.780911085,601.73323443,242.467864957,86.4161255433,744.279475898,-29.7875698187,-65.9486824592,-10.8283075499,457.433743291,21.8763801567,11.9819520529,1.40219807414,8.58365148126,2.17055215503,6.14917105545,5.44814381277,0.990102670008,3.90295066297,0.9873867323,2.79600252876
hsu_2019_fixed_box,115,394.901373697,1.48649618945,0.0020138883812,27.1056274801,MODEL-INFERRED,83.7857890365,163.889808843,500.92473855,201.320782075,70.8890085332,610.222656509,-24.3655438624,-53.9798022472,-9.16669111881,375.140924651,17.4669695391,9.73921587944,1.21914612004,7.74303970469,1.16605352807,6.15600522779,4.70488173354,0.895048430039,3.7405563774,0.563662610585,2.97388176896
hsu_2019_fixed_box,116,428.617378481,1.48649618945,0.00175233232797,21.8134198051,MODEL-INFERRED,69.2971677815,136.321496931,419.979963968,168.379286091,58.6592615309,504.710995274,-20.0933221423,-44.5654237904,-7.81412327604,310.360049287,14.0584206925,7.98697731939,1.06690588134,6.91831610223,0.654976279171,5.99264224454,4.08361754954,0.814544314542,3.53722765429,0.33519440164,3.06394497685
hsu_2019_fixed_box,117,458.847886945,1.48649618945,0.00138068604126,18.0839856639,MODEL-INFERRED,58.7163792451,116.109249447,359.856174655,143.975021696,49.7223732737,427.654776083,-16.9720997451,-37.6957815473,-6.79510663255,263.040901342,11.6144367069,6.71597868013,0.949474752136,6.21494963518,0.38744265162,5.75129862787,3.6055404622,0.751195621783,3.33655799809,0.208297841846,3.08764230809
hsu_2019_fixed_box,118,482.421187382,1.48649618945,0.000922358672824,15.6916486052,MODEL-INFERRED,51.7423535896,102.740366818,319.706563225,127.712472073,43.8290444201,376.864104366,-14.9152729487,-33.1716965456,-6.10605683015,231.845556051,10.0296348098,5.88302531461,0.868368016201,5.70013816445,0.24783735417,5.52293647507,3.27690181811,0.706529150266,3.17503191227,0.138332594773,3.0763288629
hsu_2019_fixed_box,119,496.570348864,1.48649618945,0.000406890358196,14.4332300555,MODEL-INFERRED,48.0088538719,95.5660072432,298.025770228,118.943346113,40.6729750506,349.67323106,-13.8146495969,-30.7514087412,-5.73066976232,215.142919651,9.19121646406,5.43858728063,0.823490159128,5.40607300341,0.140156825723,5.3737531109,3.09679191877,0.681718992882,3.07827792869,0.0800673746743,3.05987462343
bryson_2020_earth_20_percent_box,0,293.294363722,0.804243210282,0.000129271027576,0.827508457384,MODEL-INFERRED,3.42054578092,6.09143040074,19.4327251938,7.7672016247,2.91552379042,24.9137844521,-0.68530371506,-1.94647736555,-0.602270702444,15.4038191602,0.253207878625,0.409656338219,-0.00693619639577,0.219849212435,0.125917357074,0.11798591087,0.158028549094,-0.00216832006883,0.0848087746227,0.0485069846647,0.0455141067498
bryson_2020_earth_20_percent_box,1,297.935509742,0.804243210282,0.00029303779514,0.787718392664,MODEL-INFERRED,3.26216336332,5.81562455424,18.5841436071,7.4228024775,2.78065945814,23.7603126522,-0.653225448347,-1.85482125738,-0.577658617778,14.6920018075,0.23593985872,0.390228632785,-0.00608444091501,0.21474458341,0.112284144652,0.118174916522,0.152008610658,-0.00179294152479,0.0836510266753,0.0436850797756,0.0460335387154
bryson_2020_earth_20_percent_box,2,306.153532971,0.804243210282,0.00043865060874,0.722857245711,MODEL-INFERRED,3.00302412982,5.36392745108,17.1895705349,6.85737743406,2.55996787836,21.872985144,-0.600767652072,-1.70494797865,-0.537108047776,13.5272309329,0.208090510391,0.358497944604,-0.00472345704443,0.205755787755,0.0942814334091,0.1180911769,0.142000337043,-0.00118621680167,0.081499466453,0.0373016312919,0.0467756849768
bryson_2020_earth_20_percent_box,3,317.698425222,0.804243210282,0.000556724424968,0.642329241623,MODEL-INFERRED,2.67958059188,4.79933665815,15.4373386731,6.14799594139,2.28444463266,19.5173155937,-0.535329424604,-1.51808691747,-0.485971167965,12.0732006461,0.174135168193,0.318981429481,-0.00308551687206,0.19333149145,0.076049710274,0.117176305991,0.129259960125,-0.000441724855894,0.0783431841673,0.0307838903972,0.047483029544
bryson_2020_earth_20_percent_box,4,332.154304694,0.804243210282,0.0006398220435,0.556248828832,MODEL-INFERRED,2.33153275939,4.19064881648,13.5359457348,5.37969121203,1.98788489375,16.982432238,-0.464945432165,-1.31732490219,-0.430179790525,10.5082287176,0.13886827359,0.276571368002,-0.00141194921337,0.178316557927,0.0598593015113,0.114967775083,0.115232744616,0.000341774287314,0.0742951323152,0.0249154880387,0.0479010259119
bryson_2020_earth_20_percent_box,5,348.89888925,0.804243210282,0.000682718918334,0.473305115022,MODEL-INFERRED,1.99374097826,3.5985324941,11.6729191204,4.6285111948,1.69999410941,14.522218971,-0.396646509835,-1.12288092538,-0.375133312015,8.98897706251,0.106242545898,0.235535878194,0.000102227167392,0.161921298151,0.0465613967233,0.111314280422,0.101266194311,0.00107825536896,0.0696163733836,0.020001961897,0.0478584139166
bryson_2020_earth_20_percent_box,6,367.072707727,0.804243210282,0.000682718918334,0.399493645151,MODEL-INFERRED,1.69106410427,3.06655225021,9.98668043374,3.9501870097,1.44198588449,12.317725081,-0.335433215177,-0.949089705711,-0.324884885647,7.62724927305,0.0787834156858,0.198883843545,0.00134113458706,0.145496296348,0.0352633832361,0.106439879045,0.0884192391371,0.00170941674414,0.0646843483666,0.0156663453881,0.0473207524114
bryson_2020_earth_20_percent_box,7,385.577601103,0.804243210282,0.0006398220435,0.337964720222,MODEL-INFERRED,1.43719700916,2.61909337214,8.55813807197,3.3768858455,1.22556053886,10.4686988935,-0.284067009687,-0.803737260532,-0.281904750634,6.48474627351,0.05744099928,0.168230395875,0.00227229548277,0.130258034084,0.0233139571591,0.100856657652,0.0773952322926,0.00221448626115,0.0599258579492,0.0107219091341,0.0463996081486
bryson_2020_earth_20_percent_box,8,403.122111513,0.804243210282,0.000556724424968,0.289850584567,MODEL-INFERRED,1.23767413371,2.26629270084,7.42510357868,2.92323284706,1.05546816809,9.01546280834,-0.243684034745,-0.689829963455,-0.247449431324,5.58651646725,0.0420638924478,0.14423419093,0.00290804935318,0.117252766943,0.0163441566437,0.0953186707466,0.0684616367001,0.00257204936145,0.0556547395644,0.00775704191865,0.0452435872889
bryson_2020_earth_20_percent_box,9,418.323638983,0.804243210282,0.00043865060874,0.254653442648,MODEL-INFERRED,1.09118648482,2.00650587734,6.58668029929,2.58824365217,0.930594948322,7.94849620659,-0.21403608532,-0.606420605211,-0.221696562851,4.9268451041,0.0317185652114,0.126677510108,0.00331025694902,0.107053238906,0.0121766779496,0.0904690655069,0.0617301353629,0.00280537978559,0.0521671993953,0.00593412902458,0.0440857075195
bryson_2020_earth_20_percent_box,10,429.862355484,0.804243210282,0.00029303779514,0.231295010204,MODEL-INFERRED,0.993783108879,1.83333980357,6.02576915186,2.36451329752,0.847566891801,7.23903444603,-0.19432628258,-0.551076359651,-0.204327161937,4.48810514669,0.0253435109734,0.115036852995,0.0035418480731,0.0999346791433,0.00977522522767,0.0868151365013,0.0571603317667,0.00294237166405,0.0496562559396,0.00485801851904,0.0431373240451
bryson_2020_earth_20_percent_box,11,436.664579485,0.804243210282,0.000129271027576,0.218715928458,MODEL-INFERRED,0.941272429793,1.739825046,5.72215073795,2.24354996078,0.802806766036,6.85655674152,-0.183704754004,-0.521282887366,-0.194872428168,4.25153832243,0.0220898301772,0.108773589561,0.00365337484061,0.0959770208525,0.0085919768206,0.0846858926776,0.0546620487993,0.00300904164364,0.0482313824396,0.00431867990835,0.0425572458979
bryson_2020_earth_20_percent_box,12,293.294363722,0.822186928366,0.000289775610161,0.985936831594,MODEL-INFERRED,4.04490263066,7.2203718789,22.9798068179,9.19453271431,3.4470448913,29.4609466642,-0.822871891961,-2.317104187,-0.695862056322,18.2084956206,0.329854820351,0.484499631422,-0.0064407012055,0.260015169927,0.148826924831,0.139541671876,0.186681166505,-0.00167374731851,0.100185701047,0.0572650721897,0.0537664022683
bryson_2020_earth_20_percent_box,13,297.935509742,0.822186928366,0.000656877317983,0.93885336211,MODEL-INFERRED,3.85974253456,6.89709552034,21.988478675,8.79193084982,3.28946570622,28.1124594185,-0.784701944107,-2.20934349997,-0.667617235184,17.3765411611,0.308771932728,0.461782450883,-0.00553263845832,0.254120973474,0.132757254787,0.139843922254,0.179657102504,-0.00127449489226,0.0988661169187,0.0515888992371,0.0544064717638
bryson_2020_earth_20_percent_box,14,306.153532971,0.822186928366,0.000983284887408,0.862051190053,MODEL-INFERRED,3.55645415731,6.36705010063,20.3574520045,8.13018850466,3.03130951185,25.9035981827,-0.722252567114,-2.03293469624,-0.621050017819,16.0136884604,0.274632225515,0.424637816835,-0.00408476274984,0.243716009613,0.111580387652,0.1398780113,0.167966440544,-0.000630587627943,0.0964024140461,0.0440856432941,0.0553290609948
bryson_2020_earth_20_percent_box,15,317.698425222,0.822186928366,0.00124796068355,0.766607861109,MODEL-INFERRED,3.17729690158,5.70344507591,18.3047333913,7.29857276656,2.70847701618,23.1421779071,-0.644296080353,-1.81261854919,-0.56227569902,14.3096789613,0.232717407438,0.378303385117,-0.00234742080762,0.229285942396,0.0901198892085,0.138967943319,0.153062942094,0.000157931404596,0.0927699362592,0.0364211103249,0.0562269413864
bryson_2020_earth_20_percent_box,16,332.154304694,0.822186928366,0.00143423338181,0.6644623723,MODEL-INFERRED,2.7684878127,4.98657435586,16.0727318325,6.39600960249,2.36027453758,20.1647907901,-0.560368447789,-1.57540577502,-0.498090966732,12.4720628427,0.188731977292,0.328476328322,-0.000579832636345,0.21178174968,0.0710402445516,0.136544114842,0.136624066747,0.000985692693556,0.0880869682509,0.0295141862533,0.0567931709279
bryson_2020_earth_20_percent_box,17,348.89888925,0.822186928366,0.00153039157217,0.565909793135,MODEL-INFERRED,2.3708585897,4.28769463126,13.8808605858,5.51153529648,2.02147198958,17.2688069483,-0.478830304942,-1.3450983723,-0.43470447954,10.6842894587,0.147474089922,0.280158061395,0.00100996317803,0.192597226954,0.0553446458565,0.132402728823,0.120221934878,0.00176136403027,0.082647670966,0.0237239317904,0.0568168988714
bryson_2020_earth_20_percent_box,18,367.072707727,0.822186928366,0.00153039157217,0.478095694912,MODEL-INFERRED,2.01375880612,3.65837419109,11.8923733385,4.71092908187,1.71710942146,14.6679766283,-0.405649733181,-1.138725008,-0.376788741941,9.07830781797,0.112154021099,0.236902911401,0.00229802154544,0.17330968463,0.0419764553676,0.126787157697,0.105101423757,0.00242367241278,0.076888437115,0.0186040744302,0.0562488266156
bryson_2020_earth_20_percent_box,19,385.577601103,0.822186928366,0.00143423338181,0.404808729909,MODEL-INFERRED,1.71357459086,3.12785944074,10.2038953962,4.03264513284,1.46119804633,12.4816442719,-0.344144135057,-0.965687554962,-0.327204275495,7.72789831727,0.0841690066874,0.200645130425,0.00325136009585,0.15535623097,0.0277814931618,0.120289779523,0.0920992438566,0.00295234737594,0.0713109327421,0.0127437332085,0.0552148846789
bryson_2020_earth_20_percent_box,20,403.122111513,0.822186928366,0.00124796068355,0.347442986522,MODEL-INFERRED,1.47713138473,2.70865429115,8.86166498291,3.49463029771,1.25961326257,10.7595329541,-0.295703195152,-0.829761405189,-0.287409940316,6.66390999868,0.0636042880639,0.172198523148,0.00388544697442,0.139985901903,0.0194907050558,0.113799191614,0.0815409927902,0.00332292403223,0.0662873827782,0.00922593438609,0.0538872162973
bryson_2020_earth_20_percent_box,21,418.323638983,0.822186928366,0.000983284887408,0.305445661261,MODEL-INFERRED,1.3031827621,2.39933971027,7.86634397041,3.09644992125,1.11131021015,9.49257777397,-0.260070385698,-0.730015515894,-0.257628412346,5.88092410642,0.0495166549848,0.151342101939,0.0042725595371,0.127896910679,0.0145266313302,0.1080837358,0.0735716436699,0.00356195596198,0.0621742781317,0.00706087762234,0.0525425377003
bryson_2020_earth_20_percent_box,22,429.862355484,0.822186928366,0.000656877317983,0.277562018062,MODEL-INFERRED,1.18732681248,2.19282318924,7.19931463503,2.83002016897,1.01253735654,8.64873112774,-0.236337687761,-0.663717429888,-0.237519083432,5.35930806828,0.0407072321193,0.137489567299,0.00448685060864,0.119439774609,0.0116630466314,0.103759580011,0.0681547969632,0.00370065423818,0.0592073547672,0.00578181451477,0.0514345433443
bryson_2020_earth_20_percent_box,23,436.664579485,0.822186928366,0.000289775610161,0.262541946084,MODEL-INFERRED,1.12479618677,2.08117280734,6.83782200186,2.68578499522,0.959227881598,8.19328042704,-0.223530272878,-0.627985023863,-0.226563278533,5.07773298263,0.0361668044595,0.130027190435,0.00458633954912,0.114730261437,0.0102511324862,0.101232925554,0.0651910243675,0.00376742854977,0.0575216863796,0.00514044946662,0.050754600592
bryson_2020_earth_20_percent_box,24,293.294363722,0.853722197065,0.000424792982712,1.32497513492,MODEL-INFERRED,5.35594235841,9.59971125012,30.4280552493,12.1931943311,4.56214690676,39.0093225762,-1.11984605989,-3.10148979393,-0.888239818311,24.0963799312,0.497617657541,0.641595364559,-0.00453452485131,0.344323332611,0.196789091161,0.184787116506,0.247021864077,-0.000135923868161,0.132568587875,0.0756817151034,0.0711452427777
bryson_2020_earth_20_percent_box,25,297.935509742,0.853722197065,0.000962941204841,1.26254310081,MODEL-INFERRED,5.11600663397,9.17920719954,29.1452607952,11.6716202238,4.35816545692,37.2618842285,-1.0686446827,-2.96048243395,-0.852684089198,23.0187066497,0.468603042802,0.61215111675,-0.00352365109907,0.336869531106,0.17567023776,0.185380828168,0.237938746086,0.000299222234192,0.130938769256,0.0682256861833,0.0720561975563
bryson_2020_earth_20_percent_box,26,306.153532971,0.853722197065,0.00144143435655,1.16057328011,MODEL-INFERRED,4.72225580406,8.48835523898,27.0306017264,10.8126833621,4.02335936407,34.3941484674,-0.984808106402,-2.72921535634,-0.793976963489,21.2500216041,0.421441021586,0.563916125727,-0.00192531418638,0.323653199197,0.147910737589,0.185757045368,0.222792580766,0.00099639782596,0.127869249047,0.0583884648367,0.0733890904069
bryson_2020_earth_20_percent_box,27,317.698425222,0.853722197065,0.00182943257639,1.0336207872,MODEL-INFERRED,4.22860523341,7.62080610356,24.3614285388,9.73010980389,3.60347120845,30.7988479506,-0.880033737316,-2.43956597061,-0.719726186222,19.0323346575,0.363136380049,0.503573511971,-3.25893650716e-05,0.305210928055,0.119748883933,0.18498532665,0.203435795536,0.00184410139845,0.123300424822,0.0483324228594,0.0747311687273
bryson_2020_earth_20_percent_box,28,332.154304694,0.853722197065,0.00210249674161,0.897439934254,MODEL-INFERRED,3.69441279987,6.68004536016,21.4482815992,8.55077661543,3.14890196632,26.9082911729,-0.76705747478,-2.12654697068,-0.638447483277,16.6321381959,0.301248079006,0.438442350459,0.00186031840696,0.282681216599,0.0946633098107,0.182255820255,0.182017058298,0.00272601971268,0.117353634811,0.0392574136393,0.0756625545546
bryson_2020_earth_20_percent_box,29,348.89888925,0.853722197065,0.00224345865513,0.765712058815,MODEL-INFERRED,3.17267501702,5.75897283728,18.5753211038,7.39012008042,2.70470922469,23.1084451124,-0.657084329341,-1.82132183929,-0.557986563688,14.2874611946,0.242226601481,0.375017417876,0.00352810167771,0.257809160954,0.0739712712529,0.177233270518,0.160567510986,0.00354310249725,0.110383607029,0.0316336207962,0.0758842223177
bryson_2020_earth_20_percent_box,30,367.072707727,0.853722197065,0.00224345865513,0.64804054556,MODEL-INFERRED,2.70213849011,4.92602663281,15.9576408253,6.33489492778,2.30390633491,19.6814902183,-0.558174504584,-1.54657146994,-0.484321236671,12.1724233229,0.190564523146,0.317995644332,0.00484479523894,0.232634223476,0.0562679705732,0.17018686544,0.140717638729,0.00423133475553,0.102943984292,0.0248666937326,0.0753101316772
bryson_2020_earth_20_percent_box,31,385.577601103,0.853722197065,0.00210249674161,0.549603927988,MODEL-INFERRED,2.30502477638,4.22107521449,13.7258289364,5.43715230209,1.96549058651,16.7892589607,-0.474862875402,-1.31518841741,-0.421155767542,10.3869974758,0.148524416422,0.270005982557,0.00578633984346,0.209061200243,0.0373275054909,0.161872655684,0.123585527295,0.004774287247,0.0956902451726,0.0170662179812,0.0740913861161
bryson_2020_earth_20_percent_box,32,403.122111513,0.853722197065,0.00182943257639,0.472392154114,MODEL-INFERRED,1.99111962451,3.6620688858,11.9452035449,4.72235797388,1.69790839007,14.5030264725,-0.409106346333,-1.13271018217,-0.370399318075,8.97532335703,0.116722669909,0.232220556948,0.00637644999496,0.188779807808,0.0262385776397,0.153465379225,0.109622854235,0.00514227674761,0.0891160611527,0.012374232587,0.0724454075818
bryson_2020_earth_20_percent_box,33,418.323638983,0.853722197065,0.00144143435655,0.415769737732,MODEL-INFERRED,1.75947238501,3.24834151598,10.6206246656,4.19158427453,1.50041148116,12.8158776913,-0.360632933483,-0.998351995896,-0.332370208949,7.93332613817,0.094322182108,0.204431517187,0.00670484124678,0.172761968803,0.0195831802485,0.145998514688,0.099051206628,0.00536962970111,0.0837066696213,0.00948070608109,0.0707392345599
bryson_2020_earth_20_percent_box,34,429.862355484,0.853722197065,0.000962941204841,0.378132825837,MODEL-INFERRED,1.60479714684,2.97142124601,9.73063141852,3.83545676839,1.36852702311,11.6893263607,-0.328284048746,-0.908807422892,-0.306660008656,7.23742709176,0.0799890100419,0.185927140147,0.00686459816001,0.161518405718,0.0157360746899,0.140314078757,0.0918485732402,0.0054950680503,0.0797905841261,0.00776850536702,0.0693155820563
bryson_2020_earth_20_percent_box,35,436.664579485,0.853722197065,0.000424792982712,0.357843712567,MODEL-INFERRED,1.52116844604,2.82144696974,9.24743450517,3.64229268704,1.2972177222,11.0802266222,-0.310800245024,-0.860457409781,-0.292638659928,6.86112096871,0.0724836477082,0.175941033894,0.00692850661635,0.155242613092,0.0138366285657,0.136979238931,0.0879014622054,0.00555250787632,0.0775603756858,0.00690904004075,0.0684358567604
bryson_2020_earth_20_percent_box,36,293.294363722,0.897381363899,0.000522089150266,1.94612316487,MODEL-INFERRED,7.6891175066,13.8524520835,43.6832356759,17.534940293,6.54413946569,56.0027776866,-1.67291219444,-4.51388502324,-1.22092016912,34.5713341518,0.81261925765,0.920963943408,0.000645993330848,0.494251348631,0.281820542274,0.265248598897,0.354985016906,0.00386248150076,0.190508895169,0.108561388576,0.102239918335
bryson_2020_earth_20_percent_box,37,297.935509742,0.897381363899,0.00118349684635,1.85629656542,MODEL-INFERRED,7.35462476999,13.2641039796,41.8983930843,16.8079784175,6.26009947679,53.5665468686,-1.59780207035,-4.31476477722,-1.1730701433,33.0696108467,0.769086405707,0.879905479119,0.00183603501326,0.484215968994,0.251899624155,0.26646624006,0.342351798825,0.00433135689119,0.188397744916,0.0979771235208,0.103676132011
bryson_2020_earth_20_percent_box,38,306.153532971,0.897381363899,0.00177158585241,1.70932050097,MODEL-INFERRED,6.80468619901,12.2955338405,38.9506138909,15.6086229845,5.79306366466,49.5610897615,-1.47468435717,-3.98757842412,-1.09393749867,30.6004320585,0.698233737267,0.812522645196,0.0036901162007,0.466338062595,0.212574445723,0.267649387879,0.32123901214,0.00507133851995,0.184371450368,0.084020894809,0.105817881471
bryson_2020_earth_20_percent_box,39,317.698425222,0.897381363899,0.00224845263022,1.52585122897,MODEL-INFERRED,6.11322372668,11.0753410223,35.2189090111,14.0926527069,5.20570333221,44.5249054455,-1.32058502345,-3.5765956881,-0.993604256574,27.4954730206,0.610410394153,0.727982616929,0.00582630853536,0.441223068408,0.172640200654,0.267420940512,0.294174818883,0.00595510590781,0.178296449967,0.0697421559531,0.108063715962
bryson_2020_earth_20_percent_box,40,332.154304694,0.897381363899,0.00258406042929,1.328377797,MODEL-INFERRED,5.36193862808,9.74629621594,31.1292689373,12.434464976,4.56729824456,39.0530797866,-1.15408652204,-3.13063617101,-0.883410636985,24.1213979011,0.51668962079,0.63636199244,0.00787335655843,0.410287879425,0.137002187026,0.26452890965,0.264109655508,0.00685197376627,0.170281996382,0.0568349928453,0.109787573786
bryson_2020_earth_20_percent_box,41,348.89888925,0.897381363899,0.00275730878471,1.13661442177,MODEL-INFERRED,4.62435921514,8.43774592995,27.0746158556,10.7939697679,3.94024046928,33.6811414592,-0.991606087794,-2.6935015031,-0.773878121826,20.8083267778,0.426488981984,0.546672988526,0.00956668247531,0.37581535622,0.107520121911,0.258357710981,0.233858041487,0.0076543917604,0.160767853929,0.0459642627192,0.110521334621
bryson_2020_earth_20_percent_box,42,367.072707727,0.897381363899,0.00275730878471,0.964630101872,MODEL-INFERRED,3.95524733688,7.24698266617,23.3579502339,9.29353190549,3.37106726625,28.8079110834,-0.84505982452,-2.29765312229,-0.673177928092,17.8022617721,0.346359859581,0.465556176161,0.0107886725103,0.340584223263,0.0821479811624,0.249159218748,0.205718052334,0.00830007797284,0.150495958711,0.0362643265676,0.110097452953
bryson_2020_earth_20_percent_box,43,385.577601103,0.897381363899,0.00258406042929,0.820210580963,MODEL-INFERRED,3.38714542968,6.23287678615,20.1695787511,8.00912212596,2.88751982562,24.6703695054,-0.721259160336,-1.96220384533,-0.58650922564,15.2495281601,0.279796416659,0.396868480752,0.0115574149878,0.307288750193,0.0547027111235,0.23792863524,0.181307451423,0.00878653893392,0.14038338354,0.0249665216011,0.108696549532
bryson_2020_earth_20_percent_box,44,403.122111513,0.897381363899,0.00224845263022,0.706547979613,MODEL-INFERRED,2.93561963151,5.42422462366,17.6114853158,6.98065285719,2.50300282347,21.3818682532,-0.623276596426,-1.69611912839,-0.516676305443,13.220239163,0.228149529236,0.342486288652,0.0119393482989,0.278418485419,0.0385776296963,0.226335639093,0.161311122724,0.00907928114614,0.131135172292,0.0181502604927,0.10660413939
bryson_2020_earth_20_percent_box,45,418.323638983,0.897381363899,0.00177158585241,0.622963815561,MODEL-INFERRED,2.60091605309,4.82303595681,15.6997935415,6.21336470418,2.21785276059,18.9441890273,-0.550873327222,-1.49924881346,-0.464266721497,11.7157204215,0.190780031674,0.30230985831,0.0120686306337,0.255477467608,0.0288664873665,0.215900125852,0.146105424828,0.00923016753795,0.123471474425,0.0139339989428,0.104343866867
bryson_2020_earth_20_percent_box,46,429.862355484,0.897381363899,0.00118349684635,0.567293322096,MODEL-INFERRED,2.37665663902,4.4192627598,14.4107744759,5.69668282181,2.02673956048,17.3108801863,-0.502464660945,-1.36755123083,-0.4287885711,10.7075068556,0.166295926302,0.275463900962,0.0120703878641,0.239300674883,0.0232369803183,0.207884999811,0.135710443161,0.00929270911504,0.117894215989,0.0114327973106,0.10241692415
bryson_2020_earth_20_percent_box,47,436.664579485,0.897381363899,0.000522089150266,0.537242718874,MODEL-INFERRED,2.25513475323,4.2001046597,13.7093370463,5.41577331134,1.92316084518,16.42581863,-0.476267484511,-1.29626800982,-0.409425146009,10.1611173334,0.153252950829,0.260943708352,0.0120392755286,0.230245226243,0.0204522293869,0.203158238774,0.13000100322,0.00931146634538,0.114707154992,0.0101751770365,0.101212537446
bryson_2020_earth_20_percent_box,48,293.294363722,0.950665824263,0.000573000598662,3.0018880476,MODEL-INFERRED,11.5273637291,20.8784083842,65.4889909105,26.3355193873,9.80142152183,83.9603534078,-2.63360952116,-6.86877990708,-1.75049417839,51.7971693123,1.36891859643,1.38026958456,0.012077136387,0.740745724659,0.421395190154,0.397534101119,0.533373133851,0.0129035999227,0.286243986658,0.162768948275,0.153617823429
bryson_2020_earth_20_percent_box,49,297.935509742,0.950665824263,0.0012989053711,2.86687459778,MODEL-INFERRED,11.0406573927,20.0192937446,62.8972677484,25.2777179485,9.38841146134,80.4152316344,-2.51803711345,-6.57504802544,-1.68347781138,49.6130571997,1.29970018952,1.32048771268,0.0134892808493,0.72667036689,0.377345015817,0.399889992952,0.515102427918,0.0133638423605,0.283463198247,0.147138545376,0.155991081395
bryson_2020_earth_20_percent_box,50,306.153532971,0.950665824263,0.001944341792,2.64554885913,MODEL-INFERRED,10.2393979389,18.6030883273,58.6112017411,23.5302418756,8.70846986351,74.5789056337,-2.3282696933,-6.09172218712,-1.5725040528,46.0171014927,1.18700594116,1.2222529552,0.0156684272293,0.701498079467,0.319121459549,0.402616785177,0.484505238254,0.0140699892718,0.278076230195,0.126470967721,0.159598666215
bryson_2020_earth_20_percent_box,51,317.698425222,0.950665824263,0.00246771016506,2.36849557794,MODEL-INFERRED,9.22998926046,16.8154494566,53.1749149829,21.3172711175,7.85183027138,67.2265070853,-2.09018104192,-5.48332381299,-1.43154691559,41.4865124577,1.04726217348,1.0987789625,0.0181258661324,0.665959068337,0.259946102959,0.403631208676,0.445168831259,0.0148846588106,0.269812428375,0.105307402421,0.163530645889
bryson_2020_earth_20_percent_box,52,332.154304694,0.950665824263,0.00283604471038,2.06918850697,MODEL-INFERRED,8.13020036764,14.8626409863,47.2006882797,18.8901004836,6.91834397308,59.2159014587,-1.83218181582,-4.82115014493,-1.27635719595,36.5495903874,0.898012474315,0.964605192049,0.0203771722709,0.621919321754,0.207064570472,0.400976115367,0.401305301081,0.0156676806634,0.258737484229,0.0861457625216,0.166818343951
bryson_2020_earth_20_percent_box,53,348.89888925,0.950665824263,0.00302618735426,1.77722817337,MODEL-INFERRED,7.04639058836,12.932097752,41.2550819416,16.4798853546,5.99818763496,51.3218176556,-1.5795942225,-4.16946210794,-1.1215965915,31.6836377484,0.754157540927,0.832775386506,0.0220733619627,0.572499071839,0.163228511753,0.39356973389,0.356964704934,0.0163055632485,0.245398657988,0.0699677134194,0.168701556513
bryson_2020_earth_20_percent_box,54,367.072707727,0.950665824263,0.00302618735426,1.51409985299,MODEL-INFERRED,6.05846726882,11.1661429771,35.7786416135,14.2649208806,5.15912764738,44.1262680851,-1.3510046926,-3.57635827749,-0.978749796118,27.247450007,0.625930209374,0.712978281032,0.0230760560671,0.521589373062,0.125313202574,0.381576103128,0.315503304807,0.0167442585772,0.23081091715,0.0554486586909,0.168852999839
bryson_2020_earth_20_percent_box,55,385.577601103,0.950665824263,0.00283604471038,1.29204507146,MODEL-INFERRED,5.21493509381,9.65292800779,31.0535954951,12.3580932705,4.44234870757,37.9824961314,-1.15721886093,-3.07080619211,-0.85524691976,23.4590147014,0.518721169738,0.610959128506,0.0234522808338,0.473055624527,0.0838295208507,0.366279205033,0.279342317984,0.017009554826,0.216290171511,0.038330121343,0.167469929475
bryson_2020_earth_20_percent_box,56,403.122111513,0.950665824263,0.00246771016506,1.11647242383,MODEL-INFERRED,4.5405112918,8.43855946054,27.2396147931,10.8220406731,3.868991837,33.0704767507,-1.0033265928,-2.66733348198,-0.755293033,20.4295842688,0.434669218416,0.52970466545,0.0233514276351,0.430614525487,0.0593588882936,0.350060857785,0.249548777459,0.0170633563076,0.202866494105,0.0279636993076,0.16491691464
bryson_2020_earth_20_percent_box,57,418.323638983,0.950665824263,0.001944341792,0.986856915152,MODEL-INFERRED,4.03780677647,7.53043043779,24.3732329138,9.6695880748,3.44141833624,29.4091743282,-0.889253586787,-2.36709453531,-0.679995376465,18.1711817992,0.373039952364,0.469338790901,0.0230124158907,0.396631080507,0.044562778606,0.33518689926,0.226776576051,0.0169939537761,0.191645438512,0.0215274213456,0.161956648001
bryson_2020_earth_20_percent_box,58,429.862355484,0.950665824263,0.0012989053711,0.900269738753,MODEL-INFERRED,3.69944997399,6.91759443101,22.431485636,8.88992919854,3.15351833351,26.9448656366,-0.812793608264,-2.16529497578,-0.628874069167,16.6509381036,0.332110003768,0.428816081944,0.0226417324218,0.372520600527,0.0359564081924,0.323615656362,0.211144369736,0.0168843000103,0.18342508764,0.0176970833693,0.159344825617
bryson_2020_earth_20_percent_box,59,436.664579485,0.950665824263,0.000573000598662,0.85343886822,MODEL-INFERRED,3.51554041091,6.58390567936,21.3715514445,8.46471414461,2.99699264201,25.6054258291,-0.771345584676,-2.05571712766,-0.600922828777,15.8245637306,0.310068686928,0.406830573973,0.0223877726425,0.358969365994,0.0316894653316,0.316738745723,0.202534419079,0.016800238064,0.178707443982,0.0157670632665,0.157683571415
bryson_2020_earth_20_percent_box,60,293.294363722,1.00981856663,0.000573000598662,4.66399791642,MODEL-INFERRED,17.3839882638,31.6559530085,98.7615101035,39.7842741959,14.7686496681,126.621522196,-4.17298969251,-10.5092985134,-2.52621105779,78.0700670398,2.29975755082,2.08105175114,0.0351452555824,1.11683268594,0.634142551727,0.599367722452,0.805720073586,0.0309533564767,0.432403717691,0.245360213008,0.232056990017
bryson_2020_earth_20_percent_box,61,297.935509742,1.00981856663,0.0012989053711,4.45984130068,MODEL-INFERRED,16.6702199077,30.3899457632,94.9681932574,38.2329229811,14.1632152913,121.422334834,-3.99495695718,-10.0725769027,-2.43247306392,74.8687026191,2.18714772177,1.9932841769,0.0365760894154,1.09691330729,0.569047734732,0.603636359354,0.779196172777,0.0312567007814,0.428795181746,0.222231398433,0.235967929916
bryson_2020_earth_20_percent_box,62,306.153532971,1.00981856663,0.001944341792,4.12460052121,MODEL-INFERRED,15.4934006353,28.3002504687,88.6855687912,35.6662487408,13.1650058627,112.850205966,-3.70204329435,-9.35301827353,-2.27681654785,69.5900089487,2.00373755817,1.8488525379,0.0387586036797,1.06112773059,0.48223594891,0.609022102919,0.734690123032,0.0316820295438,0.421666978278,0.191470982893,0.242010930862
bryson_2020_earth_20_percent_box,63,317.698425222,1.00981856663,0.00246771016506,3.70389279426,MODEL-INFERRED,14.0078174473,25.6577275021,80.7004732985,32.4091530423,11.9048544659,102.029014796,-3.33343011667,-8.4455023707,-2.07832580105,62.9254945796,1.7762857092,1.66695168804,0.0411606520689,1.01032294121,0.39389146523,0.612346748175,0.677304948245,0.0321162385687,0.41050783434,0.159939462683,0.248804740747
bryson_2020_earth_20_percent_box,64,332.154304694,1.00981856663,0.00283604471038,3.24787288126,MODEL-INFERRED,12.3850804887,22.7644584472,71.9028187536,28.8276959392,10.5282765388,90.2088240622,-2.93245341436,-7.45528422719,-1.85880114262,55.644557836,1.53340195053,1.46880179434,0.0432399992537,0.946994919016,0.314799101729,0.610565278513,0.613083439553,0.0324447112922,0.395279270782,0.13134045483,0.254852262889
bryson_2020_earth_20_percent_box,65,348.89888925,1.00981856663,0.00302618735426,2.80124135718,MODEL-INFERRED,10.7812485114,19.8964475924,63.1218614969,25.2609582137,9.16760585759,78.526424512,-2.53815825688,-6.47777457978,-1.63889321596,48.447228397,1.29940043382,1.27356893818,0.0445917202945,0.87552663881,0.249087060631,0.601888812051,0.547891106938,0.0325742496566,0.376652762886,0.107134675699,0.258933393868
bryson_2020_earth_20_percent_box,66,367.072707727,1.00981856663,0.00302618735426,2.39688141417,MODEL-INFERRED,9.31452952621,17.2646452518,55.0075124498,21.9725735049,7.92306969098,67.8428818766,-2.17966860623,-5.58496701212,-1.43506277541,41.864088131,1.09091611607,1.09559962602,0.0450551175138,0.801501444386,0.192002977366,0.586349748663,0.486653848211,0.0324771833556,0.356018524462,0.0852866512737,0.260450400682
bryson_2020_earth_20_percent_box,67,385.577601103,1.00981856663,0.00283604471038,2.05398926547,MODEL-INFERRED,8.0576028551,15.001149114,47.9809499488,19.131434749,6.85628646929,58.687588891,-1.87438978063,-4.82088115034,-1.25814334112,36.221654751,0.916630633067,0.943502712083,0.0447289514314,0.730538662707,0.128973352626,0.565644095005,0.432999105242,0.032224310882,0.335264099664,0.0592135294841,0.25958948913
bryson_2020_earth_20_percent_box,68,403.122111513,1.00981856663,0.00246771016506,1.78159254723,MODEL-INFERRED,7.04875807719,13.1773023265,42.2871880397,16.833907755,5.99984805044,51.3394098695,-1.63097697809,-4.20848326062,-1.11446202309,31.692197754,0.779863285323,0.821909597742,0.0438353398386,0.668157625389,0.0916568027186,0.543167537637,0.388566736784,0.0317658756533,0.315878813032,0.0433628704972,0.256788384277
bryson_2020_earth_20_percent_box,69,418.323638983,1.00981856663,0.001944341792,1.57964354752,MODEL-INFERRED,6.29382223633,11.8076802703,37.9911183907,15.1033752254,5.35877653819,45.8407237923,-1.44991338302,-3.75083773968,-1.00586204977,28.302293518,0.679401292328,0.731227726942,0.0427343347784,0.617949440909,0.0690115335719,0.522219682665,0.354446286513,0.0312436704881,0.29953717086,0.0334825942286,0.253134311576
bryson_2020_earth_20_percent_box,70,429.862355484,1.00981856663,0.0012989053711,1.44427366562,MODEL-INFERRED,5.78392641506,10.8799609395,35.0706356922,13.9285420274,4.92566863776,42.1268672018,-1.32821358113,-3.44209560678,-0.931924572304,26.0124623514,0.612504016759,0.670145498722,0.0417506373683,0.582168006602,0.0557987483431,0.505740303498,0.330932554869,0.0307868879838,0.287487338429,0.0275826918295,0.249745661287
bryson_2020_earth_20_percent_box,71,436.664579485,1.00981856663,0.000573000598662,1.37088942078,MODEL-INFERRED,5.50608101723,10.3734515758,33.4723769216,13.2861777362,4.6896170632,40.1031795922,-1.26211660291,-3.27399830572,-0.891419496445,24.764632973,0.576385160515,0.63692270054,0.0411249512026,0.561992516362,0.0492343767425,0.495877424653,0.317946663553,0.0304974460705,0.280542121309,0.0246030778197,0.247538001968
bryson_2020_earth_20_percent_box,72,293.294363722,1.06977929186,0.000522089150266,7.0217724697,MODEL-INFERRED,25.4373224732,46.580860779,144.513925247,58.305392113,21.5950675654,185.283198955,-6.37608779505,-15.5815504028,-3.53008225459,114.173330796,3.72631888464,3.0449050362,0.0771297510986,1.63410134715,0.926096583826,0.876968963234,1.17959523162,0.0623505296858,0.633050336269,0.358473859824,0.339737494276
bryson_2020_earth_20_percent_box,73,297.935509742,1.06977929186,0.00118349684635,6.72217717211,MODEL-INFERRED,24.4213158536,44.7675564531,139.125233886,56.0970662523,20.7337134593,177.882584305,-6.11192579366,-14.9511324794,-3.40471083772,109.619591619,3.54802920713,2.91981509461,0.0780032085216,1.60678746624,0.832617991243,0.884222417516,1.1422864531,0.0621942983852,0.628605406925,0.325315839903,0.345924401487
bryson_2020_earth_20_percent_box,74,306.153532971,1.06977929186,0.00177158585241,6.22944150383,MODEL-INFERRED,22.7431045186,41.7695417464,130.183502498,52.4366431463,19.3109143857,165.658437463,-5.67645594671,-13.9107506894,-3.19582424387,102.097066554,3.25698281123,2.71358844825,0.0792542507182,1.55743299848,0.707072048331,0.893870824923,1.07954958462,0.0618382940946,0.619595114969,0.280951485617,0.355609517121
bryson_2020_earth_20_percent_box,75,317.698425222,1.06977929186,0.00224845263022,5.60965830496,MODEL-INFERRED,20.618969473,37.9694858908,118.78799832,47.7792049017,17.5099546415,150.186103694,-5.12688013392,-12.595595259,-2.92805917127,92.5742350374,2.89509006838,2.4531826274,0.0804507156818,1.48684974209,0.579123949475,0.901164931981,0.998396865892,0.061261949211,0.605118471807,0.235421798944,0.366756324495
bryson_2020_earth_20_percent_box,76,332.154304694,1.06977929186,0.00258406042929,4.93583468497,MODEL-INFERRED,18.2912452775,33.7969756369,106.191646891,42.6413931134,15.5362216674,133.230739473,-4.52692996205,-11.156636289,-2.62991584379,82.1366409364,2.50771817638,2.16861266237,0.0811400440473,1.39819081138,0.464331712106,0.90146921068,0.907221489273,0.0604521432111,0.584921766895,0.194047770045,0.37712232066
bryson_2020_earth_20_percent_box,77,348.89888925,1.06977929186,0.00275730878471,4.27356814551,MODEL-INFERRED,15.9826886692,29.6483757142,93.5751605631,37.5069975737,13.5785561428,116.414937657,-3.93455439877,-9.7318970382,-2.32902593935,71.7827693518,2.13390517415,1.8872805793,0.0809907200609,1.29742833117,0.368700015399,0.89192899719,0.814269992342,0.0594032109151,0.55977736902,0.158937171236,0.384824082692
bryson_2020_earth_20_percent_box,78,367.072707727,1.06977929186,0.00275730878471,3.67166570622,MODEL-INFERRED,13.8641110254,25.8297774905,81.8753387047,32.756828226,11.7817860429,100.982947699,-3.39350567359,-8.42647943812,-2.04801558075,62.2788883897,1.80075285071,1.62994876374,0.0799022400266,1.19241213431,0.285234632685,0.872326007835,0.726571111187,0.0581620970546,0.531533400737,0.127063885305,0.388850797601
bryson_2020_earth_20_percent_box,79,385.577601103,1.06977929186,0.00258406042929,3.1591923232,MODEL-INFERRED,12.0424454561,22.5356999918,71.7096614317,28.6390363178,10.2365910942,87.7137240859,-2.93056349894,-7.30561031482,-1.80239648682,54.1052808713,1.52246121101,1.40930136544,0.0780386525306,1.09119891408,0.19231803374,0.844897407537,0.649411229178,0.0568770922589,0.5028284549,0.0885916665026,0.389331818881
bryson_2020_earth_20_percent_box,80,403.122111513,1.06977929186,0.00224845263022,2.75047118151,MODEL-INFERRED,10.5758087311,19.8739748206,63.4468097197,25.2989643428,8.99241783489,77.030625272,-2.55974263084,-6.40437676167,-1.60178544585,47.5234720104,1.30430468266,1.23238497903,0.0756970532285,1.0018467036,0.137108971436,0.814434478341,0.585231479367,0.0554763703914,0.475754117765,0.0651129401282,0.38675633241
bryson_2020_earth_20_percent_box,81,418.323638983,1.06977929186,0.00177158585241,2.44635724002,MODEL-INFERRED,9.47523931354,17.8698696685,57.1949643673,22.7762652034,8.0586717109,69.0140456792,-2.28279384461,-5.72885231316,-1.44946788308,42.5837378232,1.14424625704,1.10009255502,0.0733429160108,0.929671502153,0.103486640512,0.785651259952,0.535753752257,0.054162846293,0.452757355163,0.0504204829492,0.382618361123
bryson_2020_earth_20_percent_box,82,429.862355484,1.06977929186,0.00118349684635,2.24189913458,MODEL-INFERRED,8.73019956561,16.5093591242,52.9352599798,21.0597782001,7.42648629543,63.5871937327,-2.09605843268,-5.27197135517,-1.34543704807,39.239373829,1.03774599178,1.01078764675,0.0714080737652,0.87809025134,0.0838099203363,0.762813526636,0.501548814757,0.0531181529818,0.435704894322,0.0416174766689,0.378505041484
bryson_2020_earth_20_percent_box,83,436.664579485,1.06977929186,0.000522089150266,2.13083517413,MODEL-INFERRED,8.32357307927,15.7653745055,50.6003770326,20.1197657026,7.08141890037,60.6253526232,-1.9944269132,-5.02277493423,-1.28833261218,37.413962104,0.980267843341,0.962140112422,0.0702219320826,0.848950025512,0.0740143074399,0.749076082072,0.482617413431,0.0524866352146,0.425840332562,0.037161609556,0.375742739051
bryson_2020_earth_20_percent_box,84,293.294363722,1.12448757137,0.000424792982712,9.90946723342,MODEL-INFERRED,34.9874441357,64.4255507027,198.769854481,80.3037007216,29.6851627099,254.844598703,-9.07498518335,-21.6706229795,-4.63752434607,156.952832355,5.59249314249,4.18817291072,0.141443586755,2.2476559742,1.27137216709,1.20624374543,1.62218620274,0.107870728995,0.870574493359,0.492015923962,0.467208972193
bryson_2020_earth_20_percent_box,85,297.935509742,1.12448757137,0.000962941204841,9.49611618645,MODEL-INFERRED,33.6278096721,61.9828484123,191.573497258,77.3489818918,28.5331519394,244.94133542,-8.70972938348,-20.8168390644,-4.47992104609,150.863080786,5.3328027789,4.02057770899,0.140908171698,2.21254211671,1.14479683671,1.21757194427,1.57281853487,0.106879008632,0.865529160789,0.447260909832,0.476304615928
bryson_2020_earth_20_percent_box,86,306.153532971,1.12448757137,0.00144143435655,8.81530098878,MODEL-INFERRED,31.3774149248,57.9365775158,179.607044012,72.4410505739,26.6263105249,228.549944372,-8.10625985744,-19.40492526,-4.21671260784,140.782638268,4.90726284319,3.74371091725,0.139837858668,2.14865998675,0.974132100727,1.23319878076,1.48961671846,0.105117157912,0.854948448023,0.387120329192,0.490687866026
bryson_2020_earth_20_percent_box,87,317.698425222,1.12448757137,0.00182943257639,7.95710596253,MODEL-INFERRED,28.5204911658,52.7935716986,164.309475365,66.1770463522,24.2053141378,207.740588026,-7.34219773896,-17.6147973086,-3.87801568269,127.983339458,4.37532218648,3.39305849866,0.138098150752,2.0564992175,0.79995107918,1.24642384835,1.38162933758,0.102734706047,0.837391884854,0.325329492628,0.507534944247
bryson_2020_earth_20_percent_box,88,332.154304694,1.12448757137,0.00210249674161,7.02154405504,MODEL-INFERRED,25.3782982816,47.127538228,147.336239218,59.2411536237,21.5422710468,184.853188889,-6.50489384111,-15.649280857,-3.49894816144,113.903170385,3.80238523406,3.00847059225,0.135540895704,1.93968061303,0.643353498256,1.25058921642,1.25981482278,0.0999125034329,0.812252708752,0.269076335131,0.523691617963
bryson_2020_earth_20_percent_box,89,348.89888925,1.12448757137,0.00224345865513,6.09918790448,MODEL-INFERRED,22.2495731526,41.4736644138,130.266404064,52.2818254485,18.8903034107,162.0636853,-5.67474200721,-13.6960258743,-3.11398014373,99.8800924536,3.24606281209,2.62675066336,0.132101237172,1.8057838177,0.512543158147,1.24140263548,1.13507752021,0.0968205559268,0.780319444254,0.221218302164,0.53643775358
bryson_2020_earth_20_percent_box,90,367.072707727,1.12448757137,0.00224345865513,5.25812989448,MODEL-INFERRED,19.3668024232,36.2508389197,114.371812597,45.8172462375,16.4464594643,141.065529296,-4.91337010367,-11.8999713501,-2.75183495022,86.9561750406,2.74774923724,2.27620157802,0.12787267755,1.66518754586,0.397842720062,1.21819156513,1.01686045158,0.0936489687136,0.743898684633,0.177534153809,0.544209632834
bryson_2020_earth_20_percent_box,91,385.577601103,1.12448757137,0.00210249674161,4.53963450439,MODEL-INFERRED,16.8787951856,31.7305477804,100.508878578,40.1923547434,14.3369144171,122.942713434,-4.25929503741,-10.3528024679,-2.43290796368,75.799297503,2.33011354084,1.9745088395,0.123156853618,1.52882978358,0.269161262294,1.18374780623,0.912423806697,0.0906708174169,0.706474776417,0.124255100759,0.54701182285
bryson_2020_earth_20_percent_box,92,403.122111513,1.12448757137,0.00182943257639,3.96477787572,MODEL-INFERRED,14.8691462597,28.0675686209,89.2035699037,35.6150438136,12.6328044352,108.304233787,-3.73337405551,-9.10519994298,-2.17057010459,66.7854847141,2.00219620566,1.73183876297,0.118350004772,1.40786928222,0.192458436916,1.14450372529,0.825192647562,0.0877934154218,0.670826525689,0.0916265183607,0.545337175382
bryson_2020_earth_20_percent_box,93,418.323638983,1.12448757137,0.00144143435655,3.53582523015,MODEL-INFERRED,13.3570296375,25.3030343983,80.6264421286,32.1486972793,11.3504689221,97.2898101755,-3.33925028151,-8.16772726614,-1.97015938647,60.0019591362,1.76155817899,1.54990213775,0.11400541464,1.30979874559,0.14559793272,1.10689101728,0.757706778436,0.0852852815869,0.640326484972,0.0711354374024,0.54113018258
bryson_2020_earth_20_percent_box,94,429.862355484,1.12448757137,0.000962941204841,3.24677041245,MODEL-INFERRED,12.3313076591,23.4229141314,74.7704530598,29.7854309326,10.4805494903,89.8183396019,-3.07277586836,-7.53243832736,-1.83265320181,55.3998013653,1.60150396055,1.42684339956,0.110633574509,1.2395257138,0.118098552898,1.07679931494,0.710925190728,0.0833775235182,0.617594092505,0.0588202438336,0.536515611026
bryson_2020_earth_20_percent_box,95,436.664579485,1.12448757137,0.000424792982712,3.08950211187,MODEL-INFERRED,11.77074279,22.3935521439,71.5562916858,28.4895256051,10.0051055203,85.7351273892,-2.92747078863,-7.18546890866,-1.75695068649,52.8844566895,1.51516635066,1.35972287247,0.108626167552,1.19975952813,0.104382751247,1.05861492403,0.68498581816,0.0822524141139,0.6044012928,0.0525735210983,0.533297059667
bryson_2020_earth_20_percent_box,96,293.294363722,1.16761768751,0.000289775610161,12.7753504681,MODEL-INFERRED,44.1649930622,81.7109305887,250.909132148,101.470393757,37.454537559,321.689336947,-11.730706672,-27.5761757052,-5.63698207535,198.037328246,7.51551357325,5.2868163192,0.217211219751,2.83726210394,1.6022144938,1.52266614923,2.04757532458,0.15912525053,1.09886697828,0.620032440923,0.589726112372
bryson_2020_earth_20_percent_box,97,297.935509742,1.16761768751,0.000656877317983,12.2519809033,MODEL-INFERRED,42.4902369985,78.6849794483,242.061656126,97.8328019629,36.0363459192,309.491173021,-11.2708450306,-26.5159056044,-5.45191021035,190.539711646,7.17739479038,5.08019670048,0.214708932552,2.79565524523,1.44438537334,1.53846173898,1.98727696012,0.157101837868,1.09360750869,0.564359016796,0.601817163421
bryson_2020_earth_20_percent_box,98,306.153532971,1.16761768751,0.000983284887408,11.3889031651,MODEL-INFERRED,39.7130824076,73.6637021364,227.321127534,91.7787665298,33.6844632992,289.263586587,-10.509422397,-24.7590512606,-5.14231405894,178.105712654,6.62151740875,4.73822208762,0.210395108499,2.71944827821,1.23118121448,1.56079618074,1.88544820889,0.153604402269,1.08213139665,0.4893575619,0.621076916404
bryson_2020_earth_20_percent_box,99,317.698425222,1.16761768751,0.00124796068355,10.2990005018,MODEL-INFERRED,36.1776882194,67.2647467686,208.4233731,84.0297375706,30.6900651608,263.513131063,-9.54232608691,-22.5251137667,-4.74291218759,162.274683378,5.92323407448,4.30391355104,0.204550585449,2.60855946144,1.01331120432,1.58102210539,1.75289518556,0.148987014345,1.06241244555,0.412225090943,0.643917681878
bryson_2020_earth_20_percent_box,100,332.154304694,1.16761768751,0.00143423338181,9.10816798536,MODEL-INFERRED,32.276133034,60.1926204397,187.382306133,75.4193317674,27.3850082065,235.095434995,-8.47845952426,-20.0636576165,-4.29447379669,144.800800861,5.16640606835,3.82595955499,0.197471866723,2.46674825215,0.817078649738,1.59041068051,1.60284021451,0.143670636059,1.03341481811,0.341900750055,0.666283623671
bryson_2020_earth_20_percent_box,101,348.89888925,1.16761768751,0.00153039157217,7.93116636014,MODEL-INFERRED,28.3766605499,53.1107987464,166.139166079,66.7461249025,24.0811446339,206.692605371,-7.41926678057,-17.6081301847,-3.83725191756,127.332418036,4.42637854046,3.3497769177,0.189488141781,2.30283484278,0.652771336772,1.58310491815,1.44858259203,0.138049024207,0.995841379148,0.281946516446,0.684600282981
bryson_2020_earth_20_percent_box,102,367.072707727,1.16761768751,0.00153039157217,6.855033567,MODEL-INFERRED,24.7698715446,46.5454701985,146.279961165,58.6575481457,21.0247002196,180.421320586,-6.44382249408,-15.3416234217,-3.40513252426,111.171222528,3.7589277753,2.91078616969,0.180989169459,2.12942690368,0.508105253569,1.55781245126,1.30180471334,0.132497262618,0.952353700447,0.226969496328,0.696707855995
bryson_2020_earth_20_percent_box,103,385.577601103,1.16761768751,0.00143423338181,5.93328799664,MODEL-INFERRED,21.6456623973,40.8442973976,128.894345225,51.5934398882,18.3766660966,157.664828155,-5.60267549803,-13.3824558863,-3.02264309774,97.1688301353,3.19614835468,2.53159394554,0.17248000182,1.96017163683,0.344710583627,1.51772872288,1.17166392992,0.12744377882,0.907200148491,0.159341876348,0.702430183612
bryson_2020_earth_20_percent_box,104,403.122111513,1.16761768751,0.00124796068355,5.19400026982,MODEL-INFERRED,19.1140168075,36.210980308,114.669565061,45.8262451911,16.2306332252,139.224366085,-4.92409365169,-11.7979786604,-2.70637959753,85.8195218912,2.75221139797,2.2256126184,0.164487934623,1.8092744582,0.247066870919,1.47081933219,1.06256257843,0.122788832202,0.863792430676,0.117811067247,0.702205572116
bryson_2020_earth_20_percent_box,105,418.323638983,1.16761768751,0.000983284887408,4.64116515793,MODEL-INFERRED,17.2041657325,32.7059645147,103.848738114,41.4473826053,14.6115180839,125.312957778,-4.41418545158,-10.6046007988,-2.4636078929,77.2558983269,2.4254406427,1.995617806,0.157646067495,1.6864662841,0.187263047799,1.42520703055,0.977899490567,0.11886784088,0.826408000129,0.0916553337827,0.698384843498
bryson_2020_earth_20_percent_box,106,429.862355484,1.16761768751,0.000656877317983,4.26799791193,MODEL-INFERRED,15.9061647383,30.3182262993,96.4464740324,38.4562856999,13.5110228721,115.858245025,-4.06871265325,-9.79452062684,-2.29639281338,71.4348093658,2.20772344843,1.83976011053,0.15251632913,1.59823423155,0.152093035598,1.38841615505,0.919075019015,0.115954792312,0.798417765632,0.075897050934,0.693600538898
bryson_2020_earth_20_percent_box,107,436.664579485,1.16761768751,0.000289775610161,4.06473230883,MODEL-INFERRED,15.1959315504,29.0095444163,92.3785805072,36.814124319,12.9088274965,110.684855096,-3.88007140027,-9.35160452913,-2.20409304479,68.2493127524,2.09018819358,1.75464829469,0.149521607665,1.54822431298,0.134525979123,1.36608489037,0.886408824449,0.114260840504,0.782128075126,0.067890608972,0.690115338462
bryson_2020_earth_20_percent_box,108,293.294363722,1.19366876553,0.000129271027576,14.7894946991,MODEL-INFERRED,50.4467608834,93.614140803,286.596965499,115.968481205,42.7693997872,367.44129016,-13.5742903793,-31.6408190877,-6.29268883625,226.147591784,8.88741877778,6.03862212617,0.276452128413,3.24073179096,1.82809537164,1.7391951875,2.33926151913,0.198137189227,1.25540545741,0.707634884865,0.673735214982
bryson_2020_earth_20_percent_box,109,297.935509742,1.19366876553,0.00029303779514,14.1903578022,MODEL-INFERRED,48.5646749182,90.2014496854,276.666982119,111.8828912,41.1762862879,353.733275822,-13.0515940046,-30.4441598528,-6.09037185226,217.72392891,8.49619410508,5.80631090717,0.272325853217,3.19523918071,1.64919472009,1.75835458782,2.27181671711,0.195305243221,1.25019102524,0.644590967298,0.68798578152
bryson_2020_earth_20_percent_box,110,306.153532971,1.19366876553,0.00043865060874,13.201564091,MODEL-INFERRED,45.4398672064,84.5317514251,260.101740337,105.074435853,38.5310257536,330.973941078,-12.1848662697,-28.4587089062,-5.7515550853,203.737031293,7.85176609204,5.42133945086,0.26532829242,3.11151566191,1.40733194737,1.78581876343,2.15776994988,0.19044531892,1.23842733972,0.559558882351,0.710781182142
bryson_2020_earth_20_percent_box,111,317.698425222,1.19366876553,0.000556724424968,11.9514773246,MODEL-INFERRED,41.4546866619,77.2939732658,238.824702466,96.3431627143,35.1569188666,301.947934852,-11.0816657884,-25.9292311445,-5.31376644833,185.896714088,7.03986179043,4.93153628293,0.256078631165,2.98895539553,1.1599774549,1.81157632103,2.00903161199,0.184067441988,1.21765420184,0.472059403734,0.738008175886
bryson_2020_earth_20_percent_box,112,332.154304694,1.19366876553,0.0006398220435,10.5836764072,MODEL-INFERRED,37.0469215663,69.2777657799,215.07959429,86.6185515571,31.4243145521,269.843740083,-9.86488089596,-23.1355056135,-4.82129423379,166.161224096,6.15648906099,4.39129990588,0.245241814858,2.83124565531,0.936927788301,1.82541664941,1.84027007219,0.176779031728,1.18649528799,0.392209921594,0.764980689359
bryson_2020_earth_20_percent_box,113,348.89888925,1.19366876553,0.000682718918334,9.2295879049,MODEL-INFERRED,32.6304520862,61.2314613148,191.044188897,76.7973173569,27.6835621665,237.675793278,-8.64991375996,-20.3411215082,-4.3180660915,146.38269723,5.2888523522,3.85170804885,0.233477676684,2.64789199909,0.74987922738,1.8203176227,1.66634128786,0.169150881846,1.14554159036,0.324046848079,0.787513065178
bryson_2020_earth_20_percent_box,114,367.072707727,1.19366876553,0.000682718918334,7.98944958236,MODEL-INFERRED,28.5348647712,53.7536974141,168.514354347,67.6133604573,24.2138459149,207.844682005,-7.52773053815,-17.7548861156,-3.84129465192,128.036950772,4.50258821331,3.35296122673,0.22142901787,2.45290633765,0.584742380606,1.79445841882,1.50041549884,0.161707101566,1.09765023731,0.261360532779,0.803001598158
bryson_2020_earth_20_percent_box,115,385.577601103,1.19366876553,0.0006398220435,6.92546741219,MODEL-INFERRED,24.9784216999,47.2450216836,148.740068596,59.5719324575,21.2001880293,181.940237062,-6.55740233045,-15.5137079486,-3.41816988443,112.102367123,3.83660225052,2.92106870124,0.209775464684,2.26173554708,0.397394628548,1.75122470853,1.35294514272,0.155001351497,1.0475632159,0.18383251442,0.811111002695
bryson_2020_earth_20_percent_box,116,403.122111513,1.19366876553,0.000556724424968,6.07079381652,MODEL-INFERRED,22.0900496561,41.9444137804,132.523498946,52.9917045061,18.7523057479,160.901680617,-5.7727325199,-13.6971652229,-3.06734554145,99.1579871715,3.30918401258,2.57177973614,0.199157883399,2.09068521191,0.285253324444,1.69958748561,1.22901507899,0.148937789231,0.99910719987,0.136140323554,0.812207444721
bryson_2020_earth_20_percent_box,117,418.323638983,1.19366876553,0.00043865060874,5.43083290399,MODEL-INFERRED,19.9070644198,37.9278042172,120.164124881,47.9861207328,16.902017026,145.000949165,-5.18197900602,-12.3266155339,-2.79735060012,89.3727435117,2.91978648071,2.3087483753,0.190272644428,1.95108817014,0.216460940972,1.64883496547,1.13265142107,0.143903458946,0.957186505111,0.10605178887,0.808903770857
bryson_2020_earth_20_percent_box,118,429.862355484,1.19366876553,0.00029303779514,4.99841213658,MODEL-INFERRED,18.4213973722,35.1881491808,111.697499211,44.5621710806,15.6426585804,134.17937935,-4.7811696359,-11.3950958067,-2.61098756624,82.712104957,2.65980884581,2.13025985286,0.183715575753,1.85059682479,0.175950787541,1.60764828917,1.06559546254,0.140202715175,0.925702832374,0.0878967183369,0.80417547183
bryson_2020_earth_20_percent_box,119,436.664579485,1.19366876553,0.000129271027576,4.76271017197,MODEL-INFERRED,17.6077671557,33.685408218,107.040527943,42.6807090187,14.9529264179,128.252892224,-4.56211629842,-10.8853791232,-2.50796553897,79.0639708209,2.51929374519,2.03270501292,0.179924149575,1.79356930482,0.155698465596,1.58256649674,1.02832137082,0.138065046577,0.907345450751,0.0786632126565,0.80060163132
